timestamp,open,high,price_validation,hourly_volatility,low,close,price_change,volume
2025-05-09T17:14:40,102774.6,103049.1,Valid,275,102774.6,103028.9,254,34.71787139
2025-05-09T17:29:36,103028.9,103216.1,Valid,260,102956.1,103127.9,99,24.62688942
2025-05-09T17:44:32,103119.1,103234,Valid,125,103109.4,103201.3,82,25.83614994
2025-05-09T17:59:28,103201.3,103247.6,Valid,233,103014.5,103108.4,-93,19.6622602
2025-05-09T18:14:24,103108.5,103224.9,Valid,292,102933.4,103176.9,68,19.86173308
2025-05-09T18:29:20,103177,103353,Valid,199,103154,103316.9,140,19.3824786
2025-05-09T18:44:16,103317,103372.1,Valid,180,103191.7,103191.7,-125,10.76875142
2025-05-09T18:59:12,103181.4,103292.6,Valid,149,103143.8,103143.9,-37,11.74038594
2025-05-09T19:14:08,103143.9,103143.9,Valid,246,102897.6,102992.9,-151,17.81065645
2025-05-09T19:29:04,102993,103106.9,Valid,209,102898,103087,94,32.99529659
2025-05-09T19:44,103088.9,103207.2,Valid,147,103059.9,103189.8,101,12.1818278
2025-05-09T20:01:04,103194.1,103415.6,Valid,250,103166.1,103306.3,112,18.50467481
2025-05-09T20:16,103306.4,103353.7,Valid,61,103292.9,103319.3,13,6.56608427
2025-05-09T20:30:56,103319.2,103319.3,Valid,128,103191.8,103223,-96,10.44724931
2025-05-09T20:45:52,103223,103250.1,Valid,141,103109.1,103176.9,-46,13.90422449
2025-05-09T21:00:48,103177,103211.2,Valid,206,103005.5,103005.5,-171,8.55449185
2025-05-09T21:15:44,103005.6,103077.6,Valid,303,102774.8,102924.2,-81,19.66450219
2025-05-09T21:30:40,102924.2,102988.2,Valid,181,102807.5,102807.5,-117,9.95670206
2025-05-09T21:45:36,102807.4,102981.5,Valid,201,102780.9,102981.5,174,10.5089643
2025-05-09T22:00:32,102981.6,103063.6,Valid,87,102976.8,103003,21,10.44612006
2025-05-09T22:15:28,103003,103036.7,Valid,124,102912.3,103036.7,34,5.1515328
2025-05-09T22:30:24,103044,103064.5,Valid,146,102918.5,102932.5,-111,5.96688249
2025-05-09T22:45:20,102932.5,102946.4,Valid,196,102750,102775.8,-157,9.02377116
2025-05-09T23:00:16,102775.9,102873,Valid,138,102735.1,102872.9,97,6.89795276
2025-05-09T23:15:12,102872.9,102965.9,Valid,120,102845.5,102932.4,60,6.36854169
2025-05-09T23:30:08,102932.5,102975.1,Valid,88,102886.9,102915.5,-17,15.89131215
2025-05-09T23:45:04,102925,102980.1,Valid,61,102918.9,102974,49,8.07176356
2025-05-10T00:00,102973.9,103097.6,Valid,174,102923.4,102998.1,24,16.87817713
2025-05-10T00:14:56,102998,103121.5,Valid,204,102917.4,102933.6,-64,16.50306178
2025-05-10T00:29:52,102933.5,102984.7,Valid,111,102873.4,102873.5,-60,12.44152065
2025-05-10T00:44:48,102872,102941.7,Valid,127,102814.7,102862.1,-10,16.01698961
2025-05-10T00:59:44,102862.2,102971.1,Valid,114,102857.6,102946.6,84,5.26982816
2025-05-10T01:14:40,102946.6,103075.6,Valid,129,102946.6,103056.2,110,6.89779517
2025-05-10T01:29:36,103056.1,103117.1,Valid,101,103016.5,103016.5,-40,20.23313617
2025-05-10T01:44:32,103016.4,103062.3,Valid,173,102889.3,102974.3,-42,11.49750411
2025-05-10T01:59:28,102974.4,103045.4,Valid,101,102944.9,103045.3,71,4.71539463
2025-05-10T02:14:24,103045.3,103082,Valid,132,102949.7,103003.6,-42,6.50468522
2025-05-10T02:29:20,103003.5,103234.6,Valid,240,102994.6,103174.8,171,8.62962763
2025-05-10T02:44:16,103185,103269.2,Valid,164,103105.5,103144.7,-40,10.75085729
2025-05-10T02:59:12,103144.7,103165,Valid,93,103072.2,103102.4,-42,6.81546529
2025-05-10T03:14:08,103102.4,103102.4,Valid,120,102982.8,103026.3,-76,8.15848595
2025-05-10T03:29:04,103026.3,103179.9,Valid,154,103026.3,103179.9,154,7.31371651
2025-05-10T03:44,103179.9,103225.9,Valid,71,103154.5,103222.5,43,4.293865
2025-05-10T03:58:56,103222.5,103222.5,Valid,166,103056.1,103122.5,-100,8.56136465
2025-05-10T04:16,103122.5,103202.8,Valid,162,103040.7,103124.7,2,10.44822505
2025-05-10T04:30:56,103124.6,103183.5,Valid,115,103068.4,103142.1,18,5.90100489
2025-05-10T04:45:52,103142.2,103179,Valid,58,103121.5,103152.8,11,2.51726447
2025-05-10T05:00:48,103152.9,103205.5,Valid,73,103132.3,103145.9,-7,12.10793155
2025-05-10T05:15:44,103145.8,103320,Valid,214,103105.9,103185.3,40,26.82407576
2025-05-10T05:30:40,103185.2,103244.7,Valid,134,103110.9,103235.3,50,10.74465666
2025-05-10T05:45:36,103235.3,103355.3,Valid,212,103143.6,103355.2,120,6.87111234
2025-05-10T06:00:32,103355.3,103491.7,Valid,137,103355.2,103392.3,37,20.95461059
2025-05-10T06:15:28,103392.2,103730,Valid,338,103392.2,103723,331,22.19875553
2025-05-10T06:30:24,103723,103873,Valid,251,103621.9,103646.1,-77,23.69339803
2025-05-10T06:45:20,103644.9,103936.2,Valid,391,103545.4,103936.1,291,25.45800105
2025-05-10T07:00:16,103936.1,104100,Valid,309,103790.6,103791.7,-144,35.39089634
2025-05-10T07:15:12,103791.7,103875.6,Valid,216,103659.6,103729.1,-63,14.59240066
2025-05-10T07:30:08,103729.1,103811.7,Valid,156,103655.3,103655.4,-74,9.03099462
2025-05-10T07:45:04,103655.3,103877.5,Valid,251,103626.2,103762.1,107,19.66865975
2025-05-10T08:00,103762,104083.8,Valid,357,103727.2,103802.1,40,22.89025199
2025-05-10T08:14:56,103802.1,104002.3,Valid,267,103735.4,104002.2,200,23.7082693
2025-05-10T08:29:52,104002.2,104002.3,Valid,130,103872.1,103877.5,-125,10.60586646
2025-05-10T08:44:48,103877.6,103900.3,Valid,446,103454.5,103614.9,-263,37.95733267
2025-05-10T08:59:44,103620.5,103657.4,Valid,304,103353.6,103460.9,-160,44.22632049
2025-05-10T09:14:40,103460.8,103622.9,Valid,212,103410.9,103579.1,118,13.96765648
2025-05-10T09:29:36,103579.1,103900,Valid,371,103529.5,103730.3,151,19.70173261
2025-05-10T09:44:32,103730.4,103867.5,Valid,137,103730.3,103756.7,26,15.81535601
2025-05-10T09:59:28,103758,103884.5,Valid,157,103727.1,103822.4,64,11.63407953
2025-05-10T10:14:24,103812.9,103865.9,Valid,126,103739.7,103746.8,-66,32.862437
2025-05-10T10:29:20,103746.8,103843.3,Valid,176,103667.6,103716.1,-31,19.11243745
2025-05-10T10:44:16,103716.2,103795,Valid,219,103576.1,103578.5,-138,26.23101965
2025-05-10T10:59:12,103578.6,103646.9,Valid,138,103508.5,103608.6,30,31.42420192
2025-05-10T11:14:08,103608.6,103621,Valid,90,103530.9,103540,-69,13.3681383
2025-05-10T11:29:04,103540,103547.4,Valid,168,103379.4,103442.2,-98,17.84773029
2025-05-10T11:44,103442.3,103491.1,Valid,104,103386.8,103409.7,-33,17.51822123
2025-05-10T12:01:04,103409.7,103648.1,Valid,238,103409.7,103584.7,175,17.04347643
2025-05-10T12:16,103587.7,103774,Valid,232,103541.8,103724,136,18.90520577
2025-05-10T12:30:56,103719.4,103818.2,Valid,181,103637.7,103649.6,-70,16.7690215
2025-05-10T12:45:52,103649.6,103720.1,Valid,87,103633.6,103688.4,39,10.27819385
2025-05-10T13:00:48,103688.5,103798.2,Valid,123,103675.6,103675.9,-13,11.03224372
2025-05-10T13:15:44,103675.8,103675.9,Valid,149,103527.2,103589.7,-86,10.30536526
2025-05-10T13:30:40,103589.4,103644.2,Valid,106,103538.5,103586.2,-3,8.22721918
2025-05-10T13:45:36,103586.2,103706.6,Valid,120,103586.2,103628.7,43,16.23749291
2025-05-10T14:00:32,103628.8,103667,Valid,129,103538.5,103558.5,-70,10.87043875
2025-05-10T14:15:28,103558.5,103567.2,Valid,147,103420,103498.5,-60,15.5484463
2025-05-10T14:30:24,103498.5,103540.3,Valid,82,103458.1,103540.2,42,13.77936725
2025-05-10T14:45:20,103540.2,103616.8,Valid,171,103446.1,103520.1,-20,16.41064855
2025-05-10T15:00:16,103520.1,103534.3,Valid,98,103436.3,103479.8,-40,10.0423317
2025-05-10T15:15:12,103479.8,103498.2,Valid,91,103406.8,103476.8,-3,11.12462871
2025-05-10T15:30:08,103476.8,103498.1,Valid,344,103154.6,103319.1,-158,20.98385972
2025-05-10T15:45:04,103319.1,103389,Valid,297,103091.6,103141,-178,28.36597729
2025-05-10T16:00,103141,103259.2,Valid,129,103130.6,103247.5,107,22.33110585
2025-05-10T16:14:56,103247.6,103529.5,Valid,282,103247.5,103315.9,68,27.83740065
2025-05-10T16:29:52,103315.8,103495.3,Valid,205,103290.8,103364.2,48,11.60194936
2025-05-10T16:44:48,103364.2,103457,Valid,204,103252.7,103430.9,67,15.6409661
2025-05-10T16:59:44,103430.9,103500,Valid,118,103381.9,103391.3,-40,16.60363291
2025-05-10T17:14:40,103391.3,103518.8,Valid,199,103319.4,103420.7,29,13.66950894
2025-05-10T17:29:36,103420.7,103613.2,Valid,199,103414.4,103423,2,26.60283451
2025-05-10T17:44:32,103423.1,103457.3,Valid,297,103160,103173.3,-250,34.76010568
2025-05-10T17:59:28,103170.2,103313.7,Valid,159,103154.7,103300.7,131,15.40169273
2025-05-10T18:14:24,103300.8,103303.9,Valid,200,103103.9,103227,-74,29.49631765
2025-05-10T18:29:20,103227,103243.4,Valid,240,103003.1,103135.8,-91,30.01258785
2025-05-10T18:44:16,103135.7,103304,Valid,187,103117.1,103239.7,104,30.30852794
2025-05-10T18:59:12,103239.8,103262.4,Valid,184,103078.3,103084.2,-156,9.78179893
2025-05-10T19:14:08,103084.3,103234.9,Valid,151,103084.2,103218.6,134,9.25701129
2025-05-10T19:29:04,103218.6,103303.6,Valid,103,103200.4,103258.7,40,7.20209204
2025-05-10T19:44,103258.8,103266.7,Valid,124,103143.1,103182.9,-76,6.60556684
2025-05-10T19:58:56,103182.9,103209.2,Valid,150,103059.5,103209.2,26,9.13828715
2025-05-10T20:16,103212.3,103268.1,Valid,76,103192.5,103222.6,10,7.96585605
2025-05-10T20:30:56,103222.6,103296,Valid,83,103213.5,103295.9,73,9.08518655
2025-05-10T20:45:52,103295.9,103320.1,Valid,151,103168.9,103184.8,-111,34.06605057
2025-05-10T21:00:48,103191,103343.4,Valid,178,103165.8,103272.1,81,9.88236162
2025-05-10T21:15:44,103272.1,103272.1,Valid,63,103209.2,103232.7,-39,5.45863829
2025-05-10T21:30:40,103232.7,103391.8,Valid,159,103232.6,103384.4,152,7.09865046
2025-05-10T21:45:36,103384.5,103800,Valid,442,103357.7,103758.1,374,29.26978522
2025-05-10T22:00:32,103758,103800,Valid,228,103571.7,103591,-167,16.08877514
2025-05-10T22:15:28,103590.1,103738.6,Valid,190,103548.3,103621.4,31,11.80936635
2025-05-10T22:30:24,103621.4,103836.7,Valid,215,103621.3,103657.7,36,13.30850766
2025-05-10T22:45:20,103657.7,103730.8,Valid,139,103592.1,103593.8,-64,10.70702779
2025-05-10T23:00:16,103590.9,103976.1,Valid,404,103572.4,103976.1,385,20.81838534
2025-05-10T23:15:12,103977.9,104999.1,Valid,1021,103977.9,104804.9,827,154.29470572
2025-05-10T23:30:08,104804.9,104843.6,Valid,556,104288.1,104393.3,-412,52.67644937
2025-05-10T23:45:04,104393.3,104812.3,Valid,450,104362.1,104810.8,418,34.73092997
2025-05-11T00:00,104810.7,104968.8,Valid,351,104617.4,104633.5,-177,53.7073368
2025-05-11T00:14:56,104633.4,104657.8,Valid,739,103919.2,103925.1,-708,52.39038673
2025-05-11T00:29:52,103925.2,104411.1,Valid,486,103925.2,104409.2,484,31.29759236
2025-05-11T00:44:48,104409.2,104588.6,Valid,228,104360.8,104428.6,19,26.78005449
2025-05-11T00:59:44,104428.7,104535.8,Valid,414,104121.5,104486.6,58,19.71771033
2025-05-11T01:14:40,104469.4,104494.1,Valid,258,104235.8,104392.9,-76,14.42753946
2025-05-11T01:29:36,104392.9,104494.7,Valid,223,104272,104412.3,19,19.17087318
2025-05-11T01:44:32,104408.2,104408.2,Valid,538,103870,104129.4,-279,31.77960744
2025-05-11T01:59:28,104129.3,104138.9,Valid,246,103892.6,104013.7,-116,22.08173857
2025-05-11T02:14:24,104013.7,104266.9,Valid,253,104013.7,104153.4,140,17.06482668
2025-05-11T02:29:20,104141.3,104277.9,Valid,263,104015,104054.4,-87,19.11839825
2025-05-11T02:44:16,104054.3,104118.7,Valid,661,103457.9,103762.1,-292,48.10663427
2025-05-11T02:59:12,103762,103864.7,Valid,211,103653.9,103843.1,81,26.16742007
2025-05-11T03:14:08,103848,103988.8,Valid,212,103776.4,103988.8,141,16.15346895
2025-05-11T03:29:04,103988.8,104042.5,Valid,253,103789.2,104042.3,54,18.45825223
2025-05-11T03:44,104042.3,104190.9,Valid,182,104008.6,104012.3,-30,24.79461815
2025-05-11T04:01:04,104005.3,104405.5,Valid,411,103994.9,104329.2,324,38.26425072
2025-05-11T04:16,104337.9,104364.6,Valid,139,104225.9,104240.2,-98,12.41727274
2025-05-11T04:30:56,104240.3,104293.8,Valid,214,104080.1,104167.7,-73,18.13255089
2025-05-11T04:45:52,104167.7,104197.4,Valid,59,104138.8,104156.5,-11,5.5113961
2025-05-11T05:00:48,104156.6,104207.9,Valid,144,104064.2,104119.4,-37,15.19690953
2025-05-11T05:15:44,104119.4,104119.4,Valid,267,103852.6,103881.4,-238,15.575853
2025-05-11T05:30:40,103881.4,104023.6,Valid,160,103863.9,103985.8,104,7.20790644
2025-05-11T05:45:36,103985.8,103997.5,Valid,189,103808.6,103840.3,-145,7.68390537
2025-05-11T06:00:32,103840.3,103895.4,Valid,180,103715.5,103794.3,-46,26.36102107
2025-05-11T06:15:28,103794.4,103968.9,Valid,184,103785.3,103948.1,154,6.53565816
2025-05-11T06:30:24,103948.1,103985.1,Valid,311,103674.2,103764.8,-183,19.97476178
2025-05-11T06:45:20,103761.5,103862.8,Valid,249,103613.4,103862.7,101,17.20379355
2025-05-11T07:00:16,103862.8,103863.7,Valid,257,103607.2,103692,-171,26.65415218
2025-05-11T07:15:12,103699.8,103800,Valid,223,103576.7,103670.8,-29,26.25982051
2025-05-11T07:30:08,103670.8,103705.1,Valid,312,103393.5,103403.5,-267,31.14012032
2025-05-11T07:45:04,103402.1,103591.1,Valid,252,103339.2,103380.7,-21,23.30830266
2025-05-11T08:00,103380.7,103799.1,Valid,419,103380.6,103799,418,14.4427262
2025-05-11T08:14:56,103799,104013.8,Valid,215,103799,103846.5,48,23.56447856
2025-05-11T08:29:52,103846.4,103961.8,Valid,224,103737.8,103955.8,109,27.38874011
2025-05-11T08:44:48,103955.8,103955.8,Valid,165,103790.4,103823.6,-132,11.64435805
2025-05-11T08:59:44,103823.6,104250.8,Valid,432,103819,104250.8,427,19.81331157
2025-05-11T09:14:40,104250.8,104312.5,Valid,195,104117.7,104309.1,58,20.7987144
2025-05-11T09:29:36,104309.1,104323,Valid,86,104237.4,104269.6,-39,11.54057537
2025-05-11T09:44:32,104269.7,104474.5,Valid,205,104269.6,104346.1,76,13.12608603
2025-05-11T09:59:28,104342.3,104405.1,Valid,125,104280.2,104280.2,-62,10.80015116
2025-05-11T10:14:24,104280.2,104487.4,Valid,299,104188.1,104487.3,207,16.00341859
2025-05-11T10:29:20,104487.3,104520.3,Valid,158,104362.6,104364.8,-122,10.82186484
2025-05-11T10:44:16,104362.6,104650.6,Valid,309,104341.2,104650.6,288,16.81527888
2025-05-11T10:59:12,104641.3,104764.5,Valid,364,104400.1,104424.8,-216,27.32685304
2025-05-11T11:14:08,104424.8,104540.9,Valid,170,104371,104527.2,102,13.16396087
2025-05-11T11:29:04,104531.9,104539.6,Valid,138,104402.1,104510.8,-21,36.36930365
2025-05-11T11:44,104510.7,104678.1,Valid,269,104409,104648.7,138,14.81651296
2025-05-11T11:58:56,104648.7,104887.6,Valid,258,104629.6,104838.2,190,34.32975273
2025-05-11T12:16,104838.2,104838.2,Valid,205,104633.1,104658.6,-180,15.41697063
2025-05-11T12:30:56,104658.6,104787.4,Valid,269,104518.7,104565.9,-93,17.36880208
2025-05-11T12:45:52,104566,104781.6,Valid,227,104554.4,104596,30,14.99999046
2025-05-11T13:00:48,104596.1,104653.3,Valid,128,104525.3,104587.4,-9,15.28188187
2025-05-11T13:15:44,104593.8,104593.9,Valid,353,104240.5,104326.3,-267,16.31375465
2025-05-11T13:30:40,104326.2,104513.6,Valid,345,104168.2,104312.2,-14,32.11325798
2025-05-11T13:45:36,104305.1,104422.2,Valid,485,103937,103968.5,-337,31.82400019
2025-05-11T14:00:32,103968.5,104046.1,Valid,146,103900.6,103946.9,-22,25.17969613
2025-05-11T14:15:28,103946.8,104052.2,Valid,278,103774.6,103915.7,-31,39.73283981
2025-05-11T14:30:24,103911.6,104274.7,Valid,398,103876.3,104243.3,332,24.4495326
2025-05-11T14:45:20,104243.3,104287.3,Valid,182,104105.1,104162.1,-81,12.86385798
2025-05-11T15:00:16,104162.1,104552.4,Valid,481,104071.1,104500.1,338,20.64826924
2025-05-11T15:15:12,104500.1,104669,Valid,373,104295.8,104338.8,-161,17.4268246
2025-05-11T15:30:08,104340.4,104438.2,Valid,184,104254.3,104256.8,-84,6.26937557
2025-05-11T15:45:04,104266.6,104379.7,Valid,473,103906.8,104140.4,-126,33.7455172
2025-05-11T16:00,104140.5,104174.3,Valid,367,103807.6,104039.9,-101,23.52847948
2025-05-11T16:14:56,104039.8,104083.3,Valid,335,103748.8,104072.7,33,28.27920294
2025-05-11T16:29:52,104080.7,104117.9,Valid,205,103913.2,103948.5,-132,15.76230477
2025-05-11T16:44:48,103948.5,103979.8,Valid,171,103808.7,103979.8,31,9.31480543
2025-05-11T16:59:44,103979.9,104042.9,Valid,218,103824.6,104032.3,52,20.76152252
2025-05-11T17:14:40,104032.4,104148.7,Valid,372,103776.4,103919.7,-113,17.16032249
2025-05-11T17:29:36,103919.6,104017.4,Valid,208,103809.6,104008,88,25.76447712
2025-05-11T17:44:32,104009.3,104095.3,Valid,196,103899,104029.1,20,21.00622981
2025-05-11T17:59:28,104029.1,104099.1,Valid,224,103875.2,103920.3,-109,46.01234953
2025-05-11T18:14:24,103920.4,104049.1,Valid,158,103891.1,103924.8,4,18.7054072
2025-05-11T18:29:20,103923.5,104600,Valid,739,103861.1,104493.2,570,35.72315616
2025-05-11T18:44:16,104493.3,104839.9,Valid,347,104493.2,104556.4,63,29.98431248
2025-05-11T18:59:12,104538.2,104660.6,Valid,232,104428.2,104586.1,48,20.00160635
2025-05-11T19:14:08,104586.2,104638.8,Valid,181,104458.2,104523.8,-62,14.25799435
2025-05-11T19:29:04,104523.8,104625.2,Valid,160,104464.9,104464.9,-59,15.8621506
2025-05-11T19:44,104464.9,104590.9,Valid,238,104353.1,104421.5,-43,14.33384847
2025-05-11T20:01:04,104421.5,104437.4,Valid,279,104158.5,104387.9,-34,19.50220763
2025-05-11T20:16,104388,104407.5,Valid,161,104246.7,104383.8,-4,18.09841486
2025-05-11T20:30:56,104383.8,104444.9,Valid,158,104286.6,104294.3,-89,14.36696445
2025-05-11T20:45:52,104294.3,104324.2,Valid,80,104244.2,104272.5,-22,12.05895729
2025-05-11T21:00:48,104272.6,104283.4,Valid,293,103990.8,104014.4,-258,12.16423625
2025-05-11T21:15:44,104014.5,104258.4,Valid,244,104014.4,104191.3,177,8.17006051
2025-05-11T21:30:40,104191.3,104206.7,Valid,257,103950.1,104085,-106,11.7298823
2025-05-11T21:45:36,104084.9,104393.8,Valid,363,104031.3,104357.1,272,20.4103492
2025-05-11T22:00:32,104357.1,104582.6,Valid,782,103801,104109.9,-247,39.17005279
2025-05-11T22:15:28,104107.5,104200,Valid,343,103857.4,103956.3,-151,14.64817105
2025-05-11T22:30:24,103949.7,104028.8,Valid,455,103574,103574.1,-376,25.75397714
2025-05-11T22:45:20,103574.1,103805.5,Valid,232,103573.9,103796.5,222,15.55909138
2025-05-11T23:00:16,103796.5,103991.8,Valid,230,103761.6,103886.9,90,14.38146868
2025-05-11T23:15:12,103884.4,104019.4,Valid,208,103811.9,103988,104,9.09116515
2025-05-11T23:30:08,103987.9,104007,Valid,235,103771.7,104006.9,19,9.23173982
2025-05-11T23:45:04,104002.4,104124,Valid,212,103912.1,104100.4,98,16.20933143
2025-05-12T00:00,104107.1,104317,Valid,251,104066,104306.6,200,15.73559247
2025-05-12T00:14:56,104306.7,104471.8,Valid,178,104293.8,104385,78,21.22687179
2025-05-12T00:29:52,104397.5,104622,Valid,289,104333.4,104336.4,-61,25.22068351
2025-05-12T00:44:48,104336.4,104630.4,Valid,326,104304.9,104581.9,246,15.39436656
2025-05-12T00:59:44,104581.9,105105.1,Valid,585,104519.7,104742.9,161,79.82698279
2025-05-12T01:14:40,104752.5,104783.5,Valid,614,104169.5,104277.7,-475,20.38818858
2025-05-12T01:29:36,104277.8,104283.1,Valid,528,103755.2,104005.3,-272,43.55115033
2025-05-12T01:44:32,104005.3,104078.2,Valid,185,103893.5,103980.4,-25,10.76249488
2025-05-12T01:59:28,103983.4,104191.1,Valid,264,103927.4,103993.9,11,16.8863024
2025-05-12T02:14:24,104003.9,104194.7,Valid,298,103896.8,103964.7,-39,18.91763732
2025-05-12T02:29:20,103951.5,104109.9,Valid,227,103883.3,103910.7,-41,22.41806853
2025-05-12T02:44:16,103910.7,103993.4,Valid,278,103715.5,103877.4,-33,15.51836529
2025-05-12T02:59:12,103884.9,103896.5,Valid,182,103714.6,103888.6,4,12.56986945
2025-05-12T03:14:08,103888.6,104047.4,Valid,284,103763.5,103859,-30,13.24482382
2025-05-12T03:29:04,103859,103963.9,Valid,167,103797.3,103948.6,90,8.21580908
2025-05-12T03:44,103947.4,104088.7,Valid,215,103873.4,104088.7,141,6.7008728
2025-05-12T03:58:56,104088.8,104122.8,Valid,166,103956.9,104050.7,-38,5.52565371
2025-05-12T04:16,104050.8,104169.6,Valid,353,103816.6,103887.5,-163,12.22590611
2025-05-12T04:30:56,103887.6,103995.6,Valid,154,103841.5,103967.9,80,9.15355308
2025-05-12T04:45:52,103967.9,104101.8,Valid,197,103905.3,104061.8,94,9.93507744
2025-05-12T05:00:48,104061.9,104061.9,Valid,201,103860.6,103917.4,-144,6.1898957
2025-05-12T05:15:44,103917.4,103945.7,Valid,169,103777.2,103797.4,-120,8.31985627
2025-05-12T05:30:40,103797.5,103967,Valid,217,103750,103967,170,8.86595132
2025-05-12T05:45:36,103966.9,104000,Valid,151,103849.4,103946.4,-20,6.67330514
2025-05-12T06:00:32,103946.5,103999.9,Valid,175,103825.4,103946.8,0,12.165506
2025-05-12T06:15:28,103946.7,104219.6,Valid,422,103798.1,104200,253,10.75976389
2025-05-12T06:30:24,104200,104371.6,Valid,199,104172.9,104337.7,138,13.05305655
2025-05-12T06:45:20,104337.8,104406.3,Valid,132,104274.7,104368.4,31,19.69695669
2025-05-12T07:00:16,104368.5,105800,Valid,1432,104368.5,105592.1,1224,185.49514468
2025-05-12T07:15:12,105592.2,105740.6,Valid,510,105230.6,105437.7,-154,72.66623986
2025-05-12T07:30:08,105440.9,105681.6,Valid,1024,104657.8,104728.7,-712,95.76822139
2025-05-12T07:45:04,104728.7,104742.8,Valid,591,104151.9,104467.9,-261,58.24305505
2025-05-12T08:00,104472.7,104526.5,Valid,452,104074.3,104288.8,-184,53.48654983
2025-05-12T08:14:56,104288.9,104427.7,Valid,296,104131.9,104289.6,1,28.3475632
2025-05-12T08:29:52,104289.9,104521.9,Valid,304,104218.4,104514.3,224,23.62386509
2025-05-12T08:44:48,104514.2,104729.7,Valid,238,104491.7,104605.6,91,20.79344903
2025-05-12T08:59:44,104605.6,104667.6,Valid,268,104400,104407.2,-198,21.63341352
2025-05-12T09:14:40,104407.3,104540,Valid,175,104365,104514.8,108,20.4157022
2025-05-12T09:29:36,104513.2,104541.1,Valid,162,104379.6,104524.6,11,19.34408711
2025-05-12T09:44:32,104519.6,104523.7,Valid,156,104368.2,104457.2,-62,11.84595382
2025-05-12T09:59:28,104448.7,104545,Valid,334,104211.1,104273,-176,35.55984886
2025-05-12T10:14:24,104273.1,104331.4,Valid,171,104160.7,104328.4,55,15.74829508
2025-05-12T10:29:20,104328.3,104534.1,Valid,255,104279.4,104377.9,50,19.31142839
2025-05-12T10:44:16,104377.9,104520.5,Valid,202,104318.5,104517.6,140,10.16305062
2025-05-12T10:59:12,104517.6,104625,Valid,234,104391,104475.4,-42,26.59835649
2025-05-12T11:14:08,104475.3,104506.6,Valid,205,104301.2,104356.4,-119,19.99513559
2025-05-12T11:29:04,104356.4,104372.6,Valid,225,104148.1,104153.1,-203,24.61112794
2025-05-12T11:44,104153.2,104245.6,Valid,629,103616.2,103753.9,-399,65.54297388
2025-05-12T12:01:04,103753.9,103939.7,Valid,217,103722.9,103936.9,183,39.27783651
2025-05-12T12:16,103936.9,104031.1,Valid,247,103784.1,103995.2,58,25.49595096
2025-05-12T12:30:56,103995.3,104142.1,Valid,270,103871.9,104110.1,115,36.18603364
2025-05-12T12:45:52,104110.1,104110.1,Valid,237,103873,103873,-237,29.71633454
2025-05-12T13:00:48,103873,104229.1,Valid,356,103873,104201.7,329,27.8010867
2025-05-12T13:15:44,104210.6,104372,Valid,232,104140.1,104157.2,-53,37.61582928
2025-05-12T13:30:40,104157.2,104448.2,Valid,778,103670.5,103793.7,-363,102.17457314
2025-05-12T13:45:36,103791.8,104625.9,Valid,834,103791.8,104303.1,511,77.75719252
2025-05-12T14:00:32,104315.7,104387.2,Valid,449,103938.7,103997,-319,79.02776277
2025-05-12T14:15:28,103993.4,104253.3,Valid,1593,102660.4,102949,-1044,118.58483956
2025-05-12T14:30:24,102949.2,103495.4,Valid,923,102572.1,103450,501,129.15719583
2025-05-12T14:45:20,103459.2,103459.2,Valid,704,102755.5,102797.7,-661,70.16513707
2025-05-12T15:00:16,102801.5,103023.3,Valid,599,102424.8,102941.5,140,87.35655478
2025-05-12T15:15:12,102941.4,103204.1,Valid,429,102775,102956,15,51.97614468
2025-05-12T15:30:08,102955.9,102982.1,Valid,491,102491.1,102623.3,-333,71.49589567
2025-05-12T15:45:04,102624.2,102711.4,Valid,316,102395.2,102540.6,-84,64.2562612
2025-05-12T16:00,102536.1,102803.8,Valid,370,102433.5,102803.7,268,65.61415832
2025-05-12T16:14:56,102810.5,103020.9,Valid,210,102810.5,102992.9,182,40.22216878
2025-05-12T16:29:52,102987.7,103018.3,Valid,264,102754.3,102909.3,-78,41.76039795
2025-05-12T16:44:48,102909.4,103071.2,Valid,226,102845.7,102863.3,-46,29.76280066
2025-05-12T16:59:44,102863.3,103087.6,Valid,271,102816.4,103002.7,139,30.46614041
2025-05-12T17:14:40,103002.7,103039.2,Valid,350,102689.1,102919.6,-83,23.95757722
2025-05-12T17:29:36,102919.7,102994.5,Valid,218,102776.7,102778.8,-141,25.87456612
2025-05-12T17:44:32,102778.9,102878.9,Valid,340,102539,102555.1,-224,38.37391604
2025-05-12T17:59:28,102555.1,102659.7,Valid,860,101800,101956.4,-599,112.18587195
2025-05-12T18:14:24,101980.5,102260.1,Valid,633,101627.6,101633,-347,59.71686687
2025-05-12T18:29:20,101633,101750.6,Valid,672,101078.4,101202,-431,100.11395915
2025-05-12T18:44:16,101201.9,101776.6,Valid,1037,100739.3,101623.3,421,123.31694285
2025-05-12T18:59:12,101623.4,102030.1,Valid,467,101562.7,101853.7,230,61.49926831
2025-05-12T19:14:08,101853.8,102104,Valid,476,101628.5,101673.1,-181,51.09962327
2025-05-12T19:29:04,101673.1,101885.8,Valid,410,101475.6,101566.1,-107,34.97130739
2025-05-12T19:44,101577.2,101930,Valid,353,101577.2,101859.3,282,35.78576193
2025-05-12T19:58:56,101859.3,101997.4,Valid,224,101773.3,101842.6,-17,24.72955936
2025-05-12T20:16,101842.7,102270.1,Valid,427,101842.7,102245.5,403,32.53512525
2025-05-12T20:30:56,102245.5,102654.1,Valid,450,102204,102522.3,277,52.34703966
2025-05-12T20:45:52,102522.3,102884.9,Valid,430,102454.9,102672.5,150,39.87957363
2025-05-12T21:00:48,102672.6,102742.3,Valid,249,102493.7,102512.2,-160,23.97399905
2025-05-12T21:15:44,102512.1,102625.5,Valid,269,102356.1,102356.1,-156,22.05862361
2025-05-12T21:30:40,102356.1,102611,Valid,255,102356.1,102523.1,167,13.48344273
2025-05-12T21:45:36,102523.1,102623.8,Valid,186,102438,102502.8,-20,12.98783902
2025-05-12T22:00:32,102502.8,102624.6,Valid,277,102347.5,102552.3,50,18.4519411
2025-05-12T22:15:28,102558,102787.2,Valid,239,102547.8,102750.1,192,13.52548924
2025-05-12T22:30:24,102750.1,102852.6,Valid,124,102728.8,102808.7,59,13.75098997
2025-05-12T22:45:20,102808.7,102930.6,Valid,141,102789.3,102855.4,47,8.28728525
2025-05-12T23:00:16,102856.4,102986.3,Valid,130,102856.4,102913.2,57,13.77567159
2025-05-12T23:15:12,102923.1,103127.5,Valid,205,102923,103090.4,167,10.57702404
2025-05-12T23:30:08,103090.5,103095.7,Valid,278,102817.6,102868.4,-222,12.53145374
2025-05-12T23:45:04,102861.7,102948.9,Valid,161,102787.7,102787.8,-74,6.52423161
2025-05-13T00:00,102787.7,102787.7,Valid,236,102551.3,102589.9,-198,21.99829373
2025-05-13T00:14:56,102589.9,102650.2,Valid,244,102405.9,102532.3,-58,21.71721542
2025-05-13T00:29:52,102537.5,102554.2,Valid,332,102222.2,102237.6,-300,26.22589274
2025-05-13T00:44:48,102241.1,102425.7,Valid,258,102168.1,102252.5,11,23.00783107
2025-05-13T00:59:44,102262.4,102636.9,Valid,392,102244.7,102540.3,278,17.43226014
2025-05-13T01:14:40,102540.4,102714.1,Valid,249,102464.7,102480.7,-60,27.84352565
2025-05-13T01:29:36,102472.7,102543.2,Valid,463,102080.2,102250.8,-222,35.29632641
2025-05-13T01:44:32,102250.8,102506.1,Valid,312,102194.2,102408,157,18.29749012
2025-05-13T01:59:28,102394.3,102707.6,Valid,648,102060,102087.8,-306,66.79135542
2025-05-13T02:14:24,102087.8,102281.7,Valid,581,101700.8,102281.7,194,56.37290268
2025-05-13T02:29:20,102281.7,102307.1,Valid,398,101909,101923.7,-358,25.4810898
2025-05-13T02:44:16,101923.7,102089.1,Valid,284,101804.8,102068.5,145,17.74312721
2025-05-13T02:59:12,102068.6,102154.1,Valid,304,101850.1,102038.5,-30,14.48222195
2025-05-13T03:14:08,102038.5,102058.8,Valid,557,101501.7,101594.5,-444,23.70422611
2025-05-13T03:29:04,101594.5,101857.5,Valid,417,101440.1,101848.3,254,37.30731492
2025-05-13T03:44,101847.8,101847.8,Valid,223,101624.6,101717.6,-130,26.42384878
2025-05-13T04:01:04,101717.6,101938.1,Valid,324,101614,101898.2,181,31.38843377
2025-05-13T04:16,101906,102371.3,Valid,479,101892.3,102371.3,465,39.29593207
2025-05-13T04:30:56,102371.4,102644.4,Valid,273,102371.4,102543.8,172,34.09684831
2025-05-13T04:45:52,102543.9,102760.9,Valid,217,102543.9,102741.6,198,30.7301366
2025-05-13T05:00:48,102738.6,102738.6,Valid,151,102587.9,102651.1,-87,28.78695175
2025-05-13T05:15:44,102651.1,102667.8,Valid,124,102543.7,102562.8,-88,14.66352153
2025-05-13T05:30:40,102562.8,102569.4,Valid,299,102270.3,102277.7,-285,14.57807062
2025-05-13T05:45:36,102277.8,102479.9,Valid,212,102267.9,102466.1,188,16.18067037
2025-05-13T06:00:32,102466.1,102682.1,Valid,216,102466.1,102632.2,166,14.32744924
2025-05-13T06:15:28,102632.3,102647.5,Valid,309,102339,102360.3,-272,13.66215865
2025-05-13T06:30:24,102360.3,102584.1,Valid,227,102357,102564.1,204,9.80833134
2025-05-13T06:45:20,102569.1,102604.3,Valid,176,102428.4,102545.1,-24,5.97178874
2025-05-13T07:00:16,102545.2,102759.4,Valid,214,102545.2,102717.8,173,12.0256204
2025-05-13T07:15:12,102717.9,102940.3,Valid,254,102686.7,102788,70,20.22789835
2025-05-13T07:30:08,102788.1,102832.4,Valid,186,102646.6,102670,-118,15.74373829
2025-05-13T07:45:04,102671.4,102743.8,Valid,111,102633.3,102665.2,-6,9.41398438
2025-05-13T08:00,102665.2,102931.8,Valid,267,102665.2,102891,226,18.84855887
2025-05-13T08:14:56,102897.9,102950,Valid,401,102548.7,102572.7,-325,24.89425236
2025-05-13T08:29:52,102572.7,102832.2,Valid,264,102568.2,102739.9,167,12.17336356
2025-05-13T08:44:48,102742.8,102810.2,Valid,143,102666.8,102715.2,-28,7.25459368
2025-05-13T08:59:44,102715.2,102975,Valid,262,102713.4,102965.2,250,20.37517866
2025-05-13T09:14:40,102973.7,103288.7,Valid,315,102973.7,103243.7,270,22.37151013
2025-05-13T09:29:36,103243.7,103435.2,Valid,232,103203.1,103332.1,88,19.86083963
2025-05-13T09:44:32,103332.2,103500,Valid,168,103332.1,103461.2,129,13.26684523
2025-05-13T09:59:28,103461.2,103513.2,Valid,179,103334.5,103414.5,-47,14.48694482
2025-05-13T10:14:24,103414.5,103494.6,Valid,226,103268.8,103494.5,80,7.53630587
2025-05-13T10:29:20,103494.6,103534.2,Valid,148,103386.4,103453.8,-41,16.0978761
2025-05-13T10:44:16,103453.8,103618.1,Valid,192,103426,103554.6,101,12.44743442
2025-05-13T10:59:12,103554.6,103561.1,Valid,111,103450.6,103450.6,-104,11.6469281
2025-05-13T11:14:08,103450.6,103646.8,Valid,196,103450.6,103602.1,152,19.2008975
2025-05-13T11:29:04,103602,103810.2,Valid,247,103563.1,103810.2,208,24.41855538
2025-05-13T11:44,103810.2,103810.6,Valid,189,103621.8,103719.9,-90,16.64050095
2025-05-13T11:58:56,103719.9,103812.2,Valid,357,103455.4,103516.5,-203,25.90504155
2025-05-13T12:16,103520.6,103675.1,Valid,230,103444.7,103546.3,26,21.34239578
2025-05-13T12:30:56,103550.4,103998,Valid,676,103322,103725.6,175,156.58270526
2025-05-13T12:45:52,103725.6,103839.8,Valid,289,103551.1,103673,-53,37.98928332
2025-05-13T13:00:48,103673.1,103797.1,Valid,304,103492.7,103546.5,-127,24.83582878
2025-05-13T13:15:44,103546.5,103826.8,Valid,287,103540,103784.3,238,20.87713397
2025-05-13T13:30:40,103784.4,103920.5,Valid,386,103534.1,103581.6,-203,51.25405757
2025-05-13T13:45:36,103581.4,103790,Valid,389,103400.8,103710.6,129,51.97311696
2025-05-13T14:00:32,103710.6,103745,Valid,751,102994,103083.7,-627,74.50411954
2025-05-13T14:15:28,103083.6,103437.5,Valid,628,102809.2,103384.5,301,47.59741461
2025-05-13T14:30:24,103389.6,103389.6,Valid,365,103024.5,103124.6,-265,28.05638414
2025-05-13T14:45:20,103124.3,103250.6,Valid,353,102897.6,103182.6,58,23.53013286
2025-05-13T15:00:16,103182.6,103860.9,Valid,730,103131.3,103739.8,557,39.39321385
2025-05-13T15:15:12,103735.1,103818,Valid,251,103567.3,103685.3,-50,19.27685236
2025-05-13T15:30:08,103675.2,103728.5,Valid,274,103454.1,103613,-62,33.15101243
2025-05-13T15:45:04,103613,103706.7,Valid,296,103410.6,103677.9,65,16.2840106
2025-05-13T16:00,103677.8,104321.4,Valid,787,103534.3,104311.8,634,42.17004329
2025-05-13T16:14:56,104311.9,104386.7,Valid,402,103984.9,104146.8,-165,27.2692332
2025-05-13T16:29:52,104150.9,104258.8,Valid,315,103943.9,103943.9,-207,32.37355827
2025-05-13T16:44:48,103937.6,103988.1,Valid,277,103711.4,103723.2,-214,21.89099884
2025-05-13T16:59:44,103723.3,103978.9,Valid,287,103691.8,103883.7,160,21.1063225
2025-05-13T17:14:40,103883.8,104033.6,Valid,248,103786,103831.6,-52,21.22284623
2025-05-13T17:29:36,103831.6,104066.3,Valid,355,103711.5,104053.7,222,11.4737533
2025-05-13T17:44:32,104058.6,104305.8,Valid,275,104030.4,104259.1,201,18.48645982
2025-05-13T17:59:28,104259.1,104426.8,Valid,252,104175,104426.7,168,17.74713423
2025-05-13T18:14:24,104426.8,104426.8,Valid,139,104287.8,104353.6,-73,10.5549597
2025-05-13T18:29:20,104350.7,104388.2,Valid,259,104129.1,104130.5,-220,14.99383255
2025-05-13T18:44:16,104130.6,104370.3,Valid,286,104084.3,104358.9,228,13.63320474
2025-05-13T18:59:12,104359,104382.1,Valid,226,104156.2,104276.8,-82,17.18268857
2025-05-13T19:14:08,104272,104663.6,Valid,484,104180,104588.9,317,25.42382363
2025-05-13T19:29:04,104588.9,104900,Valid,343,104556.9,104840.8,252,31.54092292
2025-05-13T19:44,104844.1,104972.6,Valid,496,104477,104784.8,-59,64.84073069
2025-05-13T20:01:04,104784.9,104932,Valid,541,104390.9,104578.2,-207,70.25780947
2025-05-13T20:16,104572.7,104579.5,Valid,173,104406.8,104519.4,-53,21.16146024
2025-05-13T20:30:56,104519.5,104662.7,Valid,218,104444.9,104502,-17,8.4681014
2025-05-13T20:45:52,104502,104711.8,Valid,242,104469.4,104553.3,51,10.48433508
2025-05-13T21:00:48,104553.4,104615.8,Valid,342,104274.1,104277.9,-275,15.45054538
2025-05-13T21:15:44,104279.3,104531.3,Valid,363,104168.5,104498.7,219,13.70489503
2025-05-13T21:30:40,104498.5,104608.8,Valid,303,104305.6,104317.2,-181,9.73476257
2025-05-13T21:45:36,104317.2,104378.8,Valid,154,104224.6,104337,20,8.58524212
2025-05-13T22:00:32,104337,104430,Valid,258,104171.7,104218.3,-119,13.96317901
2025-05-13T22:15:28,104209.7,104313.2,Valid,204,104109.2,104252.3,43,14.57116262
2025-05-13T22:30:24,104252.2,104336.8,Valid,207,104129.7,104225.6,-27,9.01627972
2025-05-13T22:45:20,104222.7,104252.9,Valid,162,104091.2,104123.1,-100,17.54084996
2025-05-13T23:00:16,104123.2,104175.3,Valid,306,103869.5,104125,2,20.23655898
2025-05-13T23:15:12,104125,104191.2,Valid,238,103953.2,103977,-148,13.6415425
2025-05-13T23:30:08,103977,104158.7,Valid,184,103974.9,104158.6,182,8.03522593
2025-05-13T23:45:04,104158.7,104284,Valid,159,104124.7,104124.7,-34,10.29925994
2025-05-14T00:00,104112.3,104122.2,Valid,212,103910,103955.6,-157,13.79023996
2025-05-14T00:14:56,103955.5,104078,Valid,269,103809,103901,-54,15.82548048
2025-05-14T00:29:52,103901.1,104013.3,Valid,246,103766.9,103837.8,-63,12.83058606
2025-05-14T00:44:48,103837.6,104001.8,Valid,199,103803.1,103915,77,14.7287708
2025-05-14T00:59:44,103911.4,104035.9,Valid,220,103816.1,104017.9,107,28.69606919
2025-05-14T01:14:40,104025.1,104050.5,Valid,229,103821.8,103882.6,-142,18.11528944
2025-05-14T01:29:36,103892.1,104070.5,Valid,196,103874.1,104017.1,125,23.25258335
2025-05-14T01:44:32,104009.5,104073.8,Valid,386,103687.8,103737.8,-272,37.67233343
2025-05-14T01:59:28,103737.8,103788.8,Valid,293,103496.1,103715.2,-23,34.97193054
2025-05-14T02:14:24,103715.2,103749.5,Valid,161,103588.4,103602.5,-113,10.31066681
2025-05-14T02:29:20,103602.5,103751.4,Valid,186,103565.2,103751.4,149,9.06520628
2025-05-14T02:44:16,103751.3,103751.4,Valid,140,103611.6,103711.6,-40,13.11479951
2025-05-14T02:59:12,103711.6,103778.3,Valid,253,103525.2,103648.3,-63,10.83989225
2025-05-14T03:14:08,103648.3,103649.4,Valid,136,103513.6,103531,-117,9.80476839
2025-05-14T03:29:04,103531,103610.5,Valid,159,103452,103610.4,79,8.74066232
2025-05-14T03:44,103610.5,103610.5,Valid,64,103546.5,103578,-32,2.90840848
2025-05-14T03:58:56,103577.9,103578,Valid,112,103465.8,103549,-29,6.68327632
2025-05-14T04:16,103552.5,103692.7,Valid,210,103482.7,103675.4,123,5.09906777
2025-05-14T04:30:56,103675.4,103848.7,Valid,232,103616.8,103804.9,130,9.98514961
2025-05-14T04:45:52,103804.8,103849.1,Valid,137,103712.1,103745.8,-59,8.33104252
2025-05-14T05:00:48,103745.7,103897.8,Valid,186,103711.9,103758.7,13,14.46237073
2025-05-14T05:15:44,103758.7,103847.1,Valid,97,103750.3,103751.5,-7,3.56239332
2025-05-14T05:30:40,103751.5,103851.3,Valid,153,103698.6,103837.8,86,3.75944398
2025-05-14T05:45:36,103837.7,103986.3,Valid,165,103821.6,103899.1,61,12.15850155
2025-05-14T06:00:32,103899.2,103963.3,Valid,165,103798.6,103857,-42,7.63859018
2025-05-14T06:15:28,103857,103898.9,Valid,187,103712.2,103771.8,-85,9.11840822
2025-05-14T06:30:24,103771.8,103785.1,Valid,102,103682.8,103719.3,-52,6.41770273
2025-05-14T06:45:20,103719.4,103806.8,Valid,148,103658.4,103761.9,43,6.91625745
2025-05-14T07:00:16,103761.9,103762,Valid,128,103634.3,103634.3,-128,7.8097904
2025-05-14T07:15:12,103634.3,103634.3,Valid,237,103396.9,103488.9,-145,14.84065656
2025-05-14T07:30:08,103488.9,103650.7,Valid,235,103415.6,103650.6,162,11.24168597
2025-05-14T07:45:04,103650.6,103807.6,Valid,173,103634.5,103708,57,8.78666727
2025-05-14T08:00,103708,103885.7,Valid,420,103465.9,103575.6,-132,25.6193652
2025-05-14T08:14:56,103575.5,103719.5,Valid,216,103503.5,103641.3,66,7.63721969
2025-05-14T08:29:52,103641.4,103713.5,Valid,214,103500,103713.4,72,11.35133273
2025-05-14T08:44:48,103713.3,103741.5,Valid,542,103200,103205.7,-508,78.79747994
2025-05-14T08:59:44,103205.8,103301.8,Valid,436,102866.2,103135.1,-71,46.13508436
2025-05-14T09:14:40,103135.2,103323.8,Valid,201,103123,103323.7,189,12.36959944
2025-05-14T09:29:36,103323.7,103345.5,Valid,169,103176.3,103218.3,-105,12.24873435
2025-05-14T09:44:32,103219.4,103485.7,Valid,266,103219.4,103485.6,266,10.72406664
2025-05-14T09:59:28,103485.6,103658.4,Valid,198,103460.2,103638.6,153,15.71182084
2025-05-14T10:14:24,103638.6,103931.1,Valid,383,103547.8,103831.7,193,18.78438502
2025-05-14T10:29:20,103831.8,103882.2,Valid,111,103771.6,103811,-21,15.47570443
2025-05-14T10:44:16,103811,103852,Valid,204,103647.6,103697.9,-113,19.97359619
2025-05-14T10:59:12,103697.9,103951.9,Valid,254,103697.9,103951.8,254,12.63426841
2025-05-14T11:14:08,103951.8,103991,Valid,136,103855.4,103895.3,-56,11.52817282
2025-05-14T11:29:04,103906.3,104142,Valid,243,103899,104085.7,179,16.24088202
2025-05-14T11:44,104085.6,104085.7,Valid,174,103911.7,103943.5,-142,11.06920245
2025-05-14T12:01:04,103943.5,104100,Valid,196,103904.5,104053.7,110,12.56571437
2025-05-14T12:16,104053.8,104179.6,Valid,180,103999.3,104006.5,-47,15.49926055
2025-05-14T12:30:56,104006.6,104190,Valid,253,103937.1,104189.9,183,11.92519727
2025-05-14T12:45:52,104189.9,104200.5,Valid,239,103961.3,103993.3,-197,10.99403823
2025-05-14T13:00:48,103993.4,104043.5,Valid,227,103816.9,104033,40,15.58466015
2025-05-14T13:15:44,104033.1,104113.7,Valid,200,103913.5,104088.5,55,14.8219464
2025-05-14T13:30:40,104088.6,104346,Valid,663,103682.8,103704.9,-384,42.73863144
2025-05-14T13:45:36,103714.1,103951.3,Valid,465,103486.1,103951.3,237,50.43749895
2025-05-14T14:00:32,103953.4,103953.4,Valid,615,103338.8,103457.1,-496,42.30271566
2025-05-14T14:15:28,103466.5,103467,Valid,371,103096,103096.1,-370,40.66444674
2025-05-14T14:30:24,103096.1,103341.6,Valid,441,102900.2,103282.2,186,34.54192249
2025-05-14T14:45:20,103282.3,103458.9,Valid,293,103166.4,103259.6,-23,20.04317516
2025-05-14T15:00:16,103256.4,103292.9,Valid,443,102849.6,103292.8,36,38.19055917
2025-05-14T15:15:12,103292.9,103421.8,Valid,330,103091.5,103415,122,16.41862215
2025-05-14T15:30:08,103415,103512.1,Valid,212,103300.2,103395,-20,21.41723478
2025-05-14T15:45:04,103393.8,103544,Valid,345,103199.2,103507.2,113,19.82990402
2025-05-14T16:00,103507.2,103614.9,Valid,188,103426.9,103614.9,108,32.20606659
2025-05-14T16:14:56,103614.8,103614.8,Valid,312,103302.8,103460.1,-155,14.57778828
2025-05-14T16:29:52,103460.1,103600.6,Valid,245,103355.2,103390.1,-70,24.58249299
2025-05-14T16:44:48,103390,103487.5,Valid,320,103167.4,103363.9,-26,19.3152832
2025-05-14T16:59:44,103363.9,103432.5,Valid,361,103071.1,103141.3,-223,26.69049939
2025-05-14T17:14:40,103141.3,103150.2,Valid,545,102605.2,102880.3,-261,36.92192681
2025-05-14T17:29:36,102880.2,103151.1,Valid,301,102850.5,103092,212,15.63004643
2025-05-14T17:44:32,103092,103250,Valid,186,103064.1,103248.8,157,30.41996915
2025-05-14T17:59:28,103248.9,103300,Valid,213,103086.7,103118.4,-130,15.57452613
2025-05-14T18:14:24,103118.4,103457.1,Valid,434,103023.5,103249.1,131,25.74086786
2025-05-14T18:29:20,103249,103450.9,Valid,276,103175.2,103290.8,42,14.59747347
2025-05-14T18:44:16,103290.9,103528.4,Valid,314,103214,103528.4,238,20.9848581
2025-05-14T18:59:12,103528.4,103572.8,Valid,119,103453.8,103545.6,17,11.34655343
2025-05-14T19:14:08,103545.7,103720,Valid,189,103530.8,103530.9,-15,11.94896781
2025-05-14T19:29:04,103531,103548.3,Valid,103,103445,103484.6,-46,17.90753353
2025-05-14T19:44,103484.6,103484.6,Valid,239,103245.7,103316.9,-168,9.96481621
2025-05-14T19:58:56,103317,103484.7,Valid,188,103296.4,103311.5,-5,12.95869578
2025-05-14T20:16,103311.6,103451.3,Valid,140,103311.6,103430.2,119,5.81896463
2025-05-14T20:30:56,103430.3,103507.9,Valid,118,103390.4,103502.1,72,6.4594456
2025-05-14T20:45:52,103502,103649.6,Valid,153,103496.6,103551.1,49,4.07002439
2025-05-14T21:00:48,103551.2,103571.6,Valid,142,103429.2,103458.8,-92,12.03294315
2025-05-14T21:15:44,103458.8,103556.2,Valid,97,103458.8,103531,72,3.21067641
2025-05-14T21:30:40,103530.9,103618.9,Valid,175,103444.4,103556.5,26,6.33759889
2025-05-14T21:45:36,103556.6,103669.5,Valid,122,103547.2,103644.7,88,8.04450409
2025-05-14T22:00:32,103644.7,103660.4,Valid,191,103469.1,103469.2,-175,9.34699765
2025-05-14T22:15:28,103469.2,103554.4,Valid,88,103466.1,103537.9,69,4.18117993
2025-05-14T22:30:24,103532.5,103543.8,Valid,88,103456.1,103471.7,-61,5.92906249
2025-05-14T22:45:20,103471.7,103528,Valid,100,103427.8,103510.4,39,5.35289028
2025-05-14T23:00:16,103510.4,103551,Valid,149,103402.5,103551,41,8.55284983
2025-05-14T23:15:12,103547.6,103549.1,Valid,202,103347.2,103547.1,0,11.40810492
2025-05-14T23:30:08,103551,103593.8,Valid,50,103544.1,103544.1,-7,4.13138073
2025-05-14T23:45:04,103539,103615.9,Valid,110,103505.6,103505.6,-33,5.14896955
2025-05-15T00:00,103505.7,103706.8,Valid,221,103485.7,103706.8,201,5.56193434
2025-05-15T00:14:56,103706.8,103828.2,Valid,121,103706.8,103769.4,63,7.23961368
2025-05-15T00:29:52,103761.3,103840.1,Valid,155,103685.1,103840.1,79,3.43538439
2025-05-15T00:44:48,103840.1,103864.7,Valid,100,103765.1,103800.7,-39,4.4565856
2025-05-15T00:59:44,103800.8,103800.8,Valid,222,103578.6,103589,-212,14.07404321
2025-05-15T01:14:40,103586.4,103664.5,Valid,209,103456,103472.7,-114,7.54274864
2025-05-15T01:29:36,103472.7,103494.1,Valid,313,103181,103270.1,-203,25.85718655
2025-05-15T01:44:32,103270,103324.4,Valid,352,102972,103034.4,-236,22.33036824
2025-05-15T01:59:28,103030.1,103207.9,Valid,228,102980,103052.7,23,19.74782487
2025-05-15T02:14:24,103041.3,103155.5,Valid,209,102946.1,103006.7,-35,15.42117265
2025-05-15T02:29:20,103006.7,103053.6,Valid,141,102912.5,102941,-66,12.06272321
2025-05-15T02:44:16,102938.8,103150,Valid,234,102916.2,103032,93,12.67272166
2025-05-15T02:59:12,103032.1,103131.2,Valid,267,102863.9,102866,-166,17.17025893
2025-05-15T03:14:08,102866,102993.8,Valid,207,102786.7,102927,61,14.37171691
2025-05-15T03:29:04,102927,102953.6,Valid,125,102829.1,102835.7,-91,12.77459782
2025-05-15T03:44,102841,102890.9,Valid,171,102719.5,102758.1,-83,13.64120139
2025-05-15T04:01:04,102751,102894.7,Valid,188,102706.6,102735.3,-16,22.27985085
2025-05-15T04:16,102735.2,102905.2,Valid,170,102735.2,102844.4,109,13.42728584
2025-05-15T04:30:56,102844.5,102967.3,Valid,171,102796.1,102876.5,32,12.08241015
2025-05-15T04:45:52,102872.8,102915.6,Valid,146,102770.1,102892.7,20,9.84224464
2025-05-15T05:00:48,102892.7,102922.3,Valid,297,102625.5,102625.6,-267,11.16087839
2025-05-15T05:15:44,102625.6,102652.2,Valid,108,102544.5,102557.8,-68,16.42217809
2025-05-15T05:30:40,102557.8,102632.5,Valid,244,102389,102492.9,-65,15.58564862
2025-05-15T05:45:36,102492.8,102496.1,Valid,163,102333,102376.2,-117,16.34408184
2025-05-15T06:00:32,102376.1,102576.5,Valid,243,102333.8,102553.9,178,23.12812121
2025-05-15T06:15:28,102553.9,102685.9,Valid,211,102474.9,102635.7,82,13.8899525
2025-05-15T06:30:24,102635.7,102644.2,Valid,496,102148,102190.4,-445,19.76673807
2025-05-15T06:45:20,102192.6,102286.3,Valid,124,102162.8,102249,56,15.92490844
2025-05-15T07:00:16,102248.9,102443.7,Valid,358,102086,102086,-163,30.06204663
2025-05-15T07:15:12,102086.1,102125,Valid,237,101888,101893.4,-193,25.27899298
2025-05-15T07:30:08,101893.4,102000.1,Valid,217,101783,101897.1,4,35.35344263
2025-05-15T07:45:04,101897.1,101897.1,Valid,173,101724.3,101788.9,-108,18.06598324
2025-05-15T08:00,101789,102087.1,Valid,320,101766.8,101972.2,183,17.85426659
2025-05-15T08:14:56,101972.2,102098.7,Valid,198,101900.7,102058,86,12.16342126
2025-05-15T08:29:52,102058.1,102304.8,Valid,268,102036.8,102177.3,119,32.79644229
2025-05-15T08:44:48,102182,102322.8,Valid,158,102164.6,102271.6,90,8.83402326
2025-05-15T08:59:44,102271.6,102271.6,Valid,269,102003,102003.2,-268,11.43818785
2025-05-15T09:14:40,102003.3,102065.3,Valid,193,101872.1,101978.9,-24,22.96412758
2025-05-15T09:29:36,101978.8,101992.1,Valid,373,101619,101697.7,-281,42.32058886
2025-05-15T09:44:32,101697.8,101955.6,Valid,450,101505.3,101816.8,119,29.51128882
2025-05-15T09:59:28,101816.9,101867.3,Valid,237,101630.7,101747.7,-69,13.55701094
2025-05-15T10:14:24,101747.8,101933.4,Valid,209,101724,101917.1,169,15.78801266
2025-05-15T10:29:20,101904.4,101904.4,Valid,279,101625.7,101672.7,-232,10.68966544
2025-05-15T10:44:16,101672.7,101836.4,Valid,232,101604.1,101804.9,132,10.79212484
2025-05-15T10:59:12,101804.9,102148,Valid,365,101782.8,102066.9,262,22.97460914
2025-05-15T11:14:08,102064.7,102331.5,Valid,280,102051.8,102277.9,213,15.31059481
2025-05-15T11:29:04,102277.8,102436.1,Valid,241,102195.6,102270,-8,12.51339951
2025-05-15T11:44,102269.9,102406.6,Valid,202,102204.5,102363.3,93,17.08217744
2025-05-15T11:58:56,102363.2,102457.7,Valid,186,102271.3,102298.1,-65,22.80768347
2025-05-15T12:16,102298.2,102604.6,Valid,328,102276.2,102531.4,233,19.95615961
2025-05-15T12:30:56,102531.4,102835.3,Valid,453,102382.3,102780.4,249,71.38500176
2025-05-15T12:45:52,102780.4,102780.4,Valid,313,102467.2,102553,-227,19.01174696
2025-05-15T13:00:48,102557.5,102784.9,Valid,293,102491.7,102757.9,200,20.22211713
2025-05-15T13:15:44,102757.8,102771.4,Valid,197,102574,102574.1,-184,11.10476788
2025-05-15T13:30:40,102574.1,102773.1,Valid,678,102095,102331.4,-243,57.163094
2025-05-15T13:45:36,102331.4,102331.4,Valid,757,101574.8,102134.3,-197,56.5729927
2025-05-15T14:00:32,102134.4,102397.8,Valid,588,101810.2,102119.2,-15,49.51502407
2025-05-15T14:15:28,102119.2,102331.3,Valid,522,101809.6,102032.4,-87,34.31659456
2025-05-15T14:30:24,102032.4,102072.1,Valid,477,101595.2,101692.6,-340,45.29864629
2025-05-15T14:45:20,101678,101991.7,Valid,607,101384.9,101991.6,314,47.47327253
2025-05-15T15:00:16,101991.6,102170.5,Valid,245,101925.9,102105.1,114,35.20764233
2025-05-15T15:15:12,102105.2,102506.4,Valid,401,102105.2,102488.9,384,25.68100736
2025-05-15T15:30:08,102490.6,103067.6,Valid,623,102444.5,103000,509,35.6543098
2025-05-15T15:45:04,103000,103283.5,Valid,330,102953.3,103251.9,252,34.085122
2025-05-15T16:00,103251.9,103384.8,Valid,296,103089.1,103089.1,-163,29.14982335
2025-05-15T16:14:56,103089.2,103326.1,Valid,261,103065.2,103169.3,80,29.09251494
2025-05-15T16:29:52,103169.2,103606.2,Valid,582,103024.7,103595.9,427,25.42582773
2025-05-15T16:44:48,103595.9,103831.9,Valid,267,103565.4,103831.8,236,34.6517063
2025-05-15T16:59:44,103832,103873.6,Valid,227,103646.8,103676.8,-155,23.08716903
2025-05-15T17:14:40,103689.5,104139.3,Valid,450,103689.5,103969.6,280,30.5160009
2025-05-15T17:29:36,103969.5,104196.4,Valid,304,103892.5,104070.1,101,19.04198341
2025-05-15T17:44:32,104070.2,104163.2,Valid,245,103917.9,103970.6,-100,11.8733713
2025-05-15T17:59:28,103970.6,104018.6,Valid,289,103730,103922.3,-48,21.65861955
2025-05-15T18:14:24,103916.4,103963.4,Valid,491,103472.2,103511.3,-405,21.8961974
2025-05-15T18:29:20,103502.8,103602.7,Valid,470,103132.3,103299.9,-203,28.12832538
2025-05-15T18:44:16,103300,103371.8,Valid,722,102649.4,102696.1,-604,32.83380942
2025-05-15T18:59:12,102696,103136.5,Valid,505,102631.2,103042.7,347,27.43279353
2025-05-15T19:14:08,103042.6,103217.5,Valid,664,102553.7,102803.5,-239,25.6961487
2025-05-15T19:29:04,102803.4,103091.1,Valid,293,102798.4,103074.7,271,14.57474272
2025-05-15T19:44,103074.6,103225.2,Valid,278,102947.2,103149.7,75,16.96378205
2025-05-15T20:01:04,103149.7,103420.6,Valid,484,102937,102958.1,-192,34.61866933
2025-05-15T20:16,102942.6,103399.2,Valid,510,102888.8,103332.6,390,21.51830609
2025-05-15T20:30:56,103332.7,103485,Valid,273,103211.7,103472.8,140,22.70951048
2025-05-15T20:45:52,103472.9,103485.1,Valid,106,103378.7,103437.7,-35,6.3073769
2025-05-15T21:00:48,103427.6,103427.6,Valid,308,103119.6,103202.2,-225,24.96040629
2025-05-15T21:15:44,103202.2,103202.2,Valid,502,102700.1,103035.1,-167,18.72114809
2025-05-15T21:30:40,103035.1,103230.6,Valid,397,102833.8,103165.3,130,27.41608772
2025-05-15T21:45:36,103165.2,103322.1,Valid,195,103127.1,103284,119,9.28802979
2025-05-15T22:00:32,103284.1,103774.6,Valid,532,103242.7,103774.6,491,26.22860729
2025-05-15T22:15:28,103774.7,103979.3,Valid,306,103673.4,103676.3,-98,43.58545369
2025-05-15T22:30:24,103676.4,103729.5,Valid,104,103625.2,103666.5,-10,10.93585299
2025-05-15T22:45:20,103666.4,103699.9,Valid,222,103478.1,103502.7,-164,10.172793
2025-05-15T23:00:16,103494.9,103660.1,Valid,300,103360,103469,-26,12.86383116
2025-05-15T23:15:12,103459.7,103605,Valid,378,103227.4,103511.5,52,21.87687094
2025-05-15T23:30:08,103511.4,103897.3,Valid,386,103511.4,103780.3,269,16.78699173
2025-05-15T23:45:04,103780.4,103863.8,Valid,172,103692.2,103764.4,-16,7.91026977
2025-05-16T00:00,103764.5,103925.6,Valid,278,103647.4,103925.4,161,16.33590895
2025-05-16T00:14:56,103925.5,103981.3,Valid,231,103750.6,103750.6,-175,13.52746714
2025-05-16T00:29:52,103753.4,104024.9,Valid,272,103753.4,103951.6,198,17.51080157
2025-05-16T00:44:48,103951.7,103975.4,Valid,310,103665.2,103755.4,-196,8.45878484
2025-05-16T00:59:44,103755.8,103805,Valid,304,103501.1,103653.3,-102,17.74979827
2025-05-16T01:14:40,103670.4,103784.7,Valid,311,103474.1,103774.6,104,14.15981583
2025-05-16T01:29:36,103774.6,104100,Valid,329,103770.7,104060.3,286,18.92338199
2025-05-16T01:44:32,104060.4,104075.9,Valid,160,103916.3,104047.3,-13,9.36551151
2025-05-16T01:59:28,104047.3,104340.8,Valid,294,104047.3,104260.2,213,21.47871543
2025-05-16T02:14:24,104260.2,104344.4,Valid,425,103919.1,104279.1,19,33.92467216
2025-05-16T02:29:20,104279.1,104465,Valid,327,104138.5,104139.1,-140,17.27038379
2025-05-16T02:44:16,104139.1,104239.2,Valid,164,104075,104199.7,61,10.04521345
2025-05-16T02:59:12,104199.7,104242.5,Valid,189,104053.9,104093,-107,12.23711937
2025-05-16T03:14:08,104093,104295.8,Valid,261,104034.7,104239.6,147,7.18475919
2025-05-16T03:29:04,104250.7,104327.3,Valid,328,103999.8,104041.8,-209,12.81077954
2025-05-16T03:44,104041.8,104121.8,Valid,122,103999.6,104016.7,-25,6.25388648
2025-05-16T03:58:56,104016.7,104182.8,Valid,174,104009,104040.6,24,9.50310511
2025-05-16T04:16,104041.6,104047.4,Valid,132,103915.8,103929.2,-112,6.17810401
2025-05-16T04:30:56,103929.2,103974,Valid,156,103818.3,103827.5,-102,5.45045248
2025-05-16T04:45:52,103827.5,103948.1,Valid,136,103812.3,103908.4,81,3.80929728
2025-05-16T05:00:48,103908.8,104024,Valid,115,103908.8,103988.6,80,4.96367762
2025-05-16T05:15:44,103990.5,104140.5,Valid,154,103986.6,104034.3,44,4.67606413
2025-05-16T05:30:40,104034.3,104034.3,Valid,204,103830.3,104019.5,-15,6.07313235
2025-05-16T05:45:36,104026,104066.8,Valid,180,103886.8,103903.6,-122,7.63955429
2025-05-16T06:00:32,103903.6,104000.1,Valid,136,103863.8,103917.3,14,8.69886106
2025-05-16T06:15:28,103925.3,104030.2,Valid,110,103920.6,103950.1,25,7.85273318
2025-05-16T06:30:24,103954.6,104080.1,Valid,139,103940.8,104007.3,53,5.63269182
2025-05-16T06:45:20,104007.3,104095,Valid,147,103948.5,103989.5,-18,11.45110125
2025-05-16T07:00:16,103989.5,104029.8,Valid,184,103845.8,103989.3,0,7.47123422
2025-05-16T07:15:12,103989.3,104190,Valid,223,103967.4,104085.1,96,10.32323201
2025-05-16T07:30:08,104085,104085.1,Valid,279,103806.5,103823,-262,12.18546761
2025-05-16T07:45:04,103823,103856,Valid,163,103693.1,103704.5,-118,12.00971415
2025-05-16T08:00,103704.5,103757.7,Valid,272,103486.1,103492.3,-212,10.27941708
2025-05-16T08:14:56,103492.4,103492.4,Valid,383,103109.7,103265.2,-227,22.20566628
2025-05-16T08:29:52,103265.1,103347.7,Valid,173,103174.7,103317.5,52,12.00971803
2025-05-16T08:44:48,103317.5,103456.8,Valid,218,103238.8,103396.8,79,8.00262478
2025-05-16T08:59:44,103396.8,103664.9,Valid,268,103396.8,103627.7,231,10.91751992
2025-05-16T09:14:40,103627.7,103759.6,Valid,202,103557.4,103696.8,69,8.10922435
2025-05-16T09:29:36,103696.9,103767.8,Valid,156,103612,103662.4,-34,10.92172029
2025-05-16T09:44:32,103662.5,103816.8,Valid,154,103662.4,103796.3,134,6.28524241
2025-05-16T09:59:28,103796.3,103880,Valid,243,103637.2,103783.1,-13,13.32526219
2025-05-16T10:14:24,103783.2,103826.9,Valid,131,103695.8,103711.3,-72,10.65632112
2025-05-16T10:29:20,103718.6,103835.5,Valid,117,103718.5,103765.9,47,10.21217567
2025-05-16T10:44:16,103766,103865.9,Valid,104,103761.7,103796.7,31,9.43887997
2025-05-16T10:59:12,103796.7,103880.1,Valid,137,103743.3,103775.4,-21,5.26244788
2025-05-16T11:14:08,103775.5,103900,Valid,308,103592.2,103620.6,-155,13.49568739
2025-05-16T11:29:04,103620.7,103713.1,Valid,156,103556.8,103563.2,-57,5.00030716
2025-05-16T11:44,103563.2,103685.5,Valid,122,103563.1,103649.3,86,6.1782558
2025-05-16T12:01:04,103651.9,103772.1,Valid,194,103578.5,103714.7,63,9.61067015
2025-05-16T12:16,103714.8,103714.8,Valid,192,103523.1,103611.2,-104,10.13927689
2025-05-16T12:30:56,103604.6,103707.6,Valid,145,103563.1,103598.3,-6,9.09404874
2025-05-16T12:45:52,103598.4,103662.2,Valid,185,103477.1,103496.3,-102,10.87584571
2025-05-16T13:00:48,103496.4,103635.7,Valid,177,103458.9,103607.9,112,7.38199465
2025-05-16T13:15:44,103611.4,103641.4,Valid,166,103475.4,103500.6,-111,10.01777267
2025-05-16T13:30:40,103500.6,103921.9,Valid,484,103438.3,103729.7,229,21.42212088
2025-05-16T13:45:36,103735.6,104081.8,Valid,346,103735.6,103982.8,247,21.57337489
2025-05-16T14:00:32,103992.8,103992.8,Valid,501,103491.9,103613.2,-380,67.00281704
2025-05-16T14:15:28,103605.1,103970.8,Valid,383,103588,103827.1,222,29.37204228
2025-05-16T14:30:24,103827,103827,Valid,478,103349.1,103349.1,-478,19.53469445
2025-05-16T14:45:20,103347.3,103637.4,Valid,290,103347.3,103574.4,227,14.60574529
2025-05-16T15:00:16,103587,104273.5,Valid,687,103587,104110.7,524,42.5936308
2025-05-16T15:15:12,104110.7,104147.1,Valid,313,103834.1,103853.1,-258,17.78261827
2025-05-16T15:30:08,103853.1,104084.8,Valid,260,103824.6,104006.1,153,28.7904762
2025-05-16T15:45:04,104009.1,104185.7,Valid,289,103896.3,104185.6,177,9.38054818
2025-05-16T16:00,104188.1,104551.8,Valid,364,104187.4,104298.4,110,35.62904611
2025-05-16T16:14:56,104298.3,104399.9,Valid,442,103957.9,103957.9,-340,25.06798403
2025-05-16T16:29:52,103957.9,104069,Valid,235,103833.7,103984.4,27,17.17925576
2025-05-16T16:44:48,103975.6,104213.3,Valid,304,103908.9,104144.7,169,9.33317889
2025-05-16T16:59:44,104144.8,104256.5,Valid,242,104014.1,104047,-98,8.25570566
