timestamp,open,high,low,close,volume
2025-05-14 01:14:40,104025.1,104050.5,103821.8,103882.6,18.11528944
2025-05-14 01:29:36,103892.1,104070.5,103874.1,104017.1,23.25258335
2025-05-14 01:44:32,104009.5,104073.8,103687.8,103737.8,37.67233343
2025-05-14 01:59:28,103737.8,103788.8,103496.1,103715.2,34.97193054
2025-05-14 02:14:24,103715.2,103749.5,103588.4,103602.5,10.31066681
2025-05-14 02:29:20,103602.5,103751.4,103565.2,103751.4,9.06520628
2025-05-14 02:44:16,103751.3,103751.4,103611.6,103711.6,13.11479951
2025-05-14 02:59:12,103711.6,103778.3,103525.2,103648.3,10.83989225
2025-05-14 03:14:08,103648.3,103649.4,103513.6,103531.0,9.80476839
2025-05-14 03:29:04,103531.0,103610.5,103452.0,103610.4,8.74066232
2025-05-14 03:44:00,103610.5,103610.5,103546.5,103578.0,2.90840848
2025-05-14 03:58:56,103577.9,103578.0,103465.8,103549.0,6.68327632
2025-05-14 04:16:00,103552.5,103692.7,103482.7,103675.4,5.09906777
2025-05-14 04:30:56,103675.4,103848.7,103616.8,103804.9,9.98514961
2025-05-14 04:45:52,103804.8,103849.1,103712.1,103745.8,8.33104252
2025-05-14 05:00:48,103745.7,103897.8,103711.9,103758.7,14.46237073
2025-05-14 05:15:44,103758.7,103847.1,103750.3,103751.5,3.56239332
2025-05-14 05:30:40,103751.5,103851.3,103698.6,103837.8,3.75944398
2025-05-14 05:45:36,103837.7,103986.3,103821.6,103899.1,12.15850155
2025-05-14 06:00:32,103899.2,103963.3,103798.6,103857.0,7.63859018
2025-05-14 06:15:28,103857.0,103898.9,103712.2,103771.8,9.11840822
2025-05-14 06:30:24,103771.8,103785.1,103682.8,103719.3,6.41770273
2025-05-14 06:45:20,103719.4,103806.8,103658.4,103761.9,6.91625745
2025-05-14 07:00:16,103761.9,103762.0,103634.3,103634.3,7.8097904
2025-05-14 07:15:12,103634.3,103634.3,103396.9,103488.9,14.84065656
2025-05-14 07:30:08,103488.9,103650.7,103415.6,103650.6,11.24168597
2025-05-14 07:45:04,103650.6,103807.6,103634.5,103708.0,8.78666727
2025-05-14 08:00:00,103708.0,103885.7,103465.9,103575.6,25.6193652
2025-05-14 08:14:56,103575.5,103719.5,103503.5,103641.3,7.63721969
2025-05-14 08:29:52,103641.4,103713.5,103500.0,103713.4,11.35133273
2025-05-14 08:44:48,103713.3,103741.5,103200.0,103205.7,78.79747994
2025-05-14 08:59:44,103205.8,103301.8,102866.2,103135.1,46.13508436
2025-05-14 09:14:40,103135.2,103323.8,103123.0,103323.7,12.36959944
2025-05-14 09:29:36,103323.7,103345.5,103176.3,103218.3,12.24873435
2025-05-14 09:44:32,103219.4,103485.7,103219.4,103485.6,10.72406664
2025-05-14 09:59:28,103485.6,103658.4,103460.2,103638.6,15.71182084
2025-05-14 10:14:24,103638.6,103931.1,103547.8,103831.7,18.78438502
2025-05-14 10:29:20,103831.8,103882.2,103771.6,103811.0,15.47570443
2025-05-14 10:44:16,103811.0,103852.0,103647.6,103697.9,19.97359619
2025-05-14 10:59:12,103697.9,103951.9,103697.9,103951.8,12.63426841
2025-05-14 11:14:08,103951.8,103991.0,103855.4,103895.3,11.52817282
2025-05-14 11:29:04,103906.3,104142.0,103899.0,104085.7,16.24088202
2025-05-14 11:44:00,104085.6,104085.7,103911.7,103943.5,11.06920245
2025-05-14 12:01:04,103943.5,104100.0,103904.5,104053.7,12.56571437
2025-05-14 12:16:00,104053.8,104179.6,103999.3,104006.5,15.49926055
2025-05-14 12:30:56,104006.6,104190.0,103937.1,104189.9,11.92519727
2025-05-14 12:45:52,104189.9,104200.5,103961.3,103993.3,10.99403823
2025-05-14 13:00:48,103993.4,104043.5,103816.9,104033.0,15.58466015
2025-05-14 13:15:44,104033.1,104113.7,103913.5,104088.5,14.8219464
2025-05-14 13:30:40,104088.6,104346.0,103682.8,103704.9,42.73863144
2025-05-14 13:45:36,103714.1,103951.3,103486.1,103951.3,50.43749895
2025-05-14 14:00:32,103953.4,103953.4,103338.8,103457.1,42.30271566
2025-05-14 14:15:28,103466.5,103467.0,103096.0,103096.1,40.66444674
2025-05-14 14:30:24,103096.1,103341.6,102900.2,103282.2,34.54192249
2025-05-14 14:45:20,103282.3,103458.9,103166.4,103259.6,20.04317516
2025-05-14 15:00:16,103256.4,103292.9,102849.6,103292.8,38.19055917
2025-05-14 15:15:12,103292.9,103421.8,103091.5,103415.0,16.41862215
2025-05-14 15:30:08,103415.0,103512.1,103300.2,103395.0,21.41723478
2025-05-14 15:45:04,103393.8,103544.0,103199.2,103507.2,19.82990402
2025-05-14 16:00:00,103507.2,103614.9,103426.9,103614.9,32.20606659
2025-05-14 16:14:56,103614.8,103614.8,103302.8,103460.1,14.57778828
2025-05-14 16:29:52,103460.1,103600.6,103355.2,103390.1,24.58249299
2025-05-14 16:44:48,103390.0,103487.5,103167.4,103363.9,19.3152832
2025-05-14 16:59:44,103363.9,103432.5,103071.1,103141.3,26.69049939
2025-05-14 17:14:40,103141.3,103150.2,102605.2,102880.3,36.92192681
2025-05-14 17:29:36,102880.2,103151.1,102850.5,103092.0,15.63004643
2025-05-14 17:44:32,103092.0,103250.0,103064.1,103248.8,30.41996915
2025-05-14 17:59:28,103248.9,103300.0,103086.7,103118.4,15.57452613
2025-05-14 18:14:24,103118.4,103457.1,103023.5,103249.1,25.74086786
2025-05-14 18:29:20,103249.0,103450.9,103175.2,103290.8,14.59747347
2025-05-14 18:44:16,103290.9,103528.4,103214.0,103528.4,20.9848581
2025-05-14 18:59:12,103528.4,103572.8,103453.8,103545.6,11.34655343
2025-05-14 19:14:08,103545.7,103720.0,103530.8,103530.9,11.94896781
2025-05-14 19:29:04,103531.0,103548.3,103445.0,103484.6,17.90753353
2025-05-14 19:44:00,103484.6,103484.6,103245.7,103316.9,9.96481621
2025-05-14 19:58:56,103317.0,103484.7,103296.4,103311.5,12.95869578
2025-05-14 20:16:00,103311.6,103451.3,103311.6,103430.2,5.81896463
2025-05-14 20:30:56,103430.3,103507.9,103390.4,103502.1,6.4594456
2025-05-14 20:45:52,103502.0,103649.6,103496.6,103551.1,4.07002439
2025-05-14 21:00:48,103551.2,103571.6,103429.2,103458.8,12.03294315
2025-05-14 21:15:44,103458.8,103556.2,103458.8,103531.0,3.21067641
2025-05-14 21:30:40,103530.9,103618.9,103444.4,103556.5,6.33759889
2025-05-14 21:45:36,103556.6,103669.5,103547.2,103644.7,8.04450409
2025-05-14 22:00:32,103644.7,103660.4,103469.1,103469.2,9.34699765
2025-05-14 22:15:28,103469.2,103554.4,103466.1,103537.9,4.18117993
2025-05-14 22:30:24,103532.5,103543.8,103456.1,103471.7,5.92906249
2025-05-14 22:45:20,103471.7,103528.0,103427.8,103510.4,5.35289028
2025-05-14 23:00:16,103510.4,103551.0,103402.5,103551.0,8.55284983
2025-05-14 23:15:12,103547.6,103549.1,103347.2,103547.1,11.40810492
2025-05-14 23:30:08,103551.0,103593.8,103544.1,103544.1,4.13138073
2025-05-14 23:45:04,103539.0,103615.9,103505.6,103505.6,5.14896955
2025-05-15 00:00:00,103505.7,103706.8,103485.7,103706.8,5.56193434
2025-05-15 00:14:56,103706.8,103828.2,103706.8,103769.4,7.23961368
2025-05-15 00:29:52,103761.3,103840.1,103685.1,103840.1,3.43538439
2025-05-15 00:44:48,103840.1,103864.7,103765.1,103800.7,4.4565856
2025-05-15 00:59:44,103800.8,103800.8,103578.6,103589.0,14.07404321
2025-05-15 01:14:40,103586.4,103664.5,103456.0,103472.7,7.54274864
2025-05-15 01:29:36,103472.7,103494.1,103181.0,103270.1,25.85718655
2025-05-15 01:44:32,103270.0,103324.4,102972.0,103034.4,22.33036824
2025-05-15 01:59:28,103030.1,103207.9,102980.0,103052.7,19.74782487
2025-05-15 02:14:24,103041.3,103155.5,102946.1,103006.7,15.42117265
2025-05-15 02:29:20,103006.7,103053.6,102912.5,102941.0,12.06272321
2025-05-15 02:44:16,102938.8,103150.0,102916.2,103032.0,12.67272166
2025-05-15 02:59:12,103032.1,103131.2,102863.9,102866.0,17.17025893
2025-05-15 03:14:08,102866.0,102993.8,102786.7,102927.0,14.37171691
2025-05-15 03:29:04,102927.0,102953.6,102829.1,102835.7,12.77459782
2025-05-15 03:44:00,102841.0,102890.9,102719.5,102758.1,13.64120139
2025-05-15 04:01:04,102751.0,102894.7,102706.6,102735.3,22.27985085
2025-05-15 04:16:00,102735.2,102905.2,102735.2,102844.4,13.42728584
2025-05-15 04:30:56,102844.5,102967.3,102796.1,102876.5,12.08241015
2025-05-15 04:45:52,102872.8,102915.6,102770.1,102892.7,9.84224464
2025-05-15 05:00:48,102892.7,102922.3,102625.5,102625.6,11.16087839
2025-05-15 05:15:44,102625.6,102652.2,102544.5,102557.8,16.42217809
2025-05-15 05:30:40,102557.8,102632.5,102389.0,102492.9,15.58564862
2025-05-15 05:45:36,102492.8,102496.1,102333.0,102376.2,16.34408184
2025-05-15 06:00:32,102376.1,102576.5,102333.8,102553.9,23.12812121
2025-05-15 06:15:28,102553.9,102685.9,102474.9,102635.7,13.8899525
2025-05-15 06:30:24,102635.7,102644.2,102148.0,102190.4,19.76673807
2025-05-15 06:45:20,102192.6,102286.3,102162.8,102249.0,15.92490844
2025-05-15 07:00:16,102248.9,102443.7,102086.0,102086.0,30.06204663
2025-05-15 07:15:12,102086.1,102125.0,101888.0,101893.4,25.27899298
2025-05-15 07:30:08,101893.4,102000.1,101783.0,101897.1,35.35344263
2025-05-15 07:45:04,101897.1,101897.1,101724.3,101788.9,18.06598324
2025-05-15 08:00:00,101789.0,102087.1,101766.8,101972.2,17.85426659
2025-05-15 08:14:56,101972.2,102098.7,101900.7,102058.0,12.16342126
2025-05-15 08:29:52,102058.1,102304.8,102036.8,102177.3,32.79644229
2025-05-15 08:44:48,102182.0,102322.8,102164.6,102271.6,8.83402326
2025-05-15 08:59:44,102271.6,102271.6,102003.0,102003.2,11.43818785
2025-05-15 09:14:40,102003.3,102065.3,101872.1,101978.9,22.96412758
2025-05-15 09:29:36,101978.8,101992.1,101619.0,101697.7,42.32058886
2025-05-15 09:44:32,101697.8,101955.6,101505.3,101816.8,29.51128882
2025-05-15 09:59:28,101816.9,101867.3,101630.7,101747.7,13.55701094
2025-05-15 10:14:24,101747.8,101933.4,101724.0,101917.1,15.78801266
2025-05-15 10:29:20,101904.4,101904.4,101625.7,101672.7,10.68966544
2025-05-15 10:44:16,101672.7,101836.4,101604.1,101804.9,10.79212484
2025-05-15 10:59:12,101804.9,102148.0,101782.8,102066.9,22.97460914
2025-05-15 11:14:08,102064.7,102331.5,102051.8,102277.9,15.31059481
2025-05-15 11:29:04,102277.8,102436.1,102195.6,102270.0,12.51339951
2025-05-15 11:44:00,102269.9,102406.6,102204.5,102363.3,17.08217744
2025-05-15 11:58:56,102363.2,102457.7,102271.3,102298.1,22.80768347
2025-05-15 12:16:00,102298.2,102604.6,102276.2,102531.4,19.95615961
2025-05-15 12:30:56,102531.4,102835.3,102382.3,102780.4,71.38500176
2025-05-15 12:45:52,102780.4,102780.4,102467.2,102553.0,19.01174696
2025-05-15 13:00:48,102557.5,102784.9,102491.7,102757.9,20.22211713
2025-05-15 13:15:44,102757.8,102771.4,102574.0,102574.1,11.10476788
2025-05-15 13:30:40,102574.1,102773.1,102095.0,102331.4,57.163094
2025-05-15 13:45:36,102331.4,102331.4,101574.8,102134.3,56.5729927
2025-05-15 14:00:32,102134.4,102397.8,101810.2,102119.2,49.51502407
2025-05-15 14:15:28,102119.2,102331.3,101809.6,102032.4,34.31659456
2025-05-15 14:30:24,102032.4,102072.1,101595.2,101692.6,45.29864629
2025-05-15 14:45:20,101678.0,101991.7,101384.9,101991.6,47.47327253
2025-05-15 15:00:16,101991.6,102170.5,101925.9,102105.1,35.20764233
2025-05-15 15:15:12,102105.2,102506.4,102105.2,102488.9,25.68100736
2025-05-15 15:30:08,102490.6,103067.6,102444.5,103000.0,35.6543098
2025-05-15 15:45:04,103000.0,103283.5,102953.3,103251.9,34.085122
2025-05-15 16:00:00,103251.9,103384.8,103089.1,103089.1,29.14982335
2025-05-15 16:14:56,103089.2,103326.1,103065.2,103169.3,29.09251494
2025-05-15 16:29:52,103169.2,103606.2,103024.7,103595.9,25.42582773
2025-05-15 16:44:48,103595.9,103831.9,103565.4,103831.8,34.6517063
2025-05-15 16:59:44,103832.0,103873.6,103646.8,103676.8,23.08716903
2025-05-15 17:14:40,103689.5,104139.3,103689.5,103969.6,30.5160009
2025-05-15 17:29:36,103969.5,104196.4,103892.5,104070.1,19.04198341
2025-05-15 17:44:32,104070.2,104163.2,103917.9,103970.6,11.8733713
2025-05-15 17:59:28,103970.6,104018.6,103730.0,103922.3,21.65861955
2025-05-15 18:14:24,103916.4,103963.4,103472.2,103511.3,21.8961974
2025-05-15 18:29:20,103502.8,103602.7,103132.3,103299.9,28.12832538
2025-05-15 18:44:16,103300.0,103371.8,102649.4,102696.1,32.83380942
2025-05-15 18:59:12,102696.0,103136.5,102631.2,103042.7,27.43279353
2025-05-15 19:14:08,103042.6,103217.5,102553.7,102803.5,25.6961487
2025-05-15 19:29:04,102803.4,103091.1,102798.4,103074.7,14.57474272
2025-05-15 19:44:00,103074.6,103225.2,102947.2,103149.7,16.96378205
2025-05-15 20:01:04,103149.7,103420.6,102937.0,102958.1,34.61866933
2025-05-15 20:16:00,102942.6,103399.2,102888.8,103332.6,21.51830609
2025-05-15 20:30:56,103332.7,103485.0,103211.7,103472.8,22.70951048
2025-05-15 20:45:52,103472.9,103485.1,103378.7,103437.7,6.3073769
2025-05-15 21:00:48,103427.6,103427.6,103119.6,103202.2,24.96040629
2025-05-15 21:15:44,103202.2,103202.2,102700.1,103035.1,18.72114809
2025-05-15 21:30:40,103035.1,103230.6,102833.8,103165.3,27.41608772
2025-05-15 21:45:36,103165.2,103322.1,103127.1,103284.0,9.28802979
2025-05-15 22:00:32,103284.1,103774.6,103242.7,103774.6,26.22860729
2025-05-15 22:15:28,103774.7,103979.3,103673.4,103676.3,43.58545369
2025-05-15 22:30:24,103676.4,103729.5,103625.2,103666.5,10.93585299
2025-05-15 22:45:20,103666.4,103699.9,103478.1,103502.7,10.172793
2025-05-15 23:00:16,103494.9,103660.1,103360.0,103469.0,12.86383116
2025-05-15 23:15:12,103459.7,103605.0,103227.4,103511.5,21.87687094
2025-05-15 23:30:08,103511.4,103897.3,103511.4,103780.3,16.78699173
2025-05-15 23:45:04,103780.4,103863.8,103692.2,103764.4,7.91026977
2025-05-16 00:00:00,103764.5,103925.6,103647.4,103925.4,16.33590895
2025-05-16 00:14:56,103925.5,103981.3,103750.6,103750.6,13.52746714
2025-05-16 00:29:52,103753.4,104024.9,103753.4,103951.6,17.51080157
2025-05-16 00:44:48,103951.7,103975.4,103665.2,103755.4,8.45878484
2025-05-16 00:59:44,103755.8,103805.0,103501.1,103653.3,17.74979827
2025-05-16 01:14:40,103670.4,103784.7,103474.1,103774.6,14.15981583
2025-05-16 01:29:36,103774.6,104100.0,103770.7,104060.3,18.92338199
2025-05-16 01:44:32,104060.4,104075.9,103916.3,104047.3,9.36551151
2025-05-16 01:59:28,104047.3,104340.8,104047.3,104260.2,21.47871543
2025-05-16 02:14:24,104260.2,104344.4,103919.1,104279.1,33.92467216
2025-05-16 02:29:20,104279.1,104465.0,104138.5,104139.1,17.27038379
2025-05-16 02:44:16,104139.1,104239.2,104075.0,104199.7,10.04521345
2025-05-16 02:59:12,104199.7,104242.5,104053.9,104093.0,12.23711937
2025-05-16 03:14:08,104093.0,104295.8,104034.7,104239.6,7.18475919
2025-05-16 03:29:04,104250.7,104327.3,103999.8,104041.8,12.81077954
2025-05-16 03:44:00,104041.8,104121.8,103999.6,104016.7,6.25388648
2025-05-16 03:58:56,104016.7,104182.8,104009.0,104040.6,9.50310511
2025-05-16 04:16:00,104041.6,104047.4,103915.8,103929.2,6.17810401
2025-05-16 04:30:56,103929.2,103974.0,103818.3,103827.5,5.45045248
2025-05-16 04:45:52,103827.5,103948.1,103812.3,103908.4,3.80929728
2025-05-16 05:00:48,103908.8,104024.0,103908.8,103988.6,4.96367762
2025-05-16 05:15:44,103990.5,104140.5,103986.6,104034.3,4.67606413
2025-05-16 05:30:40,104034.3,104034.3,103830.3,104019.5,6.07313235
2025-05-16 05:45:36,104026.0,104066.8,103886.8,103903.6,7.63955429
2025-05-16 06:00:32,103903.6,104000.1,103863.8,103917.3,8.69886106
2025-05-16 06:15:28,103925.3,104030.2,103920.6,103950.1,7.85273318
2025-05-16 06:30:24,103954.6,104080.1,103940.8,104007.3,5.63269182
2025-05-16 06:45:20,104007.3,104095.0,103948.5,103989.5,11.45110125
2025-05-16 07:00:16,103989.5,104029.8,103845.8,103989.3,7.47123422
2025-05-16 07:15:12,103989.3,104190.0,103967.4,104085.1,10.32323201
2025-05-16 07:30:08,104085.0,104085.1,103806.5,103823.0,12.18546761
2025-05-16 07:45:04,103823.0,103856.0,103693.1,103704.5,12.00971415
2025-05-16 08:00:00,103704.5,103757.7,103486.1,103492.3,10.27941708
2025-05-16 08:14:56,103492.4,103492.4,103109.7,103265.2,22.20566628
2025-05-16 08:29:52,103265.1,103347.7,103174.7,103317.5,12.00971803
2025-05-16 08:44:48,103317.5,103456.8,103238.8,103396.8,8.00262478
2025-05-16 08:59:44,103396.8,103664.9,103396.8,103627.7,10.91751992
2025-05-16 09:14:40,103627.7,103759.6,103557.4,103696.8,8.10922435
2025-05-16 09:29:36,103696.9,103767.8,103612.0,103662.4,10.92172029
2025-05-16 09:44:32,103662.5,103816.8,103662.4,103796.3,6.28524241
2025-05-16 09:59:28,103796.3,103880.0,103637.2,103783.1,13.32526219
2025-05-16 10:14:24,103783.2,103826.9,103695.8,103711.3,10.65632112
2025-05-16 10:29:20,103718.6,103835.5,103718.5,103765.9,10.21217567
2025-05-16 10:44:16,103766.0,103865.9,103761.7,103796.7,9.43887997
2025-05-16 10:59:12,103796.7,103880.1,103743.3,103775.4,5.26244788
2025-05-16 11:14:08,103775.5,103900.0,103592.2,103620.6,13.49568739
2025-05-16 11:29:04,103620.7,103713.1,103556.8,103563.2,5.00030716
2025-05-16 11:44:00,103563.2,103685.5,103563.1,103649.3,6.1782558
2025-05-16 12:01:04,103651.9,103772.1,103578.5,103714.7,9.61067015
2025-05-16 12:16:00,103714.8,103714.8,103523.1,103611.2,10.13927689
2025-05-16 12:30:56,103604.6,103707.6,103563.1,103598.3,9.09404874
2025-05-16 12:45:52,103598.4,103662.2,103477.1,103496.3,10.87584571
2025-05-16 13:00:48,103496.4,103635.7,103458.9,103607.9,7.38199465
2025-05-16 13:15:44,103611.4,103641.4,103475.4,103500.6,10.01777267
2025-05-16 13:30:40,103500.6,103921.9,103438.3,103729.7,21.42212088
2025-05-16 13:45:36,103735.6,104081.8,103735.6,103982.8,21.57337489
2025-05-16 14:00:32,103992.8,103992.8,103491.9,103613.2,67.00281704
2025-05-16 14:15:28,103605.1,103970.8,103588.0,103827.1,29.37204228
2025-05-16 14:30:24,103827.0,103827.0,103349.1,103349.1,19.53469445
2025-05-16 14:45:20,103347.3,103637.4,103347.3,103574.4,14.60574529
2025-05-16 15:00:16,103587.0,104273.5,103587.0,104110.7,42.5936308
2025-05-16 15:15:12,104110.7,104147.1,103834.1,103853.1,17.78261827
2025-05-16 15:30:08,103853.1,104084.8,103824.6,104006.1,28.7904762
2025-05-16 15:45:04,104009.1,104185.7,103896.3,104185.6,9.38054818
2025-05-16 16:00:00,104188.1,104551.8,104187.4,104298.4,35.62904611
2025-05-16 16:14:56,104298.3,104399.9,103957.9,103957.9,25.06798403
2025-05-16 16:29:52,103957.9,104069.0,103833.7,103984.4,17.17925576
2025-05-16 16:44:48,103975.6,104213.3,103908.9,104144.7,9.33317889
2025-05-16 16:59:44,104144.8,104256.5,104014.1,104142.8,12.10526481
2025-05-16 17:14:40,104128.4,104398.0,104128.4,104258.8,13.79222431
2025-05-16 17:29:36,104265.1,104305.1,103936.9,104019.3,8.04632152
2025-05-16 17:44:32,104019.4,104075.5,103776.4,103872.1,9.15756122
2025-05-16 17:59:28,103872.0,104063.0,103839.8,104008.0,6.64585235
2025-05-16 18:14:24,104004.3,104096.2,103840.6,103866.6,13.23773579
2025-05-16 18:29:20,103861.3,104031.1,103822.1,103823.1,7.96777066
2025-05-16 18:44:16,103823.1,103897.7,103670.1,103682.7,21.05336463
2025-05-16 18:59:12,103682.7,103834.5,103673.2,103718.4,14.01100248
2025-05-16 19:14:08,103718.4,103729.3,103575.0,103670.6,19.5315213
2025-05-16 19:29:04,103670.6,103839.5,103654.5,103785.1,11.37984533
2025-05-16 19:44:00,103785.2,104045.6,103719.4,104024.2,11.64346649
2025-05-16 19:58:56,104024.3,104032.0,103845.1,103910.7,9.08929597
2025-05-16 20:16:00,103905.9,103905.9,103829.6,103879.3,7.1388221
2025-05-16 20:30:56,103867.6,103867.7,103554.2,103596.7,17.47693148
2025-05-16 20:45:52,103596.7,103746.0,103516.4,103684.0,13.82472192
2025-05-16 21:00:48,103683.7,103788.5,103660.6,103764.8,12.17924651
2025-05-16 21:15:44,103764.8,103764.8,103558.2,103558.2,4.4455973
2025-05-16 21:30:40,103558.3,103744.3,103500.0,103717.3,18.5128949
2025-05-16 21:45:36,103717.3,103717.3,103561.4,103611.3,9.90494677
2025-05-16 22:00:32,103611.2,103611.4,103422.4,103460.0,13.14764119
2025-05-16 22:15:28,103460.0,103562.0,103410.8,103457.0,8.31386006
2025-05-16 22:30:24,103457.0,103473.0,103431.0,103440.8,3.55554795
2025-05-16 22:45:20,103440.9,103537.9,103410.5,103518.5,9.81172564
2025-05-16 23:00:16,103516.3,103668.3,103516.3,103659.5,10.44693289
2025-05-16 23:15:12,103659.5,103679.6,103534.5,103615.5,7.06738926
2025-05-16 23:30:08,103615.6,103636.3,103516.3,103516.3,4.12840318
2025-05-16 23:45:04,103516.3,103531.6,103420.6,103462.0,4.59955794
2025-05-17 00:00:00,103462.1,103532.5,103400.8,103532.4,11.19456585
2025-05-17 00:14:56,103532.5,103539.7,103283.1,103295.1,18.37948324
2025-05-17 00:29:52,103295.1,103371.3,103105.0,103186.9,15.93108867
2025-05-17 00:44:48,103187.4,103407.7,103148.6,103356.1,14.42048523
2025-05-17 00:59:44,103356.1,103356.1,102907.9,102913.0,24.15841827
2025-05-17 01:14:40,102913.1,102988.3,102696.2,102983.1,30.03601772
2025-05-17 01:29:36,102991.0,103016.8,102783.0,102954.4,17.53551236
2025-05-17 01:44:32,102954.4,102954.4,102602.1,102822.8,29.07948776
2025-05-17 01:59:28,102827.9,103053.0,102771.2,102771.2,14.1907126
2025-05-17 02:14:24,102766.4,103210.2,102739.0,103152.7,13.9608546
2025-05-17 02:29:20,103152.7,103298.0,103152.7,103252.9,15.26388058
2025-05-17 02:44:16,103245.2,103347.9,103167.8,103287.2,11.52719376
2025-05-17 02:59:12,103280.0,103347.8,103183.9,103233.3,10.67374297
2025-05-17 03:14:08,103232.5,103283.1,103154.7,103283.0,7.81042718
2025-05-17 03:29:04,103283.0,103499.9,103214.4,103464.4,13.89677785
2025-05-17 03:44:00,103464.4,103588.2,103426.0,103495.5,9.01057156
2025-05-17 04:01:04,103498.1,103580.4,103465.0,103507.2,7.7037652
2025-05-17 04:16:00,103507.3,103641.1,103497.9,103605.5,13.35139024
2025-05-17 04:30:56,103605.6,103658.5,103580.0,103580.0,8.80196359
2025-05-17 04:45:52,103571.2,103658.9,103479.4,103650.5,5.77367898
2025-05-17 05:00:48,103650.6,103699.9,103572.8,103580.3,6.58745877
2025-05-17 05:15:44,103580.4,103599.9,103514.4,103545.4,4.43133292
2025-05-17 05:30:40,103545.5,103599.4,103508.0,103526.6,6.58022697
2025-05-17 05:45:36,103526.6,103526.6,103319.7,103337.6,10.4387104
2025-05-17 06:00:32,103337.7,103486.8,103337.6,103486.7,4.92870259
2025-05-17 06:15:28,103486.8,103486.8,103318.2,103318.2,8.1073046
2025-05-17 06:30:24,103318.3,103466.2,103279.1,103466.2,17.66668003
2025-05-17 06:45:20,103466.2,103493.2,103409.9,103472.2,7.46603078
2025-05-17 07:00:16,103472.1,103538.0,103445.8,103537.8,5.44675373
2025-05-17 07:15:12,103537.9,103627.9,103479.0,103599.0,9.05467814
2025-05-17 07:30:08,103599.0,103612.4,103469.8,103469.8,10.32981615
2025-05-17 07:45:04,103469.9,103472.1,103422.4,103444.2,6.34449314
2025-05-17 08:00:00,103444.2,103453.6,103302.8,103337.6,11.96618824
2025-05-17 08:14:56,103337.6,103450.2,103110.1,103448.9,31.12870519
2025-05-17 08:29:52,103449.0,103558.7,103449.0,103466.9,8.52900602
2025-05-17 08:44:48,103466.9,103476.3,103396.5,103411.8,3.50691642
2025-05-17 08:59:44,103411.8,103539.4,103124.1,103150.9,22.79066722
2025-05-17 09:14:40,103158.6,103163.8,102833.6,102867.3,17.91649826
2025-05-17 09:29:36,102867.4,103059.9,102848.4,102900.0,14.09049802
2025-05-17 09:44:32,102900.1,102990.9,102811.3,102899.3,13.53714453
2025-05-17 09:59:28,102899.0,103028.9,102839.1,103004.2,12.7290145
2025-05-17 10:14:24,103004.2,103033.0,102936.4,103005.5,10.73387522
2025-05-17 10:29:20,102996.8,103014.6,102815.3,102836.2,11.74584517
2025-05-17 10:44:16,102836.3,102954.6,102831.6,102870.9,9.48725944
2025-05-17 10:59:12,102870.9,102938.2,102742.9,102757.8,12.3590644
2025-05-17 11:14:08,102757.8,102856.7,102752.7,102799.9,11.54015411
2025-05-17 11:29:04,102799.9,103003.1,102796.9,103003.0,8.67043893
2025-05-17 11:44:00,103003.1,103088.6,102966.5,102984.1,10.10413137
2025-05-17 11:58:56,102984.1,103056.0,102912.7,102925.1,7.79302173
2025-05-17 12:16:00,102925.2,103035.4,102895.0,103002.2,10.73268529
2025-05-17 12:30:56,103001.6,103029.2,102928.9,102980.4,8.86670411
2025-05-17 12:45:52,102980.3,102980.3,102893.0,102927.9,5.56198963
2025-05-17 13:00:48,102928.0,103072.2,102818.4,103072.1,19.48509479
2025-05-17 13:15:44,103072.2,103098.9,102866.5,102927.7,6.55345161
2025-05-17 13:30:40,102937.1,102956.0,102792.9,102812.4,7.36725371
2025-05-17 13:45:36,102809.5,102809.5,102637.1,102716.7,15.16224152
2025-05-17 14:00:32,102716.6,102922.0,102712.6,102922.0,8.18396626
2025-05-17 14:15:28,102922.0,103039.5,102895.9,103024.7,6.11533787
2025-05-17 14:30:24,103024.7,103084.9,102990.3,103052.9,5.95177173
2025-05-17 14:45:20,103052.9,103180.7,103052.9,103130.6,9.54946396
2025-05-17 15:00:16,103130.7,103154.9,103009.7,103075.0,5.39390938
2025-05-17 15:15:12,103075.0,103181.0,102976.6,103093.0,13.58581123
2025-05-17 15:30:08,103093.1,103113.8,103059.2,103059.2,4.57468068
2025-05-17 15:45:04,103059.2,103059.3,102939.0,102950.1,7.9903485
2025-05-17 16:00:00,102950.1,103045.5,102904.8,102963.4,6.35215555
2025-05-17 16:14:56,102963.4,103112.8,102907.8,103000.7,13.2337418
2025-05-17 16:29:52,103000.8,103008.9,102769.3,102878.2,9.61489073
2025-05-17 16:44:48,102878.1,102937.6,102757.5,102937.6,7.61486009
2025-05-17 16:59:44,102942.0,103175.9,102930.0,103130.8,5.37035394
2025-05-17 17:14:40,103130.8,103263.1,103040.9,103225.3,8.6910796
2025-05-17 17:29:36,103225.3,103291.2,103168.6,103197.9,14.40581537
2025-05-17 17:44:32,103198.0,103218.1,103125.8,103125.8,9.25913775
2025-05-17 17:59:28,103125.8,103362.3,103067.4,103219.6,57.89849288
2025-05-17 18:14:24,103217.6,103277.4,103045.1,103198.0,22.0359081
2025-05-17 18:29:20,103198.0,103198.0,102989.2,103079.5,17.52685544
2025-05-17 18:44:16,103079.6,103079.6,102959.4,102984.5,6.53502029
2025-05-17 18:59:12,102984.4,103085.7,102920.0,103085.7,7.97964858
2025-05-17 19:14:08,103085.7,103107.0,103051.9,103051.9,6.48122024
2025-05-17 19:29:04,103051.9,103174.1,103005.9,103174.1,7.16152685
2025-05-17 19:44:00,103174.2,103189.6,103119.0,103148.0,6.14381108
2025-05-17 20:01:04,103147.9,103198.0,103072.6,103091.1,9.46043369
2025-05-17 20:16:00,103091.1,103178.5,103076.4,103164.6,8.20438375
2025-05-17 20:30:56,103164.7,103229.4,103163.0,103225.7,3.84201363
2025-05-17 20:45:52,103225.6,103432.9,103189.8,103377.2,17.52800847
2025-05-17 21:00:48,103377.3,103472.3,103288.0,103408.9,13.79439154
2025-05-17 21:15:44,103408.8,103410.0,103171.5,103201.1,5.63942198
2025-05-17 21:30:40,103204.5,103308.6,103145.5,103228.0,11.35993722
2025-05-17 21:45:36,103228.0,103298.8,103118.8,103238.4,38.77933759
2025-05-17 22:00:32,103246.4,103250.2,102924.5,103002.8,20.78071897
2025-05-17 22:15:28,103002.7,103019.5,102929.0,102929.1,8.8071257
2025-05-17 22:30:24,102929.0,103053.8,102890.3,103023.6,9.62913114
2025-05-17 22:45:20,103023.6,103105.7,103002.7,103035.2,5.77350244
2025-05-17 23:00:16,103035.1,103162.0,102955.9,103162.0,6.4537601
2025-05-17 23:15:12,103161.8,103203.9,103094.1,103160.6,7.58230472
2025-05-17 23:30:08,103160.5,103204.0,103127.5,103157.9,3.90201563
2025-05-17 23:45:04,103157.9,103198.9,103100.7,103126.0,7.06998087
2025-05-18 00:00:00,103126.0,103231.0,103107.0,103207.9,7.03799035
2025-05-18 00:14:56,103220.9,103319.9,103097.5,103256.3,6.59716501
2025-05-18 00:29:52,103256.3,103332.0,103174.9,103280.3,8.99786787
2025-05-18 00:44:48,103266.9,103408.5,103259.5,103373.8,7.93695482
2025-05-18 00:59:44,103373.8,103398.3,103248.0,103270.4,14.48039878
2025-05-18 01:14:40,103269.2,103322.0,103185.6,103208.7,2.84054797
2025-05-18 01:29:36,103212.2,103261.1,103177.2,103178.0,3.05676422
2025-05-18 01:44:32,103177.9,103295.1,103118.2,103240.8,6.48874944
2025-05-18 01:59:28,103245.4,103306.4,103245.4,103306.4,2.62834066
2025-05-18 02:14:24,103314.6,103324.3,103272.5,103288.4,2.26802419
2025-05-18 02:29:20,103288.4,103307.1,103250.3,103282.0,1.29528079
2025-05-18 02:44:16,103282.1,103351.0,103282.0,103333.8,4.18475529
2025-05-18 02:59:12,103333.8,103380.5,103186.0,103220.6,15.99691858
2025-05-18 03:14:08,103220.6,103220.6,103138.8,103138.8,3.00033514
2025-05-18 03:29:04,103138.9,103320.9,103138.8,103296.1,9.84618073
2025-05-18 03:44:00,103296.1,103302.5,103257.5,103292.8,1.8164736
2025-05-18 03:58:56,103292.7,103315.8,103292.7,103307.9,1.01810982
2025-05-18 04:16:00,103307.9,103307.9,103301.2,103303.9,0.5917049
2025-05-18 04:30:56,103303.9,103433.0,103303.8,103417.1,5.50200197
2025-05-18 04:45:52,103417.1,103432.7,103317.1,103349.7,3.19701664
2025-05-18 05:00:48,103349.8,103426.7,103349.7,103412.1,1.62929207
2025-05-18 05:15:44,103412.0,103469.7,103412.0,103439.1,5.8241767
2025-05-18 05:30:40,103439.0,103487.0,103414.7,103471.1,4.03066239
2025-05-18 05:45:36,103471.2,103684.5,103471.1,103647.7,11.84538997
2025-05-18 06:00:32,103647.7,103667.3,103554.3,103594.5,5.46522312
2025-05-18 06:15:28,103597.3,103615.2,103488.5,103498.7,5.17598668
2025-05-18 06:30:24,103500.4,103500.4,103363.7,103469.7,6.46828082
2025-05-18 06:45:20,103469.7,103475.1,103367.8,103472.3,4.59361947
2025-05-18 07:00:16,103472.3,103523.6,103440.2,103523.6,5.90150956
2025-05-18 07:15:12,103523.6,103594.6,103523.6,103594.5,3.43742631
2025-05-18 07:30:08,103594.6,103621.6,103550.0,103621.6,2.87190561
2025-05-18 07:45:04,103621.5,103982.6,103587.7,103919.7,26.00220521
2025-05-18 08:00:00,103922.1,104095.0,103883.0,103898.5,28.83160307
2025-05-18 08:14:56,103898.5,104002.2,103820.0,103972.8,10.27570115
2025-05-18 08:29:52,103972.8,103985.7,103859.8,103859.9,4.31083861
2025-05-18 08:44:48,103859.8,103980.6,103857.3,103913.8,2.87214678
2025-05-18 08:59:44,103913.8,103999.6,103913.7,103999.6,4.25165301
2025-05-18 09:14:40,103999.6,104024.5,103903.5,103962.6,5.43962817
2025-05-18 09:29:36,103962.6,103988.3,103850.4,103850.4,5.43066166
2025-05-18 09:44:32,103850.5,103880.6,103839.6,103861.8,2.56090216
2025-05-18 09:59:28,103861.7,103925.7,103857.4,103925.7,2.55230387
2025-05-18 10:14:24,103925.6,103931.1,103803.5,103803.5,2.40368203
2025-05-18 10:29:20,103803.6,103841.5,103795.8,103835.2,3.18860464
2025-05-18 10:44:16,103835.2,103857.7,103835.2,103857.0,3.14897365
2025-05-18 10:59:12,103857.0,103899.3,103848.6,103863.7,3.67341034
2025-05-18 11:14:08,103863.8,103960.0,103863.7,103917.7,3.18757982
2025-05-18 11:29:04,103917.8,103985.0,103837.4,103837.4,5.79905129
2025-05-18 11:44:00,103837.5,103847.9,103804.9,103806.8,3.10846325
2025-05-18 12:01:04,103806.8,103813.9,103697.3,103752.9,6.60682308
2025-05-18 12:16:00,103752.9,103874.9,103752.8,103866.8,2.0958862
2025-05-18 12:30:56,103866.8,103903.8,103861.8,103861.9,2.17917146
2025-05-18 12:45:52,103861.9,103937.5,103861.7,103937.5,3.88368354
2025-05-18 13:00:48,103937.5,103950.0,103909.8,103922.2,4.03156519
2025-05-18 13:15:44,103922.1,103925.0,103898.0,103898.1,4.70647275
2025-05-18 13:30:40,103898.1,104520.5,103898.1,104452.9,39.15266603
2025-05-18 13:45:36,104452.8,104792.9,104271.4,104735.7,35.86705441
2025-05-18 14:00:32,104735.6,104844.5,104551.9,104551.9,17.26473261
2025-05-18 14:15:28,104552.0,104906.2,104552.0,104786.6,20.47624282
2025-05-18 14:30:24,104797.2,105248.9,104797.2,105203.6,50.6296059
2025-05-18 14:45:20,105214.0,105539.0,105200.0,105251.3,55.58245611
2025-05-18 15:00:16,105251.4,105330.9,104970.5,105155.0,32.03557423
2025-05-18 15:15:12,105154.9,105513.0,105096.5,105333.2,29.1584488
2025-05-18 15:30:08,105339.7,105479.4,105256.9,105453.4,17.7759955
2025-05-18 15:45:04,105453.3,105675.9,105372.3,105512.1,23.39922251
2025-05-18 16:00:00,105512.2,105639.2,105395.1,105415.7,18.58626347
2025-05-18 16:14:56,105415.7,105524.0,105159.0,105457.5,20.46279046
2025-05-18 16:29:52,105451.4,105521.9,105350.3,105499.9,22.50062087
2025-05-18 16:44:48,105499.9,105976.0,105415.3,105812.4,51.75515158
2025-05-18 16:59:44,105812.4,105903.1,105598.1,105808.7,27.11220884
2025-05-18 17:14:40,105808.8,105866.4,105418.0,105554.8,19.35800805
2025-05-18 17:29:36,105554.8,105685.1,105265.2,105513.6,38.26678397
2025-05-18 17:44:32,105513.6,105513.6,104845.9,104845.9,34.58507116
2025-05-18 17:59:28,104844.9,104923.8,103967.0,104291.5,79.77160435
2025-05-18 18:14:24,104326.1,104681.5,104055.3,104681.5,28.20635863
2025-05-18 18:29:20,104681.5,104753.6,104503.4,104582.6,24.52801629
2025-05-18 18:44:16,104582.7,104752.5,104347.8,104509.4,19.28149269
2025-05-18 18:59:12,104502.0,104646.0,104434.7,104645.9,15.59965117
2025-05-18 19:14:08,104629.1,104749.9,104441.3,104539.8,13.15851822
2025-05-18 19:29:04,104539.7,104539.7,104148.1,104244.3,26.93790315
2025-05-18 19:44:00,104244.3,104296.1,103864.7,103885.3,27.78460424
2025-05-18 19:58:56,103875.9,103875.9,103111.0,103664.9,186.77282441
2025-05-18 20:16:00,103664.9,103964.3,103653.1,103935.6,27.84930623
2025-05-18 20:30:56,103935.5,104140.5,103876.5,104140.5,18.31797205
2025-05-18 20:45:52,104140.4,104246.4,104014.5,104065.1,15.29910429
2025-05-18 21:00:48,104058.2,104292.0,104058.2,104216.4,18.71071801
2025-05-18 21:15:44,104216.5,104374.3,104193.0,104307.6,10.50679416
2025-05-18 21:30:40,104307.7,104610.5,104161.2,104459.8,28.48401983
2025-05-18 21:45:36,104468.0,104555.8,104090.6,104175.1,18.02068
2025-05-18 22:00:32,104178.7,104284.5,103957.5,104094.0,20.40740774
2025-05-18 22:15:28,104070.9,105062.0,104002.9,105061.9,22.98047686
2025-05-18 22:30:24,105055.0,105400.0,104932.1,105219.2,46.38591338
2025-05-18 22:45:20,105227.1,105963.8,105180.1,105927.9,41.44956965
2025-05-18 23:00:16,105927.9,105965.8,105561.9,105719.3,31.89633832
2025-05-18 23:15:12,105728.2,105881.2,105465.6,105881.1,27.49226314
2025-05-18 23:30:08,105881.1,105881.1,105636.6,105774.2,11.45133513
2025-05-18 23:45:04,105786.8,106648.1,105718.5,106440.7,68.55177089
2025-05-19 00:00:00,106442.9,107105.7,106321.6,106549.8,63.33942885
2025-05-19 00:14:56,106542.1,106685.5,106112.0,106120.6,34.0723909
2025-05-19 00:29:52,106116.7,106164.6,105396.3,105520.2,32.7286252
2025-05-19 00:44:48,105520.1,105520.1,105137.0,105266.1,32.82528352
2025-05-19 00:59:44,105255.3,105413.8,104916.0,105054.5,25.10201267
2025-05-19 01:14:40,105054.4,105218.6,104741.7,105081.4,21.05886253
2025-05-19 01:29:36,105081.5,105274.4,104847.4,104967.3,16.16439208
2025-05-19 01:44:32,104962.8,105189.9,104915.0,105063.7,11.66804879
2025-05-19 01:59:28,105063.8,105181.7,104581.6,104598.5,27.53336265
2025-05-19 02:14:24,104593.0,104896.0,104577.9,104894.3,15.82662074
2025-05-19 02:29:20,104889.0,105065.7,104792.8,104792.9,12.66866103
2025-05-19 02:44:16,104792.9,104864.3,104579.1,104650.2,10.77462497
2025-05-19 02:59:12,104650.1,104650.2,104169.3,104169.3,18.98450687
2025-05-19 03:14:08,104169.4,104331.3,104096.6,104211.2,23.59968818
2025-05-19 03:29:04,104211.1,104246.6,103824.4,103837.5,28.20651891
2025-05-19 03:44:00,103824.4,103975.5,103550.1,103607.6,40.75875568
2025-05-19 04:01:04,103607.7,103776.3,102923.0,103661.8,113.74601619
2025-05-19 04:16:00,103661.8,103664.6,103208.9,103322.5,21.1239722
2025-05-19 04:30:56,103309.6,103542.0,103047.6,103287.3,35.90015463
2025-05-19 04:45:52,103287.3,103287.3,102628.0,103013.1,126.7560498
2025-05-19 05:00:48,103013.2,103070.6,102632.0,102975.4,44.69523615
2025-05-19 05:15:44,102982.6,102982.6,102652.4,102724.4,27.59061935
2025-05-19 05:30:40,102745.0,103109.7,102524.1,103028.2,76.31558371
2025-05-19 05:45:36,103028.1,103043.1,102848.7,103031.9,23.22625544
2025-05-19 06:00:32,103032.0,103187.5,102833.1,103107.1,30.92351646
2025-05-19 06:15:28,103107.0,103107.0,102589.6,102615.9,22.22523913
2025-05-19 06:30:24,102622.4,102632.5,102072.3,102405.6,53.64112297
2025-05-19 06:45:20,102411.8,102519.5,102202.3,102202.3,26.204488
2025-05-19 07:00:16,102202.4,102690.4,102181.8,102603.8,34.53536957
2025-05-19 07:15:12,102600.5,102883.3,102565.2,102816.8,26.83513777
2025-05-19 07:30:08,102816.7,103164.0,102807.4,103164.0,16.83956903
2025-05-19 07:45:04,103163.9,103382.3,103163.9,103230.0,18.31681756
2025-05-19 08:00:00,103230.1,103267.5,102980.8,103138.0,16.13660134
2025-05-19 08:14:56,103142.8,103366.9,103095.5,103257.2,18.2557205
2025-05-19 08:29:52,103257.1,103257.1,102917.3,102979.1,11.53730693
2025-05-19 08:44:48,102979.1,103245.1,102960.8,103233.5,13.67919381
2025-05-19 08:59:44,103233.6,103437.6,102998.9,103160.8,54.8465245
2025-05-19 09:14:40,103160.9,103266.3,103102.1,103231.3,20.5842646
2025-05-19 09:29:36,103231.2,103300.5,103154.6,103239.5,18.88092093
2025-05-19 09:44:32,103248.3,103248.3,103022.2,103067.1,11.24102776
2025-05-19 09:59:28,103067.2,103079.3,102851.5,102880.6,14.91228516
2025-05-19 10:14:24,102880.7,103091.4,102866.0,103034.0,15.3781732
2025-05-19 10:29:20,103040.3,103068.7,102938.3,102944.2,16.47951752
2025-05-19 10:44:16,102944.3,103065.4,102887.1,102924.3,11.53775993
2025-05-19 10:59:12,102924.3,103006.2,102780.5,102863.4,10.05916589
2025-05-19 11:14:08,102863.3,103058.3,102852.0,103052.0,13.14505758
2025-05-19 11:29:04,103052.1,103053.6,102927.4,103037.9,25.26086009
2025-05-19 11:44:00,103038.0,103064.8,102955.5,102965.1,7.68977204
2025-05-19 11:58:56,102955.7,102955.7,102658.3,102666.3,16.68557074
2025-05-19 12:16:00,102663.9,102663.9,102427.8,102594.6,19.02071363
2025-05-19 12:30:56,102594.6,102630.0,102148.1,102393.6,52.20578118
2025-05-19 12:45:52,102393.5,102464.7,102268.0,102464.7,20.65415148
2025-05-19 13:00:48,102468.0,102577.7,102304.1,102334.2,18.49069561
2025-05-19 13:15:44,102334.3,102558.6,102305.1,102523.1,14.67839522
2025-05-19 13:30:40,102523.1,103019.4,102386.0,103012.4,45.33576832
2025-05-19 13:45:36,103017.4,103518.7,103017.4,103291.1,53.81074615
2025-05-19 14:00:32,103291.1,103586.7,103183.3,103471.5,40.30710421
2025-05-19 14:15:28,103464.1,103745.7,103313.0,103400.1,30.74916884
2025-05-19 14:30:24,103400.2,103857.7,103400.2,103722.9,25.27601275
2025-05-19 14:45:20,103727.1,104363.4,103727.1,104328.3,48.07395391
2025-05-19 15:00:16,104328.3,104589.8,104270.6,104569.4,42.45145374
2025-05-19 15:15:12,104569.4,104680.8,104387.0,104446.0,32.26863723
2025-05-19 15:30:08,104445.4,104934.7,104422.6,104865.3,42.51486244
2025-05-19 15:45:04,104865.4,104950.4,104708.2,104784.6,34.78456105
2025-05-19 16:00:00,104784.5,104885.0,104485.5,104571.5,38.78790024
2025-05-19 16:14:56,104571.6,105098.9,104571.4,105098.9,36.28395029
2025-05-19 16:29:52,105099.1,105100.0,104751.4,104947.6,17.70806749
2025-05-19 16:44:48,104940.4,105440.2,104904.2,105350.2,39.27448636
2025-05-19 16:59:44,105350.1,105536.5,105028.7,105045.4,33.47048325
2025-05-19 17:14:40,105055.5,105397.3,104929.6,105249.0,23.24447711
2025-05-19 17:29:36,105233.9,105367.1,105070.9,105280.2,30.70801463
2025-05-19 17:44:32,105280.1,105440.0,105211.8,105367.0,23.59795916
2025-05-19 17:59:28,105351.6,105536.8,105203.9,105292.3,25.57033482
2025-05-19 18:14:24,105292.2,105361.6,105046.6,105157.3,21.66324713547465
2025-05-19 18:29:20,105149.8,105149.8,104717.9,104950.5,63.34771281
2025-05-19 18:44:16,104950.4,105010.3,104705.0,104773.3,19.8940111
2025-05-19 18:59:12,104776.9,104918.7,104630.1,104878.6,20.19853042
2025-05-19 19:14:08,104878.6,105058.6,104835.2,104907.9,27.1964363
2025-05-19 19:29:04,104907.9,105491.0,104907.9,105459.2,46.5665479
2025-05-19 19:44:00,105448.8,105548.3,105386.9,105517.2,31.20043636
2025-05-19 20:01:04,105508.4,105791.3,105379.1,105398.1,27.8480176
2025-05-19 20:16:00,105398.2,105759.5,105398.2,105718.2,15.98362224
2025-05-19 20:30:56,105718.3,105718.3,105349.4,105383.8,14.46411563
2025-05-19 20:45:52,105395.6,105488.3,105327.5,105469.2,9.56854273
2025-05-19 21:00:48,105469.3,105524.6,105313.9,105426.2,17.61553648
2025-05-19 21:15:44,105426.2,105459.0,105020.7,105020.8,9.63083181
2025-05-19 21:30:40,105020.8,105255.4,105020.7,105255.4,10.28996688
2025-05-19 21:45:36,105255.3,105481.8,105255.3,105459.3,11.16804249
2025-05-19 22:00:32,105459.3,105564.1,105375.9,105431.1,14.03245571
2025-05-19 22:15:28,105440.4,105440.4,105196.3,105209.1,11.56767901
2025-05-19 22:30:24,105209.2,105399.8,105209.2,105388.0,9.29844394
2025-05-19 22:45:20,105388.1,105648.1,105388.1,105553.4,8.08989395
2025-05-19 23:00:16,105553.5,105822.0,105553.5,105674.5,15.87433275
2025-05-19 23:15:12,105674.5,105700.0,105464.9,105474.3,4.99232396
2025-05-19 23:30:08,105474.3,105627.3,105451.0,105600.0,5.59548603
2025-05-19 23:45:04,105605.8,105685.6,105559.4,105578.9,4.65934469
2025-05-20 00:00:00,105578.9,106000.0,105562.1,105990.3,28.68314642
2025-05-20 00:14:56,105990.3,106569.0,105629.9,105629.9,73.81958322
2025-05-20 00:29:52,105629.9,106153.1,105573.8,105906.0,39.51637028
2025-05-20 00:44:48,105910.0,105975.6,105659.7,105724.7,15.97331444
2025-05-20 00:59:44,105716.4,106100.0,105693.3,105800.0,27.36527542
2025-05-20 01:14:40,105804.1,106257.0,105722.2,106097.6,25.51837526
2025-05-20 01:29:36,106097.5,106610.0,106091.9,106339.8,31.72796491
2025-05-20 01:44:32,106322.7,106780.0,106214.5,106439.0,27.03239605
2025-05-20 01:59:28,106439.0,106780.0,106439.0,106648.0,16.0790121
2025-05-20 02:14:24,106648.0,106854.7,106436.2,106460.3,22.99530495
2025-05-20 02:29:20,106455.0,106529.6,106226.0,106226.0,26.72584651
2025-05-20 02:44:16,106225.7,106271.2,106000.6,106097.3,23.40871966
2025-05-20 02:59:12,106097.4,106174.7,105920.6,105921.7,19.90812257
2025-05-20 03:14:08,105927.8,106136.9,105856.8,106069.1,17.89057415
2025-05-20 03:29:04,106069.0,106078.7,105687.6,105712.2,17.30548187
2025-05-20 03:44:00,105712.3,105767.2,105529.6,105760.0,14.42180037
2025-05-20 03:58:56,105760.1,105803.5,105542.4,105584.9,12.32593587
2025-05-20 04:16:00,105593.6,105697.3,105542.1,105563.5,7.0530967
2025-05-20 04:30:56,105563.4,105778.1,105541.0,105716.3,9.78350133
2025-05-20 04:45:52,105716.3,106248.4,105716.3,106214.0,28.65810876
2025-05-20 05:00:48,106225.9,106400.1,106063.7,106348.3,26.88898991
2025-05-20 05:15:44,106348.4,106400.0,106284.0,106353.1,11.44089935
2025-05-20 05:30:40,106344.4,106355.1,106094.9,106107.1,21.08552375
2025-05-20 05:45:36,106107.1,106228.1,106083.7,106106.6,5.6060253
2025-05-20 06:00:32,106106.7,106217.9,105834.7,105834.7,16.85068828
2025-05-20 06:15:28,105834.1,105834.1,105389.7,105485.5,21.93747993
2025-05-20 06:30:24,105485.5,105563.4,105426.8,105503.0,9.23023838
2025-05-20 06:45:20,105503.1,105647.2,105442.6,105442.6,8.17105755
2025-05-20 07:00:16,105442.9,105745.6,105232.3,105677.6,30.69669943
2025-05-20 07:15:12,105678.2,105709.5,105450.6,105523.0,10.04231292
2025-05-20 07:30:08,105531.3,105563.6,105076.8,105081.4,24.28221703
2025-05-20 07:45:04,105082.9,105130.3,104907.7,105028.6,24.60795179
2025-05-20 08:00:00,105020.7,105220.3,104900.1,104951.4,17.19770805
2025-05-20 08:14:56,104947.4,105095.1,104885.5,104885.6,17.18512974
2025-05-20 08:29:52,104885.5,105177.6,104851.9,105166.4,13.08107979
2025-05-20 08:44:48,105160.3,105243.0,105121.7,105218.5,10.95352879
2025-05-20 08:59:44,105226.4,105320.5,105186.3,105250.9,13.33094199
2025-05-20 09:14:40,105250.9,105331.0,105243.1,105318.4,6.76252031
2025-05-20 09:29:36,105318.3,105371.7,105318.3,105371.6,5.59858784
2025-05-20 09:44:32,105371.7,105393.8,105272.9,105287.1,5.74333307
2025-05-20 09:59:28,105287.1,105411.2,105164.9,105226.0,20.55042887
2025-05-20 10:14:24,105229.4,105340.6,105098.8,105248.1,16.37175909
2025-05-20 10:29:20,105248.0,105248.0,105024.6,105166.2,12.86719695
2025-05-20 10:44:16,105166.4,105195.1,105016.3,105022.5,14.00673528
2025-05-20 10:59:12,105022.7,105046.4,104955.8,105016.2,13.3412636
2025-05-20 11:14:08,105016.1,105166.9,104909.9,105144.4,12.65149531
2025-05-20 11:29:04,105144.4,105335.2,105144.4,105322.5,12.69857847
2025-05-20 11:44:00,105322.5,105322.5,105177.1,105201.7,7.81264754
2025-05-20 12:01:04,105194.3,105206.8,105000.1,105032.6,14.84087651
2025-05-20 12:16:00,105032.6,105074.0,104813.4,104820.5,13.36268824
2025-05-20 12:30:56,104820.5,104849.5,104652.6,104732.3,18.16771517
2025-05-20 12:45:52,104737.3,104840.5,104672.8,104768.3,20.26176762
2025-05-20 13:00:48,104768.4,104858.4,104589.0,104589.0,12.16331411
2025-05-20 13:15:44,104589.0,104803.1,104581.2,104615.8,17.27092899
2025-05-20 13:30:40,104615.9,104628.2,104211.3,104226.9,50.68223648
2025-05-20 13:45:36,104238.5,104604.4,104177.7,104441.0,35.34595874
2025-05-20 14:00:32,104440.9,104632.8,104296.2,104488.4,29.80841084
2025-05-20 14:15:28,104489.9,104974.2,104475.9,104700.1,28.65413782
2025-05-20 14:30:24,104700.1,104811.4,104510.7,104772.4,19.10478411
2025-05-20 14:45:20,104772.5,104951.7,104528.5,104528.5,14.90878041
2025-05-20 15:00:16,104518.3,104799.8,104491.7,104799.8,20.30653924
2025-05-20 15:15:12,104799.9,105093.8,104644.1,105081.5,15.45772753
2025-05-20 15:30:08,105086.6,105330.6,105041.4,105118.3,28.10180142
2025-05-20 15:45:04,105118.4,105397.1,105118.0,105338.7,16.54037409
2025-05-20 16:00:00,105338.7,105483.1,105091.6,105154.0,13.49596707
2025-05-20 16:14:56,105154.1,105519.9,105121.9,105254.3,28.14353689
2025-05-20 16:29:52,105254.2,105468.4,105248.0,105361.9,15.23222604
2025-05-20 16:44:48,105372.4,105421.3,105174.2,105209.8,10.5169857
2025-05-20 16:59:44,105209.9,106178.2,105209.9,106105.2,53.22895717
2025-05-20 17:14:40,106105.1,106174.1,105968.6,106125.7,29.08050887
2025-05-20 17:29:36,106125.6,106200.0,105994.8,106195.4,19.33917846
2025-05-20 17:44:32,106199.9,106326.9,106169.8,106204.6,17.45539635
2025-05-20 17:59:28,106204.6,106418.8,106104.1,106274.3,22.84726296
2025-05-20 18:14:24,106271.9,106324.0,105732.9,105769.4,23.4733936
2025-05-20 18:29:20,105769.3,106065.6,105600.1,105647.6,24.97846371
2025-05-20 18:44:16,105655.6,105709.3,105227.0,105277.4,26.86825566
2025-05-20 18:59:12,105277.4,105856.8,105221.1,105839.8,22.97266416
2025-05-20 19:14:08,105851.5,106403.5,105765.1,106307.3,25.6823602
2025-05-20 19:29:04,106307.3,106647.7,106303.1,106515.4,28.45446771
2025-05-20 19:44:00,106515.5,107243.5,106515.5,107033.2,71.99626672
2025-05-20 19:58:56,107029.7,107079.2,106600.5,106641.5,47.00360331
2025-05-20 20:16:00,106621.5,106835.2,106412.0,106707.2,34.36237956
2025-05-20 20:30:56,106699.7,106737.9,106480.2,106734.1,16.08452682
2025-05-20 20:45:52,106739.5,107300.0,106739.5,106909.5,42.89670716
2025-05-20 21:00:48,106909.6,107228.3,106454.1,106479.4,62.43544419
2025-05-20 21:15:44,106484.6,106812.6,106319.6,106319.6,23.83538676
2025-05-20 21:30:40,106318.5,106512.1,106131.0,106491.4,29.59443244
2025-05-20 21:45:36,106494.0,106749.0,106494.0,106611.6,21.03966413
2025-05-20 22:00:32,106611.5,106748.9,106215.4,106313.2,35.15794199
2025-05-20 22:15:28,106313.1,106382.1,105932.3,106360.6,38.79512095
2025-05-20 22:30:24,106360.6,106617.5,106161.4,106559.0,15.39786527
2025-05-20 22:45:20,106559.1,106885.4,106480.4,106780.7,25.0493456
2025-05-20 23:00:16,106770.1,106927.8,106684.7,106888.8,16.46556075
2025-05-20 23:15:12,106888.9,107199.1,106888.9,106959.3,32.67776911
2025-05-20 23:30:08,106964.5,106999.4,106744.0,106744.0,14.99035469
2025-05-20 23:45:04,106744.0,106878.9,106635.4,106848.1,16.70576349
2025-05-21 00:00:00,106848.2,106999.7,106713.1,106999.7,23.97929553
2025-05-21 00:14:56,106999.9,107200.0,106579.6,106594.5,43.72322638
2025-05-21 00:29:52,106594.4,106837.8,106461.5,106681.7,25.24350295
2025-05-21 00:44:48,106681.7,106919.1,106642.4,106743.1,14.95654788
2025-05-21 00:59:44,106743.1,107027.9,106669.2,107021.7,12.75011088
