timestamp,price,volume
2025-04-07 22:04:41.932,79172.2817090801,99753479897.15236
2025-04-07 23:04:50.992,79898.18473633853,92166207576.78459
2025-04-08 00:25:35.422,79462.14204389678,90158806290.83464
2025-04-08 01:04:42.940,78928.09866658547,91724107591.94812
2025-04-08 02:04:33.216,80678.70925924664,87149322252.47937
2025-04-08 03:06:03.716,79900.64902994683,76286124094.67517
2025-04-08 04:04:58.540,79875.47993646495,89798087643.61368
2025-04-08 05:09:37.246,80007.32341078427,87142263774.70036
2025-04-08 06:04:47.463,79799.90914623915,81327464093.54695
2025-04-08 07:05:32.514,79411.29383844102,79429999806.93149
2025-04-08 08:04:59.881,79446.76021326096,75014156425.23972
2025-04-08 09:07:43.185,79090.38478456163,71849550189.01585
2025-04-08 10:05:19.110,78932.56330430893,70616511592.4608
2025-04-08 11:03:54.774,78970.69563692114,68553734977.40481
2025-04-08 12:09:47.980,79860.58407289122,65387728733.575195
2025-04-08 13:05:56.148,79830.81203946835,65920330732.58972
2025-04-08 14:04:52.051,79839.36409691784,64053199082.20768
2025-04-08 15:04:43.127,78772.54353637139,53143447636.67016
2025-04-08 16:09:32.391,78407.02418753588,44345337583.46566
2025-04-08 17:07:11.033,77348.32262284741,46103293708.959076
2025-04-08 18:09:49.532,77268.01412263024,47761896691.04623
2025-04-08 19:09:43.743,77152.06625886497,47440759748.97461
2025-04-08 20:04:48.179,76748.49569818853,48368260326.139145
2025-04-08 21:04:53.120,76989.32782724098,47728873325.989624
2025-04-08 22:01:03.759,77011.48228778424,47978646923.28383
2025-04-08 23:01:32.604,76617.7575009251,48384581325.195854
2025-04-09 00:05:21.509,76300.77843824399,47626917678.72891
2025-04-09 01:01:07.034,76436.39359258307,48433689289.16818
2025-04-09 02:04:58.560,76006.86998159163,49604807785.481636
2025-04-09 03:09:33.036,75658.78700635744,51303326269.78315
2025-04-09 04:04:51.829,75101.3997278555,49797571155.19237
2025-04-09 05:04:51.344,76346.08636985684,53867258035.36106
2025-04-09 06:04:49.838,76610.86422122183,52642266976.685005
2025-04-09 07:00:45.626,76915.69399121219,52844236422.58714
2025-04-09 08:05:21.722,77711.09591952938,57988781783.27727
2025-04-09 09:04:46.936,77268.17847587695,58118883326.91038
2025-04-09 10:33:46.596,77316.05556408654,58138375115.977196
2025-04-09 11:04:44.447,77214.3488944691,58418427747.68415
2025-04-09 12:04:44.301,76129.73403043275,60854388062.46817
2025-04-09 13:04:41.476,76829.34847591358,51836222102.070076
2025-04-09 14:09:36.107,77860.31844171116,60857356957.88401
2025-04-09 15:04:59.204,77023.89133348042,63555652152.19617
2025-04-09 16:04:53.788,77141.99408276133,63342108403.41126
2025-04-09 17:05:55.304,78095.08055640166,62246902656.5321
2025-04-09 18:04:38.303,81841.29813646984,70626904455.33423
2025-04-09 19:04:51.159,81938.0185184143,75096524547.49097
2025-04-09 20:00:17.560,82328.13489688843,76141645245.54094
2025-04-09 21:05:41.946,83004.7027605787,83392686956.00835
2025-04-09 22:04:42.421,83315.43959137528,86771813610.8113
2025-04-09 23:04:59.794,83058.34775924393,87562233420.75386
2025-04-10 00:04:50.148,82595.42668033838,87537570479.44295
2025-04-10 01:04:28.190,82182.12470713933,87059830380.59415
2025-04-10 02:09:17.592,82285.79183047339,83567566570.09784
2025-04-10 03:06:01.380,82121.20904532197,82206625245.50539
2025-04-10 04:44:15.952,81720.2016936257,81046819990.53201
2025-04-10 05:49:12.494,82128.18344703503,79519442459.42447
2025-04-10 06:19:44.095,82189.87168997104,79360467966.26245
2025-04-10 08:30:56.064,81696.40122795808,72562655586.9155
2025-04-10 08:47:37.956,81618.62070888275,76257910344.36177
2025-04-10 09:01:00.271,81532.13745973041,75875374163.10333
2025-04-10 10:57:30.741,81656.71640958315,73305880137.06934
2025-04-10 11:26:28.733,81549.5629152091,71022137765.51314
2025-04-10 12:07:59.873,81773.4962941072,69352938379.6774
2025-04-10 13:04:57.964,81658.41593509233,65467398855.26968
2025-04-10 14:04:33.966,81024.51565768477,68486263499.74985
2025-04-10 15:04:57.212,81329.67668040557,67108594514.87676
2025-04-10 16:05:00.136,78835.58867030361,65644111012.857376
2025-04-10 17:06:06.973,79368.23940861579,70888634180.39557
2025-04-10 18:08:31.092,79297.99031979717,60756615340.33802
2025-04-10 19:05:30.902,79529.67606306932,54286898934.88174
2025-04-10 20:09:28.195,79724.89465979146,51162850767.6052
2025-04-10 21:08:37.278,79878.62357184727,47571379360.9424
2025-04-10 22:05:26.534,79709.36877328751,45147645092.309654
2025-04-10 23:04:40.889,79715.508089801,43267549355.3218
2025-04-11 00:04:58.587,79556.41318002685,41077070897.03185
2025-04-11 01:07:39.334,79086.09032816654,42227532911.570885
2025-04-11 02:04:58.214,80069.49594573223,42567753205.5687
2025-04-11 03:04:42.488,80322.94507383362,41263576603.720146
2025-04-11 04:04:42.416,80758.214835068,42371197785.98522
2025-04-11 05:04:43.780,80822.59872142244,42594352398.682465
2025-04-11 06:00:59.145,80747.36408765496,42482180220.95143
2025-04-11 07:04:38.895,81065.03226648102,42815481695.825836
2025-04-11 08:04:56.499,81251.15450032747,40700503086.96724
2025-04-11 09:04:29.374,81531.54534166763,41637349591.5081
2025-04-11 10:04:55.196,82296.44406983381,44592054194.714134
2025-04-11 11:04:57.441,82622.7737499299,45228503158.325325
2025-04-11 12:04:48.038,82096.00775002626,46155304045.27445
2025-04-11 13:02:57.840,82039.16991257631,44957219232.776726
2025-04-11 14:04:51.767,82687.66283280615,43215910693.078125
2025-04-11 15:04:50.011,81969.68431773817,45320627489.87455
2025-04-11 16:06:57.101,82480.3838471879,40202150345.75773
2025-04-11 17:04:59.237,82782.29915850204,36707765544.121765
2025-04-11 18:04:08.640,83874.22618739116,35835556612.159004
2025-04-11 19:04:37.606,83625.9499325832,38381445380.1516
2025-04-11 20:04:51.501,83820.09298809218,39626463277.5451
2025-04-11 21:04:56.671,83849.48096887217,39649358027.51177
2025-04-11 22:02:50.679,83687.0262905728,40119068155.5766
2025-04-11 23:02:04.630,83403.67277102497,38099070316.84869
2025-04-12 00:04:54.651,83437.92254404748,39789755580.940674
2025-04-12 01:04:53.658,83339.31246065375,37868067045.200554
2025-04-12 02:02:29.713,83170.65968986193,37918455876.84178
2025-04-12 03:09:03.694,82861.85819962031,32318751442.107494
2025-04-12 04:04:58.092,82961.51750754256,36636989852.724815
2025-04-12 05:04:49.346,83199.96650893788,36743861932.47194
2025-04-12 06:03:58.541,83303.79275397805,36173265756.955925
2025-04-12 07:04:51.887,83549.9107448874,35790775307.16792
2025-04-12 08:04:44.290,83704.62816108475,35547950542.648155
2025-04-12 09:09:09.084,83666.1312703991,33936008075.092648
2025-04-12 10:04:51.899,83500.54104423865,32905129471.260765
2025-04-12 11:09:34.402,83447.195072062,31308450807.052475
2025-04-12 12:08:15.164,83502.21970476018,29752034592.281033
2025-04-12 13:02:26.489,83737.13579117409,29128529910.89431
2025-04-12 14:08:09.344,84428.14749494086,23696964674.706665
2025-04-12 15:04:04.998,84884.66465071926,27582963673.435135
2025-04-12 16:01:23.512,85008.74302161673,27402007024.141376
2025-04-12 17:08:42.553,84687.53545478488,26671635706.551483
2025-04-12 18:04:51.875,84749.20272127507,24876431519.27257
2025-04-12 19:04:58.709,85106.24814466636,23519608210.049343
2025-04-12 20:05:42.931,84904.11727218305,22475086129.55206
2025-04-12 21:04:59.076,85528.04428969568,20979791604.324734
2025-04-12 22:04:56.253,85384.6852677325,22612158931.712547
2025-04-12 23:01:23.055,85369.94860925588,22437523630.075287
2025-04-13 00:04:57.196,85296.72976736756,22325929332.096783
2025-04-13 01:04:38.189,85464.59019442675,21399222261.13456
2025-04-13 02:04:44.176,85337.18790410843,23396242677.806522
2025-04-13 03:03:29.974,85232.85128493622,24457704490.116997
2025-04-13 04:04:44.025,85422.0967425296,25560343378.302025
2025-04-13 05:04:44.265,84667.07071059634,24731321788.50571
2025-04-13 06:04:29.714,84515.92251627243,26262893325.624413
2025-04-13 07:04:52.815,84710.09360463546,26386644957.651676
2025-04-13 08:04:57.053,84457.0360990321,26235264077.84562
2025-04-13 09:04:49.008,84585.13863461434,25866892892.878635
2025-04-13 10:04:51.436,84881.3367521123,27323440533.198444
2025-04-13 11:04:58.068,84668.81761593616,26081174915.99955
2025-04-13 12:04:52.052,84446.94289624105,26397290018.562984
2025-04-13 13:06:45.645,84436.51740072019,28159487773.909782
2025-04-13 14:04:53.012,83648.98919141645,26048780716.475864
2025-04-13 15:04:37.889,84031.22500638437,24769563529.27932
2025-04-13 16:08:50.699,83980.12231485195,25328407067.985912
2025-04-13 17:04:42.972,84210.62712650532,24986549564.45461
2025-04-13 18:04:50.275,84771.87106577087,24679527738.848885
2025-04-13 19:04:52.667,84731.50450347898,25895428108.637703
2025-04-13 20:08:15.724,84017.0882151789,27256915334.673058
2025-04-13 21:04:38.302,83438.00410089483,25961464844.32891
2025-04-13 22:04:40.265,83574.27265943393,26859453166.53088
2025-04-13 23:04:57.456,83330.90244768845,28219796845.757812
2025-04-14 00:04:41.854,83637.28172222206,28804463914.194767
2025-04-14 01:05:22.825,84420.85655994239,28687054543.567158
2025-04-14 02:04:49.454,84188.62885806532,29588528890.414555
2025-04-14 03:04:38.071,85142.12257679901,29052400164.1941
2025-04-14 04:04:32.362,84520.33459198069,31237009053.118988
2025-04-14 05:04:31.796,84908.86594967128,29651147022.6566
2025-04-14 06:09:31.682,84464.7604669509,29848560812.822533
2025-04-14 07:04:41.459,84551.38712005342,29758771728.241455
2025-04-14 08:04:30.453,84555.6272692444,30124322587.092262
2025-04-14 09:04:32.487,84723.07963389653,30125033691.47228
2025-04-14 10:04:27.572,84428.69559111315,29412856192.643673
2025-04-14 11:06:33.757,84626.70459097729,30848923328.692116
2025-04-14 12:07:53.170,84887.52973148914,30839249973.236317
2025-04-14 13:04:51.736,85104.2026773784,30988333334.62906
2025-04-14 14:04:54.942,84446.0708102059,31227223620.751675
2025-04-14 15:02:20.879,85667.64514540603,32496414004.012585
2025-04-14 16:06:17.528,84158.074707306,34036063036.06071
2025-04-14 17:00:49.882,84437.69989177307,35315472059.30048
2025-04-14 18:04:56.944,84802.421103376,35472161766.72967
2025-04-14 19:02:22.638,84947.04782692718,35537902440.184235
2025-04-14 20:01:01.748,84916.65944245027,35492260043.1935
2025-04-14 21:04:56.391,84872.47644905868,34863462682.38971
2025-04-14 22:01:39.241,84678.29714727977,34075616806.901947
2025-04-14 23:04:44.792,84516.57227578854,33472488655.716427
2025-04-15 00:04:53.349,84590.22055897689,33301832326.690807
2025-04-15 01:04:56.920,84805.40623454058,32302286398.17088
2025-04-15 02:04:59.782,84973.75743867172,30469383535.225815
2025-04-15 03:00:02.574,84909.8088011936,28833215507.335575
2025-04-15 04:00:35.753,85264.26252155572,28438051177.296925
2025-04-15 05:09:19.420,85540.8011230295,27855974355.779774
2025-04-15 06:03:03.179,85650.19655642175,28093151424.647682
2025-04-15 07:08:57.818,85470.69141248541,28175986120.09364
2025-04-15 08:11:03.987,85718.22005374837,28075532993.712482
2025-04-15 09:01:32.707,85822.84294330432,28259366423.178886
2025-04-15 10:01:20.979,85917.26834462702,27150999951.62466
2025-04-15 11:04:57.184,85620.89303105656,28444107083.885624
2025-04-15 12:04:49.151,85568.11153809096,28174722832.51464
2025-04-15 13:04:40.862,85750.21230099528,27988401173.19857
2025-04-15 14:05:22.214,85643.31333199244,26554300407.591824
2025-04-15 15:04:45.603,85196.52851347838,29242454005.53045
2025-04-15 16:04:46.254,84872.39518339455,27696652739.79677
2025-04-15 17:04:31.616,84883.0020095308,26958796605.14273
2025-04-15 18:04:46.647,84514.06417495162,24536454489.79088
2025-04-15 19:07:51.019,84190.93368373165,26156097391.003777
2025-04-15 20:04:53.664,84067.51559465779,25881358174.762314
2025-04-15 21:04:49.187,83969.38654754977,25355937628.242596
2025-04-15 22:04:53.611,84088.84019229886,25678958319.972904
2025-04-15 23:04:53.080,83820.92705842877,26005809621.213688
2025-04-16 00:04:51.853,83641.90418930881,26417686833.658375
2025-04-16 01:04:50.547,83276.55042310501,26798205615.679115
2025-04-16 02:04:50.694,83588.3328373832,26955187256.836
2025-04-16 03:04:54.175,83852.32880812319,26966686844.326843
2025-04-16 04:04:32.471,83691.3161157112,26301442392.055126
2025-04-16 05:07:55.560,83630.30378934758,26103276604.783455
2025-04-16 06:07:37.368,83362.81469972755,26069970344.448807
2025-04-16 07:04:40.714,83671.63968678997,26112189906.859047
2025-04-16 08:09:22.659,83268.76104504136,26158048077.24029
2025-04-16 09:07:08.037,83791.12089609494,26146815711.618164
2025-04-16 10:00:24.816,83684.21939217026,26258983880.795704
2025-04-16 11:04:59.970,83940.193092368,25854248038.409874
2025-04-16 12:05:38.435,84031.00362096768,25743576996.57189
2025-04-16 13:04:48.792,83773.76770684845,25845971837.80027
2025-04-16 14:59:10.696,84632.62914216601,23292756009.63023
2025-04-16 15:00:13.625,84632.62914216601,23292756009.63023
2025-04-16 16:04:30.133,84881.20601105259,23750905084.113583
2025-04-16 17:14:47.218,85164.83798446032,24149764998.471424
2025-04-16 18:02:51.869,83592.78870942906,25023448349.806973
2025-04-16 19:06:03.213,83927.46698655207,27471477475.63384
2025-04-16 20:01:43.080,84335.5094604819,28061136787.622017
2025-04-16 21:04:31.619,84407.0868388753,27878699090.11145
2025-04-16 22:04:35.151,84585.68630940643,27794859857.025158
2025-04-16 23:04:52.293,84463.89043079078,27241753910.436047
2025-04-17 00:05:26.229,84058.84766997752,26900020730.395645
2025-04-17 01:04:51.351,84169.25906554099,26567846874.906364
2025-04-17 02:04:56.846,84289.10887462631,25969019981.30882
2025-04-17 03:04:40.360,84233.9540809772,25634000919.676163
2025-04-17 04:00:40.869,83998.8765062859,25482060322.116005
2025-04-17 05:05:40.929,84114.96421410139,25407630225.528187
2025-04-17 06:03:39.373,84424.6075788509,25050858377.81313
2025-04-17 07:04:57.904,84780.57098208612,24958752276.79313
2025-04-17 08:04:40.116,84657.33004725928,24379641574.293026
2025-04-17 09:00:54.998,84470.83930024544,24242675075.877323
2025-04-17 10:03:03.153,84444.83113819316,23735005655.923225
2025-04-17 11:04:41.285,84338.83914942484,23624709338.54323
2025-04-17 12:07:07.341,84671.31259746742,23593799403.747364
2025-04-17 13:04:42.015,84752.81095552155,23600667130.420914
2025-04-17 14:04:33.231,84551.43324382056,23285278418.471848
2025-04-17 15:04:53.536,84116.88582337098,22950493838.413826
2025-04-17 16:03:54.434,84521.25838113441,22317137866.099277
2025-04-17 17:01:35.119,84896.92624338971,21956636018.869995
2025-04-17 18:06:44.836,85130.287718885,20790646122.91963
2025-04-17 19:04:57.605,85099.49107256206,20151824832.884544
2025-04-17 20:06:36.814,84850.50910583472,19914133505.11131
2025-04-17 21:04:57.436,85111.67393566275,17702163128.16779
2025-04-17 22:04:56.201,85056.76185615391,18781211909.755318
2025-04-17 23:02:19.439,84837.31546385802,19553847950.538727
2025-04-18 00:07:17.344,84946.9167296784,19288996288.863773
2025-04-18 01:04:53.827,84812.66058743586,19064246796.35401
2025-04-18 02:05:02.404,84932.22254470258,19054439994.802692
2025-04-18 03:09:09.142,84877.16175933217,19042730139.748035
2025-04-18 04:04:45.550,84819.48188695368,18791809182.171223
2025-04-18 05:04:45.687,84693.92576511695,18683307318.466324
2025-04-18 06:04:56.822,84680.34688547385,18447176591.515533
2025-04-18 07:09:09.932,84719.19044705047,18195151322.999283
2025-04-18 08:04:34.493,84641.30564762019,17985597649.815006
2025-04-18 09:06:39.364,84627.54918136004,17867898390.25369
2025-04-18 10:04:50.059,84546.0386285242,16730428617.031824
2025-04-18 11:09:30.139,84498.7745773988,17717976972.50066
2025-04-18 12:04:45.084,84593.66315889767,17851824118.60348
2025-04-18 13:07:32.287,84618.69491163455,17129395832.669182
2025-04-18 14:04:59.488,84543.30063719767,16584322324.825985
2025-04-18 15:03:49.491,84541.69566568747,15438505941.395224
2025-04-18 16:06:10.557,84382.34027186113,14467776450.482706
2025-04-18 17:07:26.835,84455.82994619277,13138728651.205233
2025-04-18 18:04:51.703,84543.02354629472,12393870048.954319
2025-04-18 19:03:48.592,84599.59333023877,11414742554.662062
2025-04-18 20:07:34.135,84535.96965601825,10131080534.316948
2025-04-18 21:04:55.138,84495.66839467015,9843657562.061895
2025-04-18 22:04:56.604,84589.93551188768,9850179505.363543
2025-04-18 23:04:09.563,84507.5553544359,9723087550.640936
2025-04-19 00:04:50.927,84447.77718147618,9519084069.023277
2025-04-19 01:04:52.944,84430.13416891031,9382419554.530506
2025-04-19 02:04:53.988,84537.56876723397,9014768628.698553
2025-04-19 03:04:39.291,84750.96113857607,9336293445.209038
2025-04-19 04:04:54.282,84873.33303095314,9829576005.944397
2025-04-19 05:04:56.887,85039.73101895596,10382767554.343277
2025-04-19 06:06:55.197,85065.22675131068,10357117094.931768
2025-04-19 07:09:28.012,84928.93649119227,10456052815.209608
2025-04-19 08:04:38.713,85188.51899516837,10403254268.60379
2025-04-19 09:04:47.420,85315.77967080926,10263952595.087347
2025-04-19 10:04:57.504,85348.12052038811,10662911320.514126
2025-04-19 11:04:51.582,85222.96773135632,10620139110.541403
2025-04-19 12:04:38.460,85196.3572478893,10710353363.186907
2025-04-19 13:00:52.596,85277.07094440877,10660413635.525568
2025-04-19 14:04:39.991,85450.83762577904,10842920131.508347
2025-04-19 15:09:26.840,85405.39779525725,10794025109.328033
2025-04-19 16:04:54.075,85216.9255110766,11784994687.32361
2025-04-19 17:04:48.535,84884.07476220753,12353233486.837652
2025-04-19 18:04:47.543,85152.68414164294,12847557444.916637
2025-04-19 19:04:57.549,85145.76108784041,13047475683.640976
2025-04-19 20:01:54.415,85081.67948116116,12872906246.825203
2025-04-19 21:04:53.819,85202.13526291905,12869952385.398943
2025-04-19 22:04:51.622,85317.39798374778,12868192057.133366
2025-04-19 23:04:56.247,85246.71284128349,12731278593.332134
2025-04-20 00:04:53.780,85089.15978095334,12670744245.852667
2025-04-20 01:04:39.515,85136.60177429907,12878809250.118336
2025-04-20 02:04:32.423,85279.66518510957,12986518209.386763
2025-04-20 03:04:45.251,85234.9939190133,12709118146.570816
2025-04-20 04:04:13.788,85143.828498931,12234548336.676558
2025-04-20 05:01:40.936,85195.6725951446,11525255642.587013
2025-04-20 06:01:18.578,85100.82279248716,11101878470.254309
2025-04-20 07:04:37.355,84950.9007313259,11000452173.068111
2025-04-20 08:04:51.704,84777.37613360975,11650049141.506971
2025-04-20 09:04:14.804,84631.43686608228,11591606870.61641
2025-04-20 10:04:43.986,84530.86583852716,11508919534.937735
2025-04-20 11:04:51.487,84160.54490886752,12059142439.175615
2025-04-20 12:04:46.210,84093.83367559967,12230431550.36667
2025-04-20 13:04:47.251,84347.36438378347,12572805575.256184
2025-04-20 14:04:30.800,84327.78944172559,12620261042.668427
2025-04-20 15:04:40.110,84612.56642329428,12740827260.99758
2025-04-20 16:04:44.724,84357.12486748009,11983928457.8797
2025-04-20 17:04:34.686,84598.16864692859,11407587141.556297
2025-04-20 18:04:48.198,84563.85942887008,11178582344.299303
2025-04-20 19:04:44.699,84561.23870595935,11015463675.223082
2025-04-20 20:04:45.731,84633.09631104583,10930864938.457783
2025-04-20 21:04:41.938,85074.9301477244,11704693509.219442
2025-04-20 22:04:19.496,85006.65839359477,11864783658.919407
2025-04-20 23:04:46.701,84832.44738276633,12104644653.904951
2025-04-21 00:04:43.007,85140.01930346077,12659750519.9577
2025-04-21 01:04:51.516,86714.02766242875,16550336551.285799
2025-04-21 02:04:54.376,87278.3464593321,18584663778.50882
2025-04-21 03:00:49.371,87325.35908063866,21476209672.698124
2025-04-21 04:04:42.687,87228.60184957321,22363232352.524635
2025-04-21 05:03:43.715,87323.94026251098,23210322907.112617
2025-04-21 06:01:03.805,87542.22595116406,24074803466.54373
2025-04-21 07:03:21.837,87506.67640355151,23102253316.562756
2025-04-21 08:04:39.700,87446.14418253464,23917329535.529823
2025-04-21 09:09:32.608,87636.20600701202,24436765056.41213
2025-04-21 10:04:26.878,87491.96387120764,24780648061.352463
2025-04-21 11:04:03.285,87345.61297579524,24630464706.46601
2025-04-21 12:03:35.731,86951.23393622616,25141594043.229687
2025-04-21 13:09:29.945,87029.4162966705,25633493993.71133
2025-04-21 14:04:28.438,87170.64212179757,27450943979.555202
2025-04-21 15:04:55.430,88183.22734480911,31261793671.488033
2025-04-21 16:04:54.922,88053.972667927,33215138668.762897
2025-04-21 17:04:45.909,87263.62426688836,35134749926.61371
2025-04-21 18:01:23.676,86906.81060010106,37090291609.68336
2025-04-21 19:09:38.984,86872.88362183892,38333572562.1111
2025-04-21 20:09:30.503,87267.08133220796,39693997714.498726
2025-04-21 21:04:42.002,87240.99623910723,39433392998.23552
2025-04-21 22:09:27.086,87133.19844863031,39735211417.973885
2025-04-21 23:03:19.294,87118.9841439109,39801838176.88676
2025-04-22 00:09:28.505,87530.85023993472,39741058939.04559
2025-04-22 01:05:04.323,87561.47787989446,37449430343.86999
2025-04-22 02:01:12.250,88427.93464457903,37264189843.56952
2025-04-22 03:04:35.682,88134.56104399524,36333122609.88249
2025-04-22 04:09:24.542,88206.8971608964,36335514896.34648
2025-04-22 05:04:50.874,88097.16160628853,36422284422.60896
2025-04-22 06:00:15.774,88353.8950523597,35189980620.64078
2025-04-22 07:05:34.804,88198.71827387622,36030781562.737785
2025-04-22 08:04:36.748,88439.4111997744,36371412799.49391
2025-04-22 09:09:23.190,88443.79494014631,36636945223.480385
2025-04-22 10:04:52.792,88523.46935894903,36287607147.10234
2025-04-22 11:05:39.540,88555.86571149474,36198348163.92091
2025-04-22 12:00:34.600,88615.97002846011,35806515766.05048
2025-04-22 13:04:40.292,88978.81535347943,36709697776.25621
2025-04-22 14:04:38.991,90194.6121299601,39084954108.94737
2025-04-22 15:04:52.197,90772.12442241653,38657341663.94076
2025-04-22 16:09:38.900,90907.45862548235,44436225581.79293
2025-04-22 17:05:40.803,90772.46208096718,44112267482.280754
2025-04-22 18:09:08.855,91486.13734433235,42564792978.80095
2025-04-22 19:04:49.028,91502.62798566568,44707867395.205826
2025-04-22 20:09:47.284,91443.57232155654,45783149005.930756
2025-04-22 21:00:38.567,91181.31706325726,45960913830.33559
2025-04-22 22:04:55.837,92780.03301369656,50931728148.35159
2025-04-22 23:09:36.120,92890.82073039186,51597175731.22217
2025-04-23 00:04:39.568,93518.26130183092,56063636820.03722
2025-04-23 01:05:14.054,92980.77660341187,57174986744.26466
2025-04-23 02:08:21.982,92765.40196195075,55905920796.64228
2025-04-23 03:09:19.281,92861.56559827678,55714467468.13759
2025-04-23 04:09:17.111,93191.46336099145,55468272865.25316
2025-04-23 05:04:47.950,93539.16589703153,56111159820.540665
2025-04-23 06:01:08.330,93533.65711519695,56163009502.73425
2025-04-23 07:04:38.108,93680.63487801861,56454614670.39402
2025-04-23 08:09:29.580,93966.3329099382,57508057255.89716
2025-04-23 09:04:04.276,94294.96451438825,57694311387.170906
2025-04-23 10:06:57.683,93845.59854642389,58976578722.309296
2025-04-23 11:08:12.769,93715.60255843068,59139830907.23544
2025-04-23 12:04:45.244,93491.06534555122,58912483916.152306
2025-04-23 13:04:53.536,93772.95768584043,58385680365.40563
2025-04-23 14:04:59.472,93257.51177479739,57381672661.28947
2025-04-23 15:00:30.700,93028.64308888822,52670242670.3859
2025-04-23 16:04:26.279,93025.32634165006,53466121172.485115
2025-04-23 17:04:59.304,93660.67063956453,52851719619.69919
2025-04-23 18:04:55.546,93871.60137754977,52258468174.158936
2025-04-23 19:04:44.865,93702.96947748295,51330073833.35134
2025-04-23 20:04:33.892,93534.41629158678,51039672785.339455
2025-04-23 21:04:42.310,93720.32472543613,50086867477.541466
2025-04-23 22:05:59.898,93457.78218613163,45057526327.38093
2025-04-23 23:06:23.353,93775.79949419561,41659886814.724525
2025-04-24 00:05:09.302,93692.84058767844,40090237856.18779
2025-04-24 01:05:33.201,93433.21370990733,38706055020.481606
2025-04-24 02:04:52.135,93559.06623076717,37944799156.174995
2025-04-24 03:09:34.846,93177.55820369317,36856520200.916916
2025-04-24 04:06:27.582,92791.86738499445,36911538619.77387
2025-04-24 05:22:45.076,92830.13674508072,36930723868.88209
2025-04-24 06:24:09.724,92422.33360998418,36752630570.94276
2025-04-24 07:14:50.774,92481.314870863,36669100527.06194
2025-04-24 08:00:46.344,92215.58688600673,36671837880.579666
2025-04-24 09:04:47.074,91979.55746381238,36915046411.95715
2025-04-24 10:04:52.429,92439.36671109166,37608182926.18866
2025-04-24 11:04:44.572,92612.10443532834,36741048994.80879
2025-04-24 12:04:51.441,92619.17159627969,36881481940.883125
2025-04-24 13:04:57.746,92758.39429904126,36479021870.3379
2025-04-24 14:04:57.416,92792.50515530353,34372031502.18456
2025-04-24 15:09:28.467,93148.31526966579,32949304371.754387
2025-04-24 16:04:56.308,93263.62351695224,31414297953.75929
2025-04-24 17:09:48.436,93440.4683204101,30249503928.941933
2025-04-24 18:04:53.816,93008.71420843324,29912762135.55175
2025-04-24 19:04:47.205,93426.4096716433,29352103756.219425
2025-04-24 20:04:41.416,93646.9616071421,28885269124.405598
2025-04-24 21:04:09.109,93499.2338094935,29308286685.445343
2025-04-24 22:00:03.429,93368.35893682836,29122516873.958107
2025-04-24 23:01:45.573,93463.48432069764,29127834412.698193
2025-04-25 00:06:42.330,93950.39664992713,28640767773.635536
2025-04-25 01:09:27.251,93937.73291095014,30546808602.667923
2025-04-25 02:02:10.684,93724.29216200934,31402087257.953354
2025-04-25 03:07:12.949,93056.1298372759,32297079814.060318
2025-04-25 04:04:33.377,93340.28087687395,31806824328.055424
2025-04-25 05:04:50.391,93109.0023842389,30140002921.704597
2025-04-25 06:06:28.892,93263.24896812698,31371355842.889046
2025-04-25 07:00:20.630,93584.09278760613,28179865955.575977
2025-04-25 08:03:34.573,93768.70443780805,32249839203.044266
2025-04-25 09:09:35.239,93672.32266122216,30715961181.13564
2025-04-25 10:04:41.302,93826.3479104858,28564917677.524544
2025-04-25 11:02:51.869,93667.68760388183,29964203434.232616
2025-04-25 12:09:31.092,94610.85462379066,30332190377.025986
2025-04-25 13:04:42.627,94458.97869936838,33152181903.026085
2025-04-25 14:04:51.968,94489.4100285538,32057881468.56667
2025-04-25 15:04:54.616,95501.30690513337,36080505925.2842
2025-04-25 16:01:32.073,95132.21312364972,39503204942.11524
2025-04-25 17:02:18.402,95292.65874105405,39502190730.08251
2025-04-25 18:09:48.085,94715.48156893643,38216177750.544395
2025-04-25 19:04:59.896,95057.4656296913,40660547210.24479
2025-04-25 20:02:49.627,95182.4305032165,40672993116.57537
2025-04-25 21:05:59.576,94953.82159752958,40875455715.965195
2025-04-25 22:04:47.983,94682.09884824745,40711124315.67286
2025-04-25 23:04:42.984,94928.50897300708,40153827009.772224
2025-04-26 00:09:38.633,94800.21413700008,39614324025.27644
2025-04-26 01:05:32.469,94888.07294762752,39570600352.73456
2025-04-26 02:04:57.126,95066.6945668174,37063083249.84578
2025-04-26 03:04:39.206,95078.20905423805,38057720627.95043
2025-04-26 04:04:42.650,94791.3808696889,36408574498.32083
2025-04-26 05:06:35.268,94642.75101322084,36120885234.013054
2025-04-26 06:04:51.081,94671.43197965455,36128746288.74067
2025-04-26 07:00:03.751,94734.50640966927,36411094599.14265
2025-04-26 08:02:02.029,94687.45719807257,34924944991.69628
2025-04-26 09:00:22.845,94413.16016295046,34461653006.83425
2025-04-26 10:08:52.585,94272.05009027116,34342311063.718803
2025-04-26 11:08:01.761,94283.01021932048,33673716122.63642
2025-04-26 12:04:02.061,94189.89391089336,32540539140.300175
2025-04-26 13:09:40.469,94293.46684998806,29724804136.11558
2025-04-26 14:09:47.356,94103.96485256299,27936849517.970722
2025-04-26 15:09:59.427,94305.68621590677,22279860395.782906
2025-04-26 16:04:46.285,94400.20474084756,20418767190.71715
2025-04-26 17:04:44.853,94295.89439764651,19427455813.801228
2025-04-26 18:02:44.127,94356.36388475669,18013418345.608772
2025-04-26 19:08:36.883,94222.6479037988,16752606440.015022
2025-04-26 20:09:49.954,94375.50019793019,15855370637.835535
2025-04-26 21:09:07.622,94211.33026101453,15154958582.323412
2025-04-26 22:04:52.473,94379.96507670345,14845594128.666458
2025-04-26 23:02:10.001,94749.59569570786,15282075583.342007
2025-04-27 00:03:27.656,94665.59782689773,15109713727.349548
2025-04-27 01:04:56.964,94915.7893105099,14989364725.226372
2025-04-27 02:04:51.462,94305.62927021507,16538035026.767656
2025-04-27 03:04:56.347,94357.67472686237,16259478950.90502
2025-04-27 04:06:09.291,94208.71672021072,16402903771.73437
2025-04-27 05:05:15.825,94066.04042250656,16337278769.294136
2025-04-27 06:05:07.325,93935.71681033401,16601723637.396477
2025-04-27 07:01:52.282,94020.6114665585,16914833963.037996
2025-04-27 08:05:24.098,94099.61866309473,16896841650.176662
2025-04-27 09:04:57.311,94243.8134242909,16031792266.782452
2025-04-27 10:00:03.880,94186.57489664084,15747993451.199251
2025-04-27 11:06:23.248,94077.48711673608,15526944041.400476
2025-04-27 12:05:48.613,93951.79052641905,15586232403.947176
2025-04-27 13:12:35.272,93780.92738165492,15691606751.570711
2025-04-27 14:09:54.041,94056.02974497322,14597633378.651144
2025-04-27 15:03:14.675,94012.54230975345,15309000651.195328
2025-04-27 16:05:15.224,93931.92039415007,15113331022.130234
2025-04-27 17:04:49.764,93878.00807425859,15165686210.863964
2025-04-27 18:04:46.310,94058.43364934066,15228005621.519024
2025-04-27 19:08:06.269,94313.65279047523,15481317298.255548
2025-04-27 20:04:52.413,94438.10991685066,15705128806.121576
2025-04-27 21:04:55.766,94335.7782572878,15855878176.924637
2025-04-27 22:05:13.363,94386.94133688205,15889165013.309153
2025-04-27 23:09:36.186,93875.1098671888,15922641788.480486
2025-04-28 00:04:56.593,93801.93640023789,15908970912.842602
2025-04-28 01:01:33.167,93473.59896331423,16166014203.823904
2025-04-28 02:04:56.658,92972.1233992771,15810615922.807072
2025-04-28 03:04:37.908,93591.78111122278,16316926714.830761
2025-04-28 04:04:58.089,93898.55817619186,16625332383.199625
2025-04-28 05:01:09.877,94052.92982265026,17584247677.756016
2025-04-28 06:12:25.580,94337.99091792513,16925916901.909714
2025-04-28 07:09:21.027,94592.80364525352,18075293003.60265
2025-04-28 08:04:33.975,94719.80077278939,18415532637.136574
2025-04-28 09:04:36.188,94726.46121377338,17562660787.21445
2025-04-28 10:09:29.796,94753.04302427365,19198891422.036034
2025-04-28 11:02:52.487,95095.05194869367,20838168925.793457
2025-04-28 12:06:04.374,95209.88562041643,22865452011.147232
2025-04-28 13:02:53.485,95379.01155145206,23006252605.82964
2025-04-28 14:04:48.768,94160.65951029157,26183463056.008472
2025-04-28 15:07:34.634,94518.10809357835,27388036260.452553
2025-04-28 16:08:27.201,93743.29134255854,27601676657.64886
2025-04-28 17:09:40.584,93768.16716030957,29746763214.019287
2025-04-28 18:04:53.496,94088.3492259459,30209842780.965786
2025-04-28 19:09:23.238,94370.37788531507,30852954851.626045
2025-04-28 20:06:56.100,94724.26140981507,31489497208.474575
2025-04-28 21:06:37.946,94489.78433827849,31480136291.535976
2025-04-28 22:05:46.289,94524.79413287721,31716467000.8186
2025-04-28 23:09:41.062,94892.31622725037,31303390154.5908
2025-04-29 00:05:43.303,95023.30123616234,31941943533.364017
2025-04-29 01:09:19.570,95092.15593412973,31269559539.783936
2025-04-29 02:01:26.787,95037.6842700234,31182630692.436924
2025-04-29 03:04:53.530,94634.34775291583,30781081158.109642
2025-04-29 04:04:55.231,94711.85582595154,30212121373.055565
2025-04-29 05:04:53.801,94402.8475887107,29159730093.63117
2025-04-29 06:05:22.025,94309.34150552544,30133880520.47761
2025-04-29 07:04:52.243,94736.90399716885,30614840575.078182
2025-04-29 08:01:38.575,94945.88818709119,30020008574.152744
2025-04-29 09:07:57.608,95036.50761795617,29939085922.22545
2025-04-29 10:05:39.216,94982.69960125435,29730189018.487278
2025-04-29 11:04:36.095,94844.8964248396,26853393572.9115
2025-04-29 12:03:57.804,95138.9826524075,27165083864.767834
2025-04-29 13:09:38.716,94821.9984027527,25777275955.89555
2025-04-29 14:04:58.101,94844.97712552836,24488733322.133472
2025-04-29 15:09:44.671,95008.0858721801,24052165549.284542
2025-04-29 16:04:22.446,94884.37969661214,23004426147.55474
2025-04-29 17:04:37.831,95126.89727545314,23402674821.010925
2025-04-29 18:01:14.419,95246.67705322705,23662926115.99526
2025-04-29 19:03:27.598,95432.6412390394,24104654035.929207
2025-04-29 20:00:41.912,95352.38806277467,23551953533.244083
2025-04-29 21:04:57.772,94869.96433327574,23486360767.905876
2025-04-29 22:02:36.643,94734.09131013733,24424852339.427868
2025-04-29 23:06:44.527,94172.7308096848,23953282283.601173
2025-04-30 00:04:51.368,94274.73761715383,23999705433.51958
2025-04-30 01:04:49.115,94516.29757229747,26069740019.55488
2025-04-30 02:09:25.292,94518.40205174654,24865239327.718994
2025-04-30 03:09:22.839,94648.3447693538,24419242610.205685
2025-04-30 04:00:40.885,95025.12104407264,24634305555.57584
2025-04-30 05:04:36.956,95035.54414534067,24734271873.658443
2025-04-30 06:06:29.945,94946.4723594617,23544724387.058613
2025-04-30 07:19:28.119,94835.45943330207,23442873015.493847
2025-04-30 08:04:44.227,94613.33654937492,23540047051.36502
2025-04-30 09:09:14.860,94750.99713603835,23321327698.895832
2025-04-30 10:07:30.402,94918.12565036309,23156232445.54903
2025-04-30 11:06:02.959,94977.78012458209,22837511742.79451
2025-04-30 12:06:42.415,95184.3208761479,22561953560.99563
2025-04-30 13:10:00.008,94554.20540577683,21646000610.741142
2025-04-30 14:09:36.746,93438.4113920031,25082327792.67011
2025-04-30 15:02:25.834,93852.9834130323,26813861022.08763
2025-04-30 16:09:31.882,93960.92369309088,27303797467.39184
2025-04-30 17:17:26.505,93852.7884446117,28211891888.236774
2025-04-30 18:09:37.689,94160.41262165838,28088601051.240864
2025-04-30 19:07:16.214,94112.51913791492,27991071404.872074
2025-04-30 20:09:53.976,94243.79947751077,28322751881.64089
2025-04-30 21:11:53.463,94635.11580314163,28683546294.251938
2025-04-30 22:21:51.758,94558.76592370817,27545282511.952824
2025-04-30 23:18:01.486,94239.62198019015,26953432105.11117
2025-05-01 00:14:59.869,94286.27798563991,26389825886.205917
2025-05-01 01:14:58.749,94504.1218590692,26107103084.88499
2025-05-01 02:16:56.011,94747.50335326188,24942642576.298374
2025-05-01 03:17:20.198,94863.80495374925,27048428851.604664
2025-05-01 04:09:59.632,94810.38565218869,27062167121.426548
2025-05-01 05:09:48.776,94868.17338025161,26687455847.157455
2025-05-01 06:07:19.626,95122.89587391756,27088021694.51865
2025-05-01 07:17:51.299,94975.44965385088,26913618717.80651
2025-05-01 08:09:51.358,95012.07609052637,26947140913.775948
2025-05-01 09:04:52.862,95191.59290594971,27226384163.036617
2025-05-01 10:03:06.843,95605.38961340772,28176709197.341843
2025-05-01 11:00:09.466,96109.699924197,30091068381.6659
2025-05-01 12:09:51.732,96193.46052079443,30341158140.867184
2025-05-01 13:13:44.895,96401.97464348341,29505496405.817364
2025-05-01 14:04:50.727,95925.84792324655,29066796171.47644
2025-05-01 15:06:42.291,96749.27550848683,26567655717.851673
2025-05-01 16:06:39.128,97029.26431397643,29414827814.68324
2025-05-01 17:12:29.704,97176.44540379278,29477473684.18366
2025-05-01 18:03:00.814,96792.53145567431,28838066459.762085
2025-05-01 19:03:13.844,96867.06052048807,30165663184.62749
2025-05-01 20:09:55.033,96463.63976230014,30733961232.926144
2025-05-01 21:05:05.352,96468.24929711736,30174679507.898174
2025-05-01 22:09:45.915,96533.24903530022,30624278462.51829
2025-05-01 23:09:47.843,96346.4385297464,30418855312.048153
2025-05-02 00:04:58.777,96465.09077322687,30294406728.588135
2025-05-02 01:08:26.540,97068.51079800248,29099972720.72936
2025-05-02 02:08:48.436,96864.53630852731,30853477916.63457
2025-05-02 03:09:58.700,97058.54156171245,30294435056.532578
2025-05-02 04:09:45.690,97183.42883942672,30009250890.425915
2025-05-02 05:04:52.257,96951.50818834538,29981421026.003487
2025-05-02 06:05:54.675,96715.25683617221,29878965823.65487
2025-05-02 07:08:38.328,96702.21533716211,29680702383.945328
2025-05-02 08:09:22.935,96471.938225181,30719766554.5397
2025-05-02 09:04:54.234,96638.93322232095,31123006953.2952
2025-05-02 10:04:41.014,96682.78962027833,30268902992.018772
2025-05-02 11:04:58.715,96876.45142344802,28372588450.71461
2025-05-02 12:04:59.879,96955.62770097495,27904843269.321735
2025-05-02 13:12:58.239,97103.35603243245,27998051121.651707
2025-05-02 14:09:37.885,96929.04808700876,26836557014.7517
2025-05-02 15:14:44.556,97715.58382024213,25114474341.88876
2025-05-02 16:20:52.184,97576.91324468188,25770760646.27528
2025-05-02 17:14:57.972,97252.90131454506,25650281935.08967
2025-05-02 18:04:47.340,97426.94700917671,25089419641.31197
2025-05-02 19:08:57.712,97171.61991369829,24793549982.81437
2025-05-02 20:09:58.438,96984.40777110745,22197638589.535084
2025-05-02 21:13:14.153,97041.44181128644,23467427705.43885
2025-05-02 22:10:55.379,96738.11613131239,23473626429.491463
2025-05-02 23:02:04.680,96685.63911259717,23653774693.97117
2025-05-03 00:09:42.096,96932.91347341705,23205245809.957306
2025-05-03 01:06:48.961,96730.10192500369,22853098613.073677
2025-05-03 02:04:58.006,96523.60435697486,22640101293.117558
2025-05-03 03:02:38.338,96585.86635562367,22675316857.454895
2025-05-03 04:05:13.178,96399.3103307854,22707562707.40169
2025-05-03 05:09:40.638,96537.85554466437,22351303571.20296
2025-05-03 06:16:15.740,96380.04392946887,22214438730.17458
2025-05-03 07:09:52.564,96226.48114418039,22260653645.612877
2025-05-03 08:14:54.951,96219.45399678136,21547840146.452686
2025-05-03 09:04:51.719,96358.32950974852,21442342178.367455
2025-05-03 10:01:54.700,96278.3950554348,21292217402.85239
2025-05-03 11:08:07.233,95964.52767965854,20873987460.27931
2025-05-03 12:09:59.606,95976.4505745279,21569376866.02696
2025-05-03 13:11:12.443,96173.42460959752,20848427865.20763
2025-05-03 14:06:29.454,96321.3677258507,20061877704.081253
2025-05-03 15:09:40.895,96480.99719442788,17676181287.61406
2025-05-03 16:04:52.266,96425.31179505517,16659484680.971737
2025-05-03 17:02:55.295,96208.48935554299,15798804108.982094
2025-05-03 18:04:47.098,96183.72181610571,15201896639.366053
2025-05-03 19:09:37.000,96178.88564981271,14518736181.087574
2025-05-03 20:09:16.993,96392.32633421359,13982480461.276867
2025-05-03 21:04:45.803,96358.9081323945,13683926554.50724
2025-05-03 22:09:51.477,96279.18995625683,13732087159.535091
2025-05-03 23:07:00.511,96206.39898420339,13326810903.668207
2025-05-04 00:09:48.466,95911.57974109074,13813438878.834085
2025-05-04 01:04:57.525,95895.53297681686,13881614393.781986
2025-05-04 02:00:39.938,95915.88640420574,13993377855.473185
2025-05-04 03:05:33.685,95922.38712221736,14256923404.738726
2025-05-04 04:08:24.956,95806.54957964174,13845822711.525883
2025-05-04 05:04:53.891,95780.01377709549,13687202544.12697
2025-05-04 06:04:53.771,96064.91190994653,13761640842.940067
2025-05-04 07:09:44.106,95913.60802998614,14007211984.72032
2025-05-04 08:07:55.133,95922.80323598157,13984241398.405252
2025-05-04 09:09:18.829,95625.17286104144,13963281488.92839
2025-05-04 10:05:52.407,95523.33996950623,14034759462.860163
2025-05-04 11:04:49.618,95446.2718625732,13617632001.567099
2025-05-04 12:09:50.509,95458.83076597172,13586975301.183405
2025-05-04 13:07:11.495,95563.77480239843,13507774100.668886
2025-05-04 14:09:44.430,95378.85274818254,13810995754.764679
2025-05-04 15:02:32.122,95608.48318552892,13788864350.886929
2025-05-04 16:10:43.128,95525.92857480767,13855285037.887497
2025-05-04 17:14:56.238,95450.75277975168,13828084316.878592
2025-05-04 18:03:43.377,95430.42950592804,13779921001.270773
2025-05-04 19:08:10.747,95398.8923422279,13671729769.540792
2025-05-04 20:05:18.662,95578.93519558122,13766497335.235184
2025-05-04 21:09:59.302,95732.77578576689,13895042319.496166
2025-05-04 22:06:40.159,95492.48013580107,14068680601.878597
2025-05-04 23:09:08.045,94990.11188430124,15174102004.349886
2025-05-05 00:09:17.003,94303.45616731183,15337945932.998358
2025-05-05 01:08:03.382,94665.39195249154,16716963806.507236
2025-05-05 02:07:07.142,93904.08029713292,17792385906.583412
2025-05-05 03:04:42.661,94283.45228200975,17623999191.869003
2025-05-05 04:02:58.626,94081.95126956061,18549845585.204903
2025-05-05 05:09:13.551,94388.68665108354,18760244931.381977
2025-05-05 06:07:54.548,94662.83806875185,19577609066.491955
2025-05-05 07:08:27.610,94728.12709624284,19428317840.016903
2025-05-05 08:04:59.631,94736.51570501548,19082667747.17134
2025-05-05 09:04:43.070,94552.9528661461,19198166306.065918
2025-05-05 10:04:57.927,94588.80144204857,19595631687.88803
2025-05-05 11:04:58.578,94133.1803452243,18998561174.200825
2025-05-05 12:04:59.450,94088.5057159754,19260379103.68332
2025-05-05 13:12:53.495,94280.48803833337,20030057044.716766
2025-05-05 14:09:26.809,94365.43018781069,21540573038.49376
2025-05-05 15:09:50.134,93831.61281503776,22466581379.382545
2025-05-05 16:01:40.480,93724.80501461533,22923116845.38757
2025-05-05 17:09:53.544,94207.40183338308,23058770916.36305
2025-05-05 18:05:51.846,94488.70233451825,23781987361.27848
2025-05-05 19:04:51.322,94732.07505209661,23420092336.54965
2025-05-05 20:04:54.482,94381.49765604567,25046756887.28525
2025-05-05 21:04:41.432,94236.88089735083,21984004933.276134
2025-05-05 22:04:55.318,94712.89911153041,26001538329.80358
2025-05-05 23:04:48.592,95036.71686518363,25378035819.8624
2025-05-06 00:09:49.205,94719.67050036856,23732519817.92345
2025-05-06 01:08:59.992,94553.5512061966,23151159593.99601
2025-05-06 02:09:50.128,94311.76641275226,21827656340.527126
2025-05-06 03:05:39.897,94288.01718818802,21175450103.261856
2025-05-06 04:09:44.727,94409.2116200293,20934628284.134094
2025-05-06 05:05:00.064,94559.93816867477,20848573100.516815
2025-05-06 06:07:55.424,94372.28734827018,20540846526.019226
2025-05-06 07:04:58.471,94461.28594893696,19788700957.014782
2025-05-06 08:03:07.465,94408.13275180699,19768686093.92417
2025-05-06 09:04:56.196,94330.85226969632,20077134342.464615
2025-05-06 10:04:52.634,94175.29764102303,20062576427.67304
2025-05-06 11:09:22.112,93991.7353270022,20181175655.001976
2025-05-06 12:07:51.682,93846.01249611624,20077610017.00426
2025-05-06 13:09:33.248,93860.7540418781,20285332913.829884
2025-05-06 14:09:49.721,93903.87572706376,19986865496.570137
2025-05-06 15:12:04.775,94186.6533764946,20145051806.55393
2025-05-06 16:01:43.461,94551.00991495204,20277719576.046387
2025-05-06 17:04:56.579,94307.86688268195,20513518682.020317
2025-05-06 18:04:59.414,94534.4462606627,20433734654.717068
2025-05-06 19:06:58.191,95022.10980979039,20694863030.78905
2025-05-06 20:06:19.108,94954.2912644009,20836277064.52804
2025-05-06 21:07:55.007,94742.59542490661,20904168969.232765
2025-05-06 22:09:48.663,95136.89593991211,21224758700.89798
2025-05-06 23:09:28.708,96288.68626769505,21962878769.917686
2025-05-07 00:09:30.173,96815.80313214885,23583068889.850594
2025-05-07 01:09:05.761,97454.99383963464,26686621727.495296
2025-05-07 02:09:46.452,97205.98482172143,27405196995.309204
2025-05-07 03:09:40.556,96547.14987059082,28192310062.666946
2025-05-07 04:12:27.375,96556.62015334367,29152491540.192986
2025-05-07 05:24:27.734,96491.500021853,29168315978.07153
2025-05-07 06:03:44.021,96354.63080106633,29444882134.634876
2025-05-07 07:04:49.369,96538.03334234984,29736324441.529797
2025-05-07 08:09:29.916,96925.96210528578,29997938303.574097
2025-05-07 09:04:47.114,97003.63646893593,29308912699.243076
2025-05-07 10:02:41.560,96986.15290872475,29776687326.632595
2025-05-07 11:09:49.364,96986.48455649219,28932572151.250866
2025-05-07 12:02:10.150,97017.36703189345,28603439755.01113
2025-05-07 13:02:11.284,96968.99773463995,28146016760.905704
2025-05-07 14:08:13.301,97041.28165831216,27759168930.282608
2025-05-07 15:04:58.086,96946.47681288401,29189110413.984695
2025-05-07 16:03:13.531,96941.07608759051,31512541839.84629
2025-05-07 17:09:41.769,96863.98868038424,35572913499.155464
2025-05-07 18:03:11.534,96212.81842184125,45784712344.29929
2025-05-07 19:04:09.366,96306.502609734,54497342671.77893
2025-05-07 20:06:50.645,96148.7571218679,60803720809.55514
2025-05-07 21:01:26.385,96623.98416478802,61845413639.721954
2025-05-07 22:16:01.000,97358.43250865153,66513955116.65877
