original,summary,sentiment,publishedAt
Major cryptocurrencies are trading slightly higher following the Federal Reserve keeping interest rates unchanged and China's liquidity boost to stimulate its economy.CryptocurrencyPrice Gains +/-Bit… [+131 chars],Major cryptocurrencies are trading slightly higher following the Federal Reserve keeping interest rates unchanged and China's liquidity boost to stimulate its economy.,POSITIVE,2025-05-07T20:05:28Z
Trumps new administration has a plan to reimagine Americas monetary policy through a pivot to gold and the devaluing of the Dollar. The tariffs are an indicator that what was done in 1971 when Americ… [+1682 chars],Trumps new administration has a plan to reimagine Americas monetary policy through a pivot to gold and the devaluing of the Dollar. The tariffs are an indicator that what was done in 1971 when Americ…,NEGATIVE,2025-05-07T20:00:00Z
"Onchain sleuth and security analyst ZackXBT claims to have identified an additional $45 million in funds stolen from Coinbase users through social engineering scams in the past seven days alone.
Acc… [+2166 chars]",Onchain sleuth and security analyst ZackXBT claims to have identified an additional $45 million in funds stolen from Coinbase users through social engineering scams in the past seven days.,NEGATIVE,2025-05-07T19:57:00Z
"{ window.open(this.href, '_blank'); }, 200); return false;""&gt;Why did WeightWatchers file for bankruptcy? { window.open(this.href, '_blank'); }, 200); return false;""&gt;How are Trump tariffs impacti… [+972 chars]","&gt;Why did WeightWatchers file for bankruptcy? { window.open(this.href, '_blank'); }, 200); return false;""&gt;""How are Trump tariffs impacti… [+972 chars]",NEGATIVE,2025-05-07T19:43:18Z
"Welcome to The Protocol, CoinDesk's weekly wrap-up of the most important stories in cryptocurrency tech development. Im Margaux Nijkerk, the Ethereum protocol reporter on CoinDesks Tech team.
In thi… [+5702 chars]","The Protocol is CoinDesk's weekly wrap-up of the most important stories in cryptocurrency tech development. Im Margaux Nijkerk, the Ethereum protocol reporter on CoinDesks Tech team. In thi…",POSITIVE,2025-05-07T19:29:30Z
"Blockchain investigator ZachXBT revealed that Coinbase users lost another $45 million over the past week due to coordinated social engineering scams. 
The update, shared on his Telegram channel, ide… [+4359 chars]",Coinbase users lost another $45 million over the past week due to coordinated social engineering scams. ZachXBT revealed the news on his Telegram channel.,NEGATIVE,2025-05-07T19:26:48Z
"Bitwise Asset Managements latest 32-page study, The Investment Case for XRP, applies a capital-asset-pricing-style framework to the embattled payments token and concludes that, under its most optimis… [+3414 chars]"," Bitwise Asset Managements latest 32-page study, The Investment Case for XRP, applies a capital-asset-pricing-style framework to the embattled payments token. The study concludes that, under its most optimis…",NEGATIVE,2025-05-07T19:00:21Z
"The ""reverse merger"" will allow investors to exchange their bitcoin for equity, a tax-free transaction under Section 351 of the U.S. tax code.
This story appeared on theblock.co, 2025-05-07 18:55:40.","The ""reverse merger"" will allow investors to exchange their bitcoin for equity. It is a tax-free transaction under Section 351 of the U.S. tax code.",NEGATIVE,2025-05-07T18:59:45Z
"Play ransomware affiliate leveraged zero-day to deploy malware
 | Canary Exploit tool allows to find servers affected by Apache Parquet flaw
 | Unsophisticated cyber actors are targeting the U.S. E… [+162285 chars]",Canary Exploit tool allows to find servers affected by Apache Parquet flaw. Play ransomware affiliate leveraged zero-day to deploy malware in U.S.,NEGATIVE,2025-05-07T18:43:23Z
This website is using a security service to protect itself from online attacks. The action you just performed triggered the security solution. There are several actions that could trigger this block … [+143 chars],This website is using a security service to protect itself from online attacks. The action you just performed triggered the security solution. There are several actions that could trigger this block.,NEGATIVE,2025-05-07T18:39:19Z
Revolut and cryptocurrency infrastructure firm Lightspark have teamed to speed bitcoin transactions in Europe and the U.K.The integration lets Revolut tap into Lightsparks Lightning Network-based pay… [+141 chars],Revolut and Lightspark have teamed to speed bitcoin transactions in Europe and the U.K. The integration lets Revolut tap into Lightsparks Lightning Network-based pay.,POSITIVE,2025-05-07T18:37:50Z
"UK fintech giant Revolut has partnered with Lightspark to bring Lightning Network support for Bitcoin (BTC) payments to users in the UK and select European Economic Area countries, the companies anno… [+2670 chars]",UK fintech giant Revolut has partnered with Lightspark to bring Lightning Network support for Bitcoin (BTC) payments to users in UK and select European Economic Area countries.,POSITIVE,2025-05-07T18:30:17Z
Shares of tech company Asset Entities (ASST) rose 194% on Wednesday after it announced that Strive Asset Management was merging with the NASDAQ-listed company to become a publicly traded Bitcoin (BTC… [+142 chars],Shares of tech company Asset Entities (ASST) rose 194% on Wednesday after it announced that Strive Asset Management was merging with the NASDAQ-listed company to become a publicly traded Bitcoin.,NEGATIVE,2025-05-07T18:28:53Z
"In brief
<ul><li>Bitcoin rose about 2% shortly after the Federal Reserve left interest rates unchanged.</li><li>BTC has gained 22% over the past month.</li><li>The Fed was widely expected to keep in… [+3476 chars]",Bitcoin rose about 2% shortly after the Federal Reserve left interest rates unchanged. BTC has gained 22% over the past month.,NEGATIVE,2025-05-07T18:14:45Z
Shares of tech company Asset Entities (ASST) rose 194% on Wednesday after it announced that Strive Asset Management was merging with the NASDAQ-listed company to become a publicly traded Bitcoin (BTC… [+1791 chars],Shares of tech company Asset Entities (ASST) rose 194% on Wednesday after it announced that Strive Asset Management was merging with the NASDAQ-listed company to become a publicly traded Bitcoin.,NEGATIVE,2025-05-07T18:11:06Z
"Key Takeaways:
<ul><li>Bitcoins realized capitalization hit a record $890 billion, reflecting strong investor conviction as long-term and short-term holders increased allocations. 
</li><li>Large B… [+3370 chars]","Bitcoins realized capitalization hit a record $890 billion, reflecting strong investor conviction as long-term and short-term holders increased allocations. Key Takeaways:",POSITIVE,2025-05-07T18:09:23Z
"US Treasury Secretary Scott Bessent says digital assets may create a $2 trillion demand for US Treasuries in the coming years.
In an appearance before a Congressional House Committee Tuesday morning… [+1693 chars]",US Treasury Secretary Scott Bessent says digital assets may create a $2 trillion demand for US Treasuries in the coming years. In an appearance before a Congressional House Committee Tuesday morning…,NEGATIVE,2025-05-07T18:05:28Z
"As was widely expected, the U.S. Federal Reserve held its benchmark fed funds rate range steady on Wednesday at 4.25%-4.50%, extending its pause on monetary easing for the third consecutive meeting.… [+1152 chars]","The U.S. Federal Reserve held its benchmark fed funds rate range steady on Wednesday at 4.25%-4.50%, extending its pause on monetary easing for the third consecutive meeting.",NEGATIVE,2025-05-07T18:05:06Z
"Strive Asset Management, founded by entrepreneur and former presidential candidate Vivek Ramaswamy, has revealed plans to transition into a Bitcoin treasury company.
According to a May 7 announcemen… [+2427 chars]","Strive Asset Management, founded by entrepreneur and former presidential candidate Vivek Ramaswamy, has revealed plans to transition into a Bitcoin treasury company. According to a May 7 announcemen…",POSITIVE,2025-05-07T18:00:09Z
"Revolut and cryptocurrency infrastructure firm Lightspark have teamed to speed bitcoin transactions in Europe and the U.K.
The integration lets Revolut tap into Lightsparks Lightning Network-based p… [+2619 chars]",Revolut and Lightspark have teamed to speed bitcoin transactions in Europe and the U.K. The integration lets Revolut tap into Lightsparks Lightning Network-based p…,POSITIVE,2025-05-07T17:59:00Z
"Bitwise Asset Management, one of the largest crypto asset managers in the U.S., has released a comprehensive report demystifying what drives the value of XRP.
Authored by Chief Investment Officer Ma… [+2720 chars]","Bitwise Asset Management, one of the largest crypto asset managers in the U.S., has released a comprehensive report demystifying what drives the value of XRP.",POSITIVE,2025-05-07T17:45:33Z
"The general crypto market has turned volatile, with Bitcoin, the largest digital asset, experiencing bearish movements as it falls below the key $95,000 price mark. Presently, BTC is gradually pickin… [+3181 chars]","Bitcoin, the largest digital asset, is experiencing bearish movements as it falls below the key $95,000 price mark. Presently, BTC is gradually pickin…",NEGATIVE,2025-05-07T17:30:29Z
"Strict editorial policy that focuses on accuracy, relevance, and impartiality
Created by industry experts and meticulously reviewed
The highest standards in reporting and publishing
Strict editori… [+4479 chars]","Created by industry experts and meticulously reviewed. Strict editorial policy that focuses on accuracy, relevance, and impartiality.",POSITIVE,2025-05-07T17:30:10Z
"ROAD TOWN, British Virgin Islands, May 07, 2025 (GLOBE NEWSWIRE) -- XRP is making headlines once again as CME Group gears up to launch XRP futures on May 19, signaling a potential surge in institutio… [+7416 chars]",XRP is making headlines once again as CME Group gears up to launch XRP futures on May 19. signaling a potential surge in institutio…,POSITIVE,2025-05-07T17:16:00Z
"London, UK, May 07, 2025 (GLOBE NEWSWIRE) -- Crypto investors everywhere are feeling the tremors, with fear firmly gripping traders across the entire crypto market. The CoinMarketCap Crypto Fear and … [+6820 chars]","Crypto investors everywhere are feeling the tremors, with fear firmly gripping traders across the entire crypto market. The CoinMarketCap Crypto Fear and …",POSITIVE,2025-05-07T17:15:00Z
Democrats turned up the pressure on President Donald Trump's cryptocurrency ventures this week and the fortune that he and his family are making off the efforts as a vote rolls forward on a key crypt… [+7838 chars],Democrats turned up the pressure on President Donald Trump's cryptocurrency ventures this week and the fortune that he and his family are making off the efforts.,NEGATIVE,2025-05-07T17:12:39Z
"We came across a bearish thesis on Strategy Incorporated (MSTR) on Substack by Charly AI. In this article, we will summarize the bears thesis on MSTR. Strategy Incorporated (MSTR)'s share was trading… [+2679 chars]","We came across a bearish thesis on Strategy Incorporated (MSTR) on Substack by Charly AI. In this article, we will summarize the bears thesis on MSTR.",NEGATIVE,2025-05-07T17:12:37Z
"Key points:
<ul><li>Bitcoin price hangs near $97,000 as traders await todays FOMC minutes.
</li><li>Bitcoin holding $95,000 as support is key for bullish price expansion in the short term.
</li><l… [+8358 chars]","Bitcoin price hangs near $97,000 as traders await todays FOMC minutes. Key points: $95,000 is key for bullish price expansion in the short term.",NEGATIVE,2025-05-07T17:06:37Z
"Strive Asset Management has agreed to merge with Asset Entities Inc., setting the stage for a bold transition into a Bitcoin-focused treasury company.
According to a May 7 statement, the deal will s… [+2877 chars]",Strive Asset Management has agreed to merge with Asset Entities Inc. The deal will set the stage for a bold transition into a Bitcoin-focused treasury company.,POSITIVE,2025-05-07T17:00:08Z
"The Bybit exchange has recovered its liquidity to pre-hack levels just 30 days following the February 2025 attack that drained nearly $1.5 billion in funds.
According to a report from crypto researc… [+2060 chars]",The Bybit exchange has recovered its liquidity to pre-hack levels just 30 days after the attack. The February 2025 attack drained nearly $1.5 billion in funds. According to a report from crypto researc…,NEGATIVE,2025-05-07T16:50:00Z
Asset Entities Inc (NASDAQ:ASST) shares are surging Wednesday after the company announced a merger deal to form a Bitcoin (CRYPTO: BTC) treasury company.What Happened: Asset Entities entered into a d… [+142 chars], Asset Entities Inc (NASDAQ:ASST) shares are surging Wednesday after the company announced a merger deal to form a Bitcoin (CRYPTO: BTC) treasury company.,NEGATIVE,2025-05-07T16:45:50Z
"Dive Brief:
<ul><li>After teasing its intention earlier this year, GameStop has sold its Canadian business (officially named Electronics Boutique Canada Inc.) to entrepreneur Stephan Tetrault, accor… [+2102 chars]",GameStop has sold its Canadian business (officially named Electronics Boutique Canada Inc.) to entrepreneur Stephan Tetrault. GameStop will focus on its U.S. business.,NEGATIVE,2025-05-07T16:36:00Z
"Bitcoin surging to about $97,000 along with the Nasdaq and S&amp;P 500 as optimism grows for a potential U.S.-China trade deal as U.S. Treasury Secretary Scott Bessent announced plans to meet Chinese… [+200 chars]","Bitcoin surges to about $97,000 along with the Nasdaq and S&amp;P 500 as optimism grows for a potential U.S.-China trade deal. U.s. Treasury Secretary Scott Bessent announced plans to meet Chinese…",NEGATIVE,2025-05-07T16:24:20Z
"Revolut now has access to the Bitcoin-based payment network in the UK and select European Economic Area countries, as well as Lightspark's MoneyGrid.
This story appeared on theblock.co, 2025-05-07 1… [+7 chars]",Revolut now has access to the Bitcoin-based payment network in the UK and select European Economic Area countries. Revolut will also use Lightspark's MoneyGrid.,NEGATIVE,2025-05-07T16:22:59Z
"Crypto rallies, US-China trade talks to begin, FOMC decision today
Crypto rallies, US-China trade talks to begin, FOMC decision today
FOMO HOUR EP352
BTC: 97k (+3%), ETH: 1840 (+2%), SOL: 147 (+2%… [+1621 chars]","Crypto rallies, US-China trade talks to begin, FOMC decision today. BTC: 97k (+3%), ETH: 1840 (+2%), SOL: 147 (+2%…",NEGATIVE,2025-05-07T16:22:27Z
"PAIRMiner Image
LOS ANGELES, May 07, 2025 (GLOBE NEWSWIRE) -- In response to the recent surge in Bitcoin prices and renewed interest in cryptocurrency investment, PAIRMiner
, a cloud mining platfor… [+2161 chars]","In response to the recent surge in Bitcoin prices and renewed interest in cryptocurrency investment, PAIRMiner is launching a cloud mining platfor…",POSITIVE,2025-05-07T16:15:00Z
"This is a segment from the Supply Shock newsletter. To read full editions, subscribe.Bitcoin miners are earning more than $1.2 billion per month to secure the chain.What are they securing, exactly?At… [+141 chars]",Bitcoin miners are earning more than $1.2 billion per month to secure the chain. At…,NEGATIVE,2025-05-07T16:11:58Z
"<ul><li>Hyperliquid jumped to #3 in blockchain fees over 24 hours, surpassing Ethereum and Bitcoin.</li><li>Fee hikes tested user loyalty; volume and liquidity remained firm as HYPE eyed a $50 breako… [+2517 chars]","Hyperliquid jumped to #3 in blockchain fees over 24 hours, surpassing Ethereum and Bitcoin. HYPE eyed a $50 breako…",NEGATIVE,2025-05-07T16:00:34Z
"One of Mexico’s wealthiest entrepreneurs has made a dramatic social media claim that Bitcoin is a better investment than property. Ricardo Salinas Pliego, worth nearly $6 billion, expressed the view … [+2939 chars]","Ricardo Salinas Pliego, worth nearly $6 billion, expressed the view on social media.",NEGATIVE,2025-05-07T16:00:22Z
"Strict editorial policy that focuses on accuracy, relevance, and impartiality
Created by industry experts and meticulously reviewed
The highest standards in reporting and publishing
Strict editori… [+4989 chars]","Created by industry experts and meticulously reviewed. Strict editorial policy that focuses on accuracy, relevance, and impartiality.",POSITIVE,2025-05-07T16:00:06Z
"The Indian stock market ended higher on Wednesday, rebounding from early losses, amid heightened geopolitical tensions following Indias strikes on Pakistan and Pakistan-occupied Kashmir (PoK) under O… [+4891 chars]","The Indian stock market ended higher on Wednesday, rebounding from early losses, amid heightened geopolitical tensions following Indias strikes on Pakistan and Pakistan-occupied Kashmir.",POSITIVE,2025-05-07T15:57:04Z
"Futu Securities, a prominent brokerage based in Hong Kong, has rolled out crypto “deposit services” for users on its Futu NiuNiu platform.
According to a May 7 statement, the launch lets investors d… [+2505 chars]","Futu Securities, a prominent brokerage based in Hong Kong, has rolled out crypto “deposit services” for users on its Futu NiuNiu platform. According to a May 7 statement, the launch lets investors d…",NEGATIVE,2025-05-07T15:52:17Z
"Key points:
<ul><li>Bitcoin investors are making the most of the highest price levels in several months by cashing out profits.
</li><li>These are averaging $1 billion per day, leading to concerns … [+2334 chars]","Bitcoin investors are making the most of the highest price levels in several months. These are averaging $1 billion per day, leading to concerns.",NEGATIVE,2025-05-07T15:52:16Z
"Bitcoin (CRYPTO: BTC) is up to nearly $97,000, boosted by renewed liquidity from China and heightened anticipation around the FOMC's interest rate decision. But traders remain split on whether this m… [+145 chars]","Bitcoin (CRYPTO: BTC) is up to nearly $97,000, boosted by renewed liquidity from China. But traders remain split on whether this m…",NEGATIVE,2025-05-07T15:49:44Z
"Coinbase (COIN) is heading into its first-quarter earnings report on shaky ground, with four Wall Street analysts expecting a miss as the retail trading lull is likely to pressure the crypto exchange… [+3090 chars]",Coinbase (COIN) is heading into its first-quarter earnings report on shaky ground. Four Wall Street analysts expect a miss as the retail trading lull is likely to pressure the crypto exchange.,NEGATIVE,2025-05-07T15:48:46Z
"Analysts said volatility could resurface this week after this week's decision on funding rates, which markets expect will stay the same.
This story appeared on theblock.co, 2025-05-07 15:36:01.","Analysts said volatility could resurface this week after this week's decision on funding rates, which markets expect will stay the same.",NEGATIVE,2025-05-07T15:38:29Z
"Coinbase introduced a way to streamline internet-native stablecoin payments.
The cryptocurrency exchanges x402 is an open standard that employs the original HTTP 402 Payment Required status code to … [+2429 chars]",Coinbase introduced a way to streamline internet-native stablecoin payments. x402 is an open standard that employs the original HTTP 402 Payment Required status code.,POSITIVE,2025-05-07T15:38:17Z
"Billionaire investor Tim Draper argued that businesses who have yet to purchase Bitcoin for their corporate treasuries are being irresponsible.
Speaking at the Financial Times Digital Assets Summit,… [+2904 chars]",Billionaire investor Tim Draper argued that businesses who have yet to purchase Bitcoin for their corporate treasuries are being irresponsible. Draper spoke at the Financial Times Digital Assets Summit.,NEGATIVE,2025-05-07T15:33:01Z
"Jack Mallers' bitcoin (BTC) payments app Strike is set to move into the BTC lending business.
Strike plans to offer users a means of borrowing fiat while continuing to HODL bitcoin, Mallers wrote in… [+917 chars]",Jack Mallers' bitcoin payments app Strike is set to move into the BTC lending business. Strike plans to offer users a means of borrowing fiat while continuing to HODL bitcoin.,NEGATIVE,2025-05-07T15:26:03Z
"In financial markets, making assumptions based on short-term observations is a fools errand, as significant trends develop over months and years, not days or weeks. But as investors evaluate bitcoins… [+2971 chars]","In financial markets, making assumptions based on short-term observations is a fools errand. But as investors evaluate bitcoins, significant trends develop over months and years, not days or weeks.",NEGATIVE,2025-05-07T15:20:30Z
"Highlights 
Regulatory uncertainty and political infighting are stalling progress on U.S. crypto and stablecoin legislation, with the GENIUS Act facing backlash from Senate Democrats over ethics con… [+5581 chars]",Regulatory uncertainty and political infighting are stalling progress on U.S. crypto and stablecoin legislation. The GENIUS Act facing backlash from Senate Democrats over ethics con…,NEGATIVE,2025-05-07T15:16:54Z
"Bitcoin (CRYPTO: BTC) is the driving factor for Strategy's (NASDAQ:MSTR) turnaround from $6 to $400 in five years only, according to executive chairman Michael Saylor.What Happened: Speaking at the B… [+145 chars]",Executive chairman Michael Saylor says Bitcoin is driving factor for Strategy's turnaround. Strategy has gone from $6 to $400 in five years only.,NEGATIVE,2025-05-07T15:16:37Z
"The New York State Attorney General asked the U.S. Securities and Exchange Commission to openly declare Ethereum's ether (ETH) was a security, not a commodity, during the state's prosecution of KuCoi… [+3349 chars]","The New York State Attorney General asked the U.S. Securities and Exchange Commission to openly declare Ethereum's ether (ETH) was a security, not a commodity.",NEGATIVE,2025-05-07T15:09:52Z
"Key Takeaways
<ul><li>Asset Entities and Strive Asset Management are merging to establish a public Bitcoin treasury company.</li><li>The new entity will allow Bitcoin holders to exchange assets for … [+1864 chars]",Asset Entities and Strive Asset Management are merging to establish a public Bitcoin treasury company. The new entity will allow Bitcoin holders to exchange assets for Bitcoin.,POSITIVE,2025-05-07T15:08:46Z
"{ window.open(this.href, '_blank'); }, 200); return false;""&gt;Why did Apple Watch sales drop again? { window.open(this.href, '_blank'); }, 200); return false;""&gt;How are US-China trade talks impact… [+921 chars]","&gt;How are US-China trade talks impact…. { window.open(this.href, '_blank'); }, 200); return false;.",NEGATIVE,2025-05-07T15:05:23Z
<ul><li>New Hampshire plans to diversify 5% of its reserve to BTC and other digital assets. </li><li>The passed Bitcoin law will be effective by July 2025; will others follow suit? </li></ul>On the 6… [+1469 chars],New Hampshire plans to diversify 5% of its reserve to BTC and other digital assets. The passed Bitcoin law will be effective by July 2025.,NEGATIVE,2025-05-07T15:00:10Z
"London, UK, May 07, 2025 (GLOBE NEWSWIRE) -- In the evolving landscape of digital finance, the allure of cryptocurrency is attracting global attention. However, for ordinary people, the path to finan… [+4167 chars]","In the evolving landscape of digital finance, the allure of cryptocurrency is attracting global attention. However, for ordinary people, the path to finan…",POSITIVE,2025-05-07T15:00:00Z
"Dublin, May 07, 2025 (GLOBE NEWSWIRE) -- The ""Strategic Intelligence: Cryptocurrencies"" report has been added to ResearchAndMarkets.com's offering.
The crypto market entered 2025 with strong momentu… [+11076 chars]","The ""Strategic Intelligence: Cryptocurrencies"" report has been added to ResearchAndMarkets.com's offering. The crypto market entered 2025 with strong momentu…",POSITIVE,2025-05-07T14:35:00Z
"Senate Republicans are calling out Democrats for suddenly threatening to block legislation they once supported, suggesting that their abrupt about-face amounts to a refusal to give President Donald T… [+5896 chars]",Senate Republicans are calling out Democrats for suddenly threatening to block legislation they once supported. They suggest that their abrupt about-face amounts to a refusal to give President Donald T…,NEGATIVE,2025-05-07T14:33:44Z
"New Hampshire passes bitcoin reserve. Senate to vote on stablecoin bill. Bitcoin swings to $97,000.The post Strategy, Bitcoin ETFs Rise; Golds Sends Positive Bitcoin Signal appeared first on Investor… [+77 chars]","Golds Sends Positive Bitcoin Signal. New Hampshire passes bitcoin reserve. Senate to vote on stablecoin bill. Bitcoin swings to $97,000.",POSITIVE,2025-05-07T14:31:32Z
"New data from market intelligence firm Arkham reveals that asset management titan BlackRock purchased billions of dollars worth of Bitcoin (BTC) as the flagship crypto asset closes in on $100,000.
I… [+1641 chars]","BlackRock purchased billions of dollars worth of Bitcoin (BTC) as the flagship crypto asset closes in on $100,000.",NEGATIVE,2025-05-07T14:30:43Z
"At the Bitcoin for Corporations 2025, MicroStrategy executive chairman Michael Saylor turned his keynote into a direct challenge for one of the technology sectors most cash-rich giants. Speaking to a… [+4474 chars]",MicroStrategy executive chairman Michael Saylor turned his keynote into a direct challenge for one of the technology sectors most cash-rich giants. Speaking to a…,POSITIVE,2025-05-07T14:30:05Z
"Strict editorial policy that focuses on accuracy, relevance, and impartiality
Created by industry experts and meticulously reviewed
The highest standards in reporting and publishing
Strict editori… [+3095 chars]","Created by industry experts and meticulously reviewed. Strict editorial policy that focuses on accuracy, relevance, and impartiality.",POSITIVE,2025-05-07T14:30:02Z
"In brief
<ul><li>Ethereum's Pectra upgrade was successfully implemented but didn't boost ETH's price, which continues trading at $1,830, 40% lower than last year.</li><li>Despite excitement around t… [+2158 chars]","Ethereum's Pectra upgrade was successfully implemented but didn't boost ETH's price. ETH continues trading at $1,830, 40% lower than last year.",NEGATIVE,2025-05-07T14:22:19Z
Digital bank Revolut is working with Lightspark to roll out bitcoin (BTC) transactions on Lightning Network to customers in the U.K. and select countries in the European Economic Area (EEA).The featu… [+136 chars],Revolut is working with Lightspark to roll out bitcoin (BTC) transactions on Lightning Network to customers in the U.K. and select countries in the European Economic Area.,POSITIVE,2025-05-07T14:20:38Z
"London, UK, May 07, 2025 (GLOBE NEWSWIRE) -- Bitcoin has soared past the $96,000 threshold, marking a decisive break from its recent consolidation phase and hinting at a shift in overall market senti… [+7044 chars]","Bitcoin has soared past the $96,000 threshold, marking a decisive break from its recent consolidation phase and hinting at a shift in overall market senti…",POSITIVE,2025-05-07T14:15:00Z
"Digital bank Revolut is working with Lightspark to roll out bitcoin BTC
$97,407.77 transactions on Lightning Network to customers in the U.K. and select countries in the European Economic Area (EEA)… [+1602 chars]","Digital bank Revolut is working with Lightspark to roll out bitcoin BTC BTC$97,407.77 transactions on Lightning Network to customers in the U.K. and select countries.",NEGATIVE,2025-05-07T14:10:37Z
"Canary Exploit tool allows to find servers affected by Apache Parquet flaw
 | Unsophisticated cyber actors are targeting the U.S. Energy sector
 | NSO Group must pay WhatsApp over $167M in damages … [+162218 chars]",Canonical Exploit tool allows to find servers affected by Apache Parquet flaw. Canary Exploit Tool allows you to see if your server has been affected by the flaw.,NEGATIVE,2025-05-07T14:08:37Z
"Most webcams have tiny indicator lights next to them that turn on when the webcam is in use, like when you’re in a video conference call. If your PC’s webcam lacks an indicator light, you may get a t… [+653 chars]","Most webcams have tiny indicator lights next to them that turn on when the webcam is in use. If your PC’s webcam lacks an indicator light, you may get a t…",NEGATIVE,2025-05-07T13:55:07Z
"While Bitcoin mining equipment manufacturers are beginning to increase U.S.-based production, it could take years to fully onshore at scale.
This story appeared on theblock.co, 2025-05-07 13:44:03.",U.S. Bitcoin mining equipment manufacturers are beginning to increase U.S.-based production. It could take years to fully onshore at scale.,NEGATIVE,2025-05-07T13:46:50Z
"NEW YORK, May 07, 2025 (GLOBE NEWSWIRE) -- One of the hardest decisions for any gambler is finding the best online casinos in the US. Whether it comes to play variety,speed of payout, or overall trus… [+17210 chars]","One of the hardest decisions for any gambler is finding the best online casinos in the US. Whether it comes to play variety,speed of payout, or overall trus…",POSITIVE,2025-05-07T13:42:00Z
"The FBI has issued a warning about an ongoing fraud scheme where criminal scammers are impersonating FBI Internet Crime Complaint Center (IC3) employees in order to scam people.
Between December 202… [+5003 chars]",The FBI has issued a warning about an ongoing fraud scheme. Criminal scammers are impersonating FBI Internet Crime Complaint Center (IC3) employees in order to scam people.,NEGATIVE,2025-05-07T13:36:53Z
"Kaiko said bitcoin market depth on Bybit rebounded to pre-hack levels following Lazarus Group's historic $1.5 billion attack.
This story appeared on theblock.co, 2025-05-07 13:24:34.",The bitcoin market depth on Bybit rebounded to pre-hack levels following Lazarus Group's historic $1.5 billion attack.,NEGATIVE,2025-05-07T13:35:13Z
"Listen to a reading of this article (reading by Tim Foley):
Israeli snipers routinely, deliberately shoot children in the head throughout the Gaza Strip.
Israel created an AI system for the IDF to … [+5180 chars]","Israeli snipers routinely, deliberately shoot children in the head throughout the Gaza Strip. Listen to a reading of this article (reading by Tim Foley):",NEGATIVE,2025-05-07T13:23:07Z
"The institutional acceptance of crypto around the world has accelerated significantly recently, developing hand in hand with better-defined regulation. Here, BlockFills CEO Nick Hammer discusses the … [+8745 chars]",BlockFills CEO Nick Hammer discusses the institutional acceptance of crypto around the world. He says better regulation is key to the future of the industry.,POSITIVE,2025-05-07T13:19:39Z
"Strict editorial policy that focuses on accuracy, relevance, and impartiality
Created by industry experts and meticulously reviewed
The highest standards in reporting and publishing
Strict editori… [+3725 chars]","Created by industry experts and meticulously reviewed. Strict editorial policy that focuses on accuracy, relevance, and impartiality.",POSITIVE,2025-05-07T13:00:58Z
"<ul><li>Whale wallets scooped up 81,338 BTC as retail fled in panic.</li><li>Stock-to-Flow ratio jumped to 669.72 post-halving, fueling a scarcity-driven bullish outlook.</li></ul>Bitcoin [BTC] saw a… [+3453 chars]","Whale wallets scooped up 81,338 BTC as retail fled in panic. Stock-to-Flow ratio jumped to 669.72 post-halving.",NEGATIVE,2025-05-07T13:00:39Z
"Today, a new cryptocurrency bill was introduced in the US, which aims to ‘keep America at the forefront of financial innovation and global competition, while protecting consumers from fraud.’
The ne… [+6368 chars]","The bill aims to ‘keep America at the forefront of financial innovation and global competition, while protecting consumers from fraud’",POSITIVE,2025-05-07T12:51:43Z
"Major cryptocurrencies are seeing a green start to the week, buoyed by improving macro sentiment as markets await today's FOMC decision and ongoing U.S.-China trade developments. Notably, Scott Besse… [+143 chars]","Major cryptocurrencies are seeing a green start to the week, buoyed by improving macro sentiment. Markets await today's FOMC decision and ongoing U.S.-China trade developments.",POSITIVE,2025-05-07T12:50:31Z
"Earnings calls, analyst events, roadshows and more",CNN.com will feature iReporter photos in a weekly Travel Snapshots gallery. Visit CNN.com/Travel each week for a new gallery of snapshots from around the world. Click here for more.,NEGATIVE,2025-05-07T12:48:24Z
"The ongoing appeal of AI tech in the crypto sphere is second to none. Just look at MicroStrategy, for instance. Its founder, Michael Saylor, recently revealed that he used AI chatbots to help build t… [+6603 chars]","The ongoing appeal of AI tech in the crypto sphere is second to none. Just look at MicroStrategy, for instance. Its founder, Michael Saylor, recently revealed that he used AI chatbots to help build t…",NEGATIVE,2025-05-07T12:40:29Z
"We recently published a list of Billionaire Ray Dalios Bridgewaters 10 Stock Picks with Huge Upside Potential. In this article, we are going to take a look at where Block, Inc. (NYSE:XYZ) stands agai… [+7019 chars]","We recently published a list of Billionaire Ray Dalios Bridgewaters 10 Stock Picks with Huge Upside Potential. In this article, we are going to take a look at where Block, Inc. stands agai…",POSITIVE,2025-05-07T12:34:43Z
"The streak of inflows spot Bitcoin ETFs saw in May was broken on May 6 with an $85.7 million outflow.
Before this reversal, ETFs saw $422.5 million in inflows on May 1, $674.9 million on May 2, and … [+1788 chars]","Before this reversal, ETFs saw $422.5 million in inflows on May 1, $674.9 million on May 2, and …. $85.7 million outflow on May 6.",NEGATIVE,2025-05-07T12:30:16Z
"APIs For OSINT
  This is a Collection of APIs that will be useful for automating various tasks in OSINT.
Thank you for following me! https://cybdetective.com
IOT/IP Search engines
<table><tr><th>… [+36613 chars]",This is a Collection of APIs that will be useful for automating various tasks in OSINT.,POSITIVE,2025-05-07T12:30:00Z
"This is a daily technical analysis by CoinDesk analyst and Chartered Market Technician Omkar Godbole.Crypto bears might want to closely watch bitcoins (BTC) recent chart patterns, which mirror those … [+143 chars]",Crypto bears might want to closely watch bitcoins (BTC) recent chart patterns. Recent chart patterns mirror those …,NEGATIVE,2025-05-07T12:17:40Z
"is now up 3% since the beginning of May, after gaining 14% gain in April. Inflows into BTC exchange-traded funds (ETFs) have accelerated over the past two weeks, while consistent bitcoin treasury acc… [+145 chars]","Inflows into BTC exchange-traded funds (ETFs) have accelerated over the past two weeks, while consistent bitcoin treasury acc… is now up 3% since the beginning of May.",POSITIVE,2025-05-07T12:17:36Z
"In brief
<ul><li>Bhutan has partnered with Binance Pay to allow tourists to pay with cryptocurrency.</li><li>Tourists will able to buy goods and services such as hotel stays and tour guides with 100… [+3206 chars]",Bhutan has partnered with Binance Pay to allow tourists to pay with cryptocurrency. Tourists will be able to buy goods and services such as hotel stays and tour guides with 100 cryptocurrency.,POSITIVE,2025-05-07T12:06:45Z
"Bitcoin (BTC) is now up 3% since the beginning of May, after gaining 14% gain in April. 
Inflows into BTC exchange-traded funds (ETFs) have accelerated over the past two weeks, while consistent bitc… [+1742 chars]","Bitcoin (BTC) is now up 3% since the beginning of May, after gaining 14% gain in April. Inflows into BTC exchange-traded funds (ETFs) have accelerated over the past two weeks.",POSITIVE,2025-05-07T12:05:08Z
"SINGAPORE, May 07, 2025 (GLOBE NEWSWIRE)  BitFuFu Inc. (BitFuFu or the Company) (NASDAQ: FUFU), a world-leading Bitcoin miner and mining services innovator, is proud to announce its sponsorship of Bi… [+6148 chars]",BitFuFu is a world-leading Bitcoin miner and mining services innovator. The company is proud to announce its sponsorship of Bi…,POSITIVE,2025-05-07T12:02:26Z
"<ul><li>Metaplanet ramped up Bitcoin accumulation with latest $53.4M purchase.</li><li>Plans to expand into the U.S. with a $10 million Treasury Corp in Miami.</li></ul>Over the past five months, ins… [+2334 chars]","Over the past five months, over $53.4 million has been spent on Bitcoin. Metaplanet plans to expand into the U.S. with a $10 million Treasury Corp in Miami.",NEGATIVE,2025-05-07T12:00:54Z
"The combined company will focus over time on maximizing Bitcoin exposure per share and seek to outperform Bitcoin over the long run and maximize value for common equity shareholders.
More informatio… [+17748 chars]",The combined company will focus over time on maximizing Bitcoin exposure per share. It will seek to outperform Bitcoin over the long run and maximize value for common equity shareholders.,POSITIVE,2025-05-07T12:00:00Z
"AUSTIN, Texas — Lacking three crucial components – students, faculty, and facilities – the two educational experiments proposed in this state capital sounded like moonshots just a few years ago. Toda… [+16177 chars]","Toda: Texas' two educational experiments sounded like moonshots just a few years ago. Toda: They lack three crucial components – students, faculty, and facilities.",NEGATIVE,2025-05-07T11:54:09Z
"Cryptocurrency miner Diversified Energy quietly vacated a natural gas-powered crypto mining site in Elk County, Pennsylvania, reportedly leaving behind unplugged wells and regulatory violations.
The… [+3192 chars]","Diversified Energy quietly vacated a natural gas-powered crypto mining site in Elk County, Pennsylvania. The company reportedly left behind unplugged wells and regulatory violations.",NEGATIVE,2025-05-07T11:52:41Z
"Ankr Network is a decentralized node infrastructure designed to offer flexible and cost-efficient blockchain connections, primarily catering to Web3 developers and aiming to democratize global cloud … [+2252 chars]",Ankr Network is a decentralized node infrastructure designed to offer flexible and cost-efficient blockchain connections. primarily catering to Web3 developers and aiming to democratize global cloud.,POSITIVE,2025-05-07T11:43:15Z
"This is a daily technical analysis by CoinDesk analyst and Chartered Market Technician Omkar Godbole.
Crypto bears might want to closely watch bitcoins (BTC) recent chart patterns, which mirror thos… [+2267 chars]","Crypto bears might want to closely watch bitcoins (BTC) recent chart patterns, which mirror thos…",NEGATIVE,2025-05-07T11:42:11Z
"LAS VEGAS Realbotix Corp. (TSX-V: XBOT) (Frankfurt: 76M0.F) (OTC: XBOTF) ( Realbotix or the Company), a leader in AI-powered humanoid robotics, is pleased to announce that it will be showcasing its h… [+6248 chars]",Realbotix Corp. (TSX-V: XBOT) (Frankfurt: 76M0.F) Realbotix is a leader in AI-powered humanoid robotics. The company will be showcasing its h…,POSITIVE,2025-05-07T11:37:11Z
"MIAMI, May 07, 2025 (GLOBE NEWSWIRE) -- In the dynamic world of online gambling, speed is a game-changer. Players want their winnings quickly, without delays or complicated processes. After evaluatin… [+24974 chars]","In the dynamic world of online gambling, speed is a game-changer. Players want their winnings quickly, without delays or complicated processes. After evaluatin…",POSITIVE,2025-05-07T11:37:00Z
"WINNIPEG, Manitoba, May 07, 2025 (GLOBE NEWSWIRE) -- 7Bit Casino is a massive hit among the online casinos in Canada for 2025, especially for players who love crypto. Its packed with exciting games, … [+19458 chars]","7Bit Casino is a massive hit among the online casinos in Canada for 2025. Its packed with exciting games, especially for players who love crypto.",POSITIVE,2025-05-07T11:36:00Z
"Strategic Shift: Proposed Change of Business
To better support its growth trajectory and strategic mandate, Matador has proposed a change of business from a Tier 2 Technology Issuer to a Tier 2 Tech… [+3116 chars]",Matador has proposed a change of business from a Tier 2 Technology Issuer to aTier 2 Tech…,POSITIVE,2025-05-07T11:32:02Z
"RUSSELLVILLE, Ark., May 07, 2025 (GLOBE NEWSWIRE) -- With the surge in popularity of cryptocurrency, the number of crypto gambling sites has skyrocketed, offering players a blend of anonymity, rapid … [+18825 chars]","With the surge in popularity of cryptocurrency, the number of crypto gambling sites has skyrocketed. The sites offer players a blend of anonymity, rapid …",POSITIVE,2025-05-07T11:32:00Z
Major cryptocurrencies are trading slightly higher following the Federal Reserve keeping interest rates unchanged and China's liquidity boost to stimulate its economy.CryptocurrencyPrice Gains +/-Bit… [+131 chars],Major cryptocurrencies are trading slightly higher following the Federal Reserve keeping interest rates unchanged and China's liquidity boost to stimulate its economy.,POSITIVE,2025-05-07T20:05:28Z
"Welcome to The Protocol, CoinDesk's weekly wrap-up of the most important stories in cryptocurrency tech development. Im Margaux Nijkerk, the Ethereum protocol reporter on CoinDesks Tech team.
In thi… [+5702 chars]","The Protocol is CoinDesk's weekly wrap-up of the most important stories in cryptocurrency tech development. Im Margaux Nijkerk, the Ethereum protocol reporter on CoinDesks Tech team. In thi…",POSITIVE,2025-05-07T19:29:30Z
"Bitwise Asset Managements latest 32-page study, The Investment Case for XRP, applies a capital-asset-pricing-style framework to the embattled payments token and concludes that, under its most optimis… [+3414 chars]"," Bitwise Asset Managements latest 32-page study, The Investment Case for XRP, applies a capital-asset-pricing-style framework to the embattled payments token. The study concludes that, under its most optimis…",NEGATIVE,2025-05-07T19:00:21Z
"Play ransomware affiliate leveraged zero-day to deploy malware
 | Canary Exploit tool allows to find servers affected by Apache Parquet flaw
 | Unsophisticated cyber actors are targeting the U.S. E… [+162285 chars]",Canary Exploit tool allows to find servers affected by Apache Parquet flaw. Play ransomware affiliate leveraged zero-day to deploy malware in U.S.,NEGATIVE,2025-05-07T18:43:23Z
"In brief
<ul><li>Bitcoin rose about 2% shortly after the Federal Reserve left interest rates unchanged.</li><li>BTC has gained 22% over the past month.</li><li>The Fed was widely expected to keep in… [+3476 chars]",Bitcoin rose about 2% shortly after the Federal Reserve left interest rates unchanged. BTC has gained 22% over the past month.,NEGATIVE,2025-05-07T18:14:45Z
Shares of tech company Asset Entities (ASST) rose 194% on Wednesday after it announced that Strive Asset Management was merging with the NASDAQ-listed company to become a publicly traded Bitcoin (BTC… [+1791 chars],Shares of tech company Asset Entities (ASST) rose 194% on Wednesday after it announced that Strive Asset Management was merging with the NASDAQ-listed company to become a publicly traded Bitcoin.,NEGATIVE,2025-05-07T18:11:06Z
"Key Takeaways:
<ul><li>Bitcoins realized capitalization hit a record $890 billion, reflecting strong investor conviction as long-term and short-term holders increased allocations. 
</li><li>Large B… [+3370 chars]","Bitcoins realized capitalization hit a record $890 billion, reflecting strong investor conviction as long-term and short-term holders increased allocations. Key Takeaways:",POSITIVE,2025-05-07T18:09:23Z
"US Treasury Secretary Scott Bessent says digital assets may create a $2 trillion demand for US Treasuries in the coming years.
In an appearance before a Congressional House Committee Tuesday morning… [+1693 chars]",US Treasury Secretary Scott Bessent says digital assets may create a $2 trillion demand for US Treasuries in the coming years. In an appearance before a Congressional House Committee Tuesday morning…,NEGATIVE,2025-05-07T18:05:28Z
"Bitwise Asset Management, one of the largest crypto asset managers in the U.S., has released a comprehensive report demystifying what drives the value of XRP.
Authored by Chief Investment Officer Ma… [+2720 chars]","Bitwise Asset Management, one of the largest crypto asset managers in the U.S., has released a comprehensive report demystifying what drives the value of XRP.",POSITIVE,2025-05-07T17:45:33Z
"The general crypto market has turned volatile, with Bitcoin, the largest digital asset, experiencing bearish movements as it falls below the key $95,000 price mark. Presently, BTC is gradually pickin… [+3181 chars]","Bitcoin, the largest digital asset, is experiencing bearish movements as it falls below the key $95,000 price mark. Presently, BTC is gradually pickin…",NEGATIVE,2025-05-07T17:30:29Z
"Strict editorial policy that focuses on accuracy, relevance, and impartiality
Created by industry experts and meticulously reviewed
The highest standards in reporting and publishing
Strict editori… [+4479 chars]","Created by industry experts and meticulously reviewed. Strict editorial policy that focuses on accuracy, relevance, and impartiality.",POSITIVE,2025-05-07T17:30:10Z
"ROAD TOWN, British Virgin Islands, May 07, 2025 (GLOBE NEWSWIRE) -- XRP is making headlines once again as CME Group gears up to launch XRP futures on May 19, signaling a potential surge in institutio… [+7416 chars]",XRP is making headlines once again as CME Group gears up to launch XRP futures on May 19. signaling a potential surge in institutio…,POSITIVE,2025-05-07T17:16:00Z
"London, UK, May 07, 2025 (GLOBE NEWSWIRE) -- Crypto investors everywhere are feeling the tremors, with fear firmly gripping traders across the entire crypto market. The CoinMarketCap Crypto Fear and … [+6820 chars]","Crypto investors everywhere are feeling the tremors, with fear firmly gripping traders across the entire crypto market. The CoinMarketCap Crypto Fear and …",POSITIVE,2025-05-07T17:15:00Z
Democrats turned up the pressure on President Donald Trump's cryptocurrency ventures this week and the fortune that he and his family are making off the efforts as a vote rolls forward on a key crypt… [+7838 chars],Democrats turned up the pressure on President Donald Trump's cryptocurrency ventures this week and the fortune that he and his family are making off the efforts.,NEGATIVE,2025-05-07T17:12:39Z
"We came across a bearish thesis on Strategy Incorporated (MSTR) on Substack by Charly AI. In this article, we will summarize the bears thesis on MSTR. Strategy Incorporated (MSTR)'s share was trading… [+2679 chars]","We came across a bearish thesis on Strategy Incorporated (MSTR) on Substack by Charly AI. In this article, we will summarize the bears thesis on MSTR.",NEGATIVE,2025-05-07T17:12:37Z
"Key points:
<ul><li>Bitcoin price hangs near $97,000 as traders await todays FOMC minutes.
</li><li>Bitcoin holding $95,000 as support is key for bullish price expansion in the short term.
</li><l… [+8358 chars]","Bitcoin price hangs near $97,000 as traders await todays FOMC minutes. Key points: $95,000 is key for bullish price expansion in the short term.",NEGATIVE,2025-05-07T17:06:37Z
"<ul><li>Hyperliquid jumped to #3 in blockchain fees over 24 hours, surpassing Ethereum and Bitcoin.</li><li>Fee hikes tested user loyalty; volume and liquidity remained firm as HYPE eyed a $50 breako… [+2517 chars]","Hyperliquid jumped to #3 in blockchain fees over 24 hours, surpassing Ethereum and Bitcoin. HYPE eyed a $50 breako…",NEGATIVE,2025-05-07T16:00:34Z
"Strict editorial policy that focuses on accuracy, relevance, and impartiality
Created by industry experts and meticulously reviewed
The highest standards in reporting and publishing
Strict editori… [+4989 chars]","Created by industry experts and meticulously reviewed. Strict editorial policy that focuses on accuracy, relevance, and impartiality.",POSITIVE,2025-05-07T16:00:06Z
"Key points:
<ul><li>Bitcoin investors are making the most of the highest price levels in several months by cashing out profits.
</li><li>These are averaging $1 billion per day, leading to concerns … [+2334 chars]","Bitcoin investors are making the most of the highest price levels in several months. These are averaging $1 billion per day, leading to concerns.",NEGATIVE,2025-05-07T15:52:16Z
"Coinbase (COIN) is heading into its first-quarter earnings report on shaky ground, with four Wall Street analysts expecting a miss as the retail trading lull is likely to pressure the crypto exchange… [+3090 chars]",Coinbase (COIN) is heading into its first-quarter earnings report on shaky ground. Four Wall Street analysts expect a miss as the retail trading lull is likely to pressure the crypto exchange.,NEGATIVE,2025-05-07T15:48:46Z
"Billionaire investor Tim Draper argued that businesses who have yet to purchase Bitcoin for their corporate treasuries are being irresponsible.
Speaking at the Financial Times Digital Assets Summit,… [+2904 chars]",Billionaire investor Tim Draper argued that businesses who have yet to purchase Bitcoin for their corporate treasuries are being irresponsible. Draper spoke at the Financial Times Digital Assets Summit.,NEGATIVE,2025-05-07T15:33:01Z
"In financial markets, making assumptions based on short-term observations is a fools errand, as significant trends develop over months and years, not days or weeks. But as investors evaluate bitcoins… [+2971 chars]","In financial markets, making assumptions based on short-term observations is a fools errand. But as investors evaluate bitcoins, significant trends develop over months and years, not days or weeks.",NEGATIVE,2025-05-07T15:20:30Z
"{ window.open(this.href, '_blank'); }, 200); return false;""&gt;Why did Apple Watch sales drop again? { window.open(this.href, '_blank'); }, 200); return false;""&gt;How are US-China trade talks impact… [+921 chars]","&gt;How are US-China trade talks impact…. { window.open(this.href, '_blank'); }, 200); return false;.",NEGATIVE,2025-05-07T15:05:23Z
"New data from market intelligence firm Arkham reveals that asset management titan BlackRock purchased billions of dollars worth of Bitcoin (BTC) as the flagship crypto asset closes in on $100,000.
I… [+1641 chars]","BlackRock purchased billions of dollars worth of Bitcoin (BTC) as the flagship crypto asset closes in on $100,000.",NEGATIVE,2025-05-07T14:30:43Z
"At the Bitcoin for Corporations 2025, MicroStrategy executive chairman Michael Saylor turned his keynote into a direct challenge for one of the technology sectors most cash-rich giants. Speaking to a… [+4474 chars]",MicroStrategy executive chairman Michael Saylor turned his keynote into a direct challenge for one of the technology sectors most cash-rich giants. Speaking to a…,POSITIVE,2025-05-07T14:30:05Z
"Strict editorial policy that focuses on accuracy, relevance, and impartiality
Created by industry experts and meticulously reviewed
The highest standards in reporting and publishing
Strict editori… [+3095 chars]","Created by industry experts and meticulously reviewed. Strict editorial policy that focuses on accuracy, relevance, and impartiality.",POSITIVE,2025-05-07T14:30:02Z
"In brief
<ul><li>Ethereum's Pectra upgrade was successfully implemented but didn't boost ETH's price, which continues trading at $1,830, 40% lower than last year.</li><li>Despite excitement around t… [+2158 chars]","Ethereum's Pectra upgrade was successfully implemented but didn't boost ETH's price. ETH continues trading at $1,830, 40% lower than last year.",NEGATIVE,2025-05-07T14:22:19Z
"London, UK, May 07, 2025 (GLOBE NEWSWIRE) -- Bitcoin has soared past the $96,000 threshold, marking a decisive break from its recent consolidation phase and hinting at a shift in overall market senti… [+7044 chars]","Bitcoin has soared past the $96,000 threshold, marking a decisive break from its recent consolidation phase and hinting at a shift in overall market senti…",POSITIVE,2025-05-07T14:15:00Z
"Canary Exploit tool allows to find servers affected by Apache Parquet flaw
 | Unsophisticated cyber actors are targeting the U.S. Energy sector
 | NSO Group must pay WhatsApp over $167M in damages … [+162218 chars]",Canonical Exploit tool allows to find servers affected by Apache Parquet flaw. Canary Exploit Tool allows you to see if your server has been affected by the flaw.,NEGATIVE,2025-05-07T14:08:37Z
"Strict editorial policy that focuses on accuracy, relevance, and impartiality
Created by industry experts and meticulously reviewed
The highest standards in reporting and publishing
Strict editori… [+3725 chars]","Created by industry experts and meticulously reviewed. Strict editorial policy that focuses on accuracy, relevance, and impartiality.",POSITIVE,2025-05-07T13:00:58Z
"<ul><li>Whale wallets scooped up 81,338 BTC as retail fled in panic.</li><li>Stock-to-Flow ratio jumped to 669.72 post-halving, fueling a scarcity-driven bullish outlook.</li></ul>Bitcoin [BTC] saw a… [+3453 chars]","Whale wallets scooped up 81,338 BTC as retail fled in panic. Stock-to-Flow ratio jumped to 669.72 post-halving.",NEGATIVE,2025-05-07T13:00:39Z
"Today, a new cryptocurrency bill was introduced in the US, which aims to ‘keep America at the forefront of financial innovation and global competition, while protecting consumers from fraud.’
The ne… [+6368 chars]","The bill aims to ‘keep America at the forefront of financial innovation and global competition, while protecting consumers from fraud’",POSITIVE,2025-05-07T12:51:43Z
"The ongoing appeal of AI tech in the crypto sphere is second to none. Just look at MicroStrategy, for instance. Its founder, Michael Saylor, recently revealed that he used AI chatbots to help build t… [+6603 chars]","The ongoing appeal of AI tech in the crypto sphere is second to none. Just look at MicroStrategy, for instance. Its founder, Michael Saylor, recently revealed that he used AI chatbots to help build t…",NEGATIVE,2025-05-07T12:40:29Z
"We recently published a list of Billionaire Ray Dalios Bridgewaters 10 Stock Picks with Huge Upside Potential. In this article, we are going to take a look at where Block, Inc. (NYSE:XYZ) stands agai… [+7019 chars]","We recently published a list of Billionaire Ray Dalios Bridgewaters 10 Stock Picks with Huge Upside Potential. In this article, we are going to take a look at where Block, Inc. stands agai…",POSITIVE,2025-05-07T12:34:43Z
"The streak of inflows spot Bitcoin ETFs saw in May was broken on May 6 with an $85.7 million outflow.
Before this reversal, ETFs saw $422.5 million in inflows on May 1, $674.9 million on May 2, and … [+1788 chars]","Before this reversal, ETFs saw $422.5 million in inflows on May 1, $674.9 million on May 2, and …. $85.7 million outflow on May 6.",NEGATIVE,2025-05-07T12:30:16Z
"APIs For OSINT
  This is a Collection of APIs that will be useful for automating various tasks in OSINT.
Thank you for following me! https://cybdetective.com
IOT/IP Search engines
<table><tr><th>… [+36613 chars]",This is a Collection of APIs that will be useful for automating various tasks in OSINT.,POSITIVE,2025-05-07T12:30:00Z
"<ul><li>Metaplanet ramped up Bitcoin accumulation with latest $53.4M purchase.</li><li>Plans to expand into the U.S. with a $10 million Treasury Corp in Miami.</li></ul>Over the past five months, ins… [+2334 chars]","Over the past five months, over $53.4 million has been spent on Bitcoin. Metaplanet plans to expand into the U.S. with a $10 million Treasury Corp in Miami.",NEGATIVE,2025-05-07T12:00:54Z
"The combined company will focus over time on maximizing Bitcoin exposure per share and seek to outperform Bitcoin over the long run and maximize value for common equity shareholders.
More informatio… [+17748 chars]",The combined company will focus over time on maximizing Bitcoin exposure per share. It will seek to outperform Bitcoin over the long run and maximize value for common equity shareholders.,POSITIVE,2025-05-07T12:00:00Z
"Ankr Network is a decentralized node infrastructure designed to offer flexible and cost-efficient blockchain connections, primarily catering to Web3 developers and aiming to democratize global cloud … [+2252 chars]",Ankr Network is a decentralized node infrastructure designed to offer flexible and cost-efficient blockchain connections. primarily catering to Web3 developers and aiming to democratize global cloud.,POSITIVE,2025-05-07T11:43:15Z
"This is a daily technical analysis by CoinDesk analyst and Chartered Market Technician Omkar Godbole.
Crypto bears might want to closely watch bitcoins (BTC) recent chart patterns, which mirror thos… [+2267 chars]","Crypto bears might want to closely watch bitcoins (BTC) recent chart patterns, which mirror thos…",NEGATIVE,2025-05-07T11:42:11Z
"Strict editorial policy that focuses on accuracy, relevance, and impartiality
Created by industry experts and meticulously reviewed
The highest standards in reporting and publishing
Strict editori… [+3608 chars]","Created by industry experts and meticulously reviewed. Strict editorial policy that focuses on accuracy, relevance, and impartiality.",POSITIVE,2025-05-07T11:30:09Z
"Key Highlights
<ul><li>Refreshed brand identity reflects Matadors evolution into a vertically integrated Bitcoin-focused company.</li><li>Core strategy: hold Bitcoin, launch Bitcoin-native products,… [+7886 chars]","Core strategy: hold Bitcoin, launch Bitcoin-native products. Matadors evolution into vertically integrated Bitcoin-focused company. New brand identity reflects company's evolution.",POSITIVE,2025-05-07T11:30:00Z
"Bitcoin markets are bracing for potential turbulence as the Federal Open Market Committee prepares to conclude its May 6-7 meeting.
While the federal funds rate is widely expected to remain unchange… [+5991 chars]",Bitcoin markets are bracing for potential turbulence as the Federal Open Market Committee prepares to conclude its May 6-7 meeting. While the federal funds rate is widely expected to remain unchange…,NEGATIVE,2025-05-07T11:15:24Z
Crypto institutional investors ramp up inflows to spot Bitcoin ETFs following a swift recovery and expected price consolidation. The last seven days saw a net jump in total digital asset products alo… [+2231 chars],Crypto institutional investors ramp up inflows to spot Bitcoin ETFs following a swift recovery and expected price consolidation. The last seven days saw a net jump in total digital asset products.,POSITIVE,2025-05-07T11:08:48Z
"<ul><li>Bitwises NEAR ETF filing signals rising institutional interest in altcoin-based investment products.</li><li>Near Protocol aims to solve the blockchain dilemma with scalability, security, and… [+2082 chars]","Near Protocol aims to solve the blockchain dilemma with scalability, security, and….",POSITIVE,2025-05-07T11:00:19Z
"Unsophisticated cyber actors are targeting the U.S. Energy sector
 | NSO Group must pay WhatsApp over $167M in damages for attacks on its users
 | U.S. CISA adds FreeType flaw to its Known Exploite… [+162139 chars]",NSO Group must pay WhatsApp over $167M in damages for attacks on its users. Unsophisticated cyber actors are targeting the U.S. Energy sector.,NEGATIVE,2025-05-07T10:44:38Z
"Bitcoin holders have established a sideways pattern in the last two weeks. Recent trades have shown institutional and retail holders increasing selling pressure, hinting at a stronger profit-taking s… [+2307 chars]", Bitcoin holders have established a sideways pattern in the last two weeks. Recent trades have shown institutional and retail holders increasing selling pressure.,NEGATIVE,2025-05-07T10:44:00Z
"ROAD TOWN, British Virgin Islands, May 07, 2025 (GLOBE NEWSWIRE) -- XRP News Today Ripple is making headlines once again as CME Group gears up to launch XRP futures on May 19, signaling a potential s… [+7126 chars]",XRP News Today Ripple is making headlines once again as CME Group gears up to launch XRP futures on May 19.,POSITIVE,2025-05-07T10:38:00Z
"May 7, 2025 Dubai, United Arab Emirates
In the aftermath of the largest hack in crypto history, Bybit has emerged as a case study in market resilience, transparency and user trust.
A new independen… [+5026 chars]","Bybit has emerged as a case study in market resilience, transparency and user trust. May 7, 2025 Dubai, United Arab Emirates.",POSITIVE,2025-05-07T10:37:40Z
"May 7th, 2025 Dubai, UAE
class=”ql-align-justify”&gt;In the aftermath of the largest hack in crypto history, Bybit has emerged as a case study in market resilience, transparency, and user trust.
A … [+5016 chars]","In the aftermath of the largest hack in crypto history, Bybit has emerged as a case study in market resilience and transparency.",POSITIVE,2025-05-07T10:37:40Z
"Changpeng Zhao CZ, the former CEO of Binance believes that Bitcoin could reach between $500,000 and $1 million during the current market cycle.
Speaking on the Farokh Radio YouTube channel in an epi… [+2701 chars]","Changpeng Zhao CZ, the former CEO of Binance believes that Bitcoin could reach between $500,000 and $1 million during the current market cycle.",NEGATIVE,2025-05-07T10:30:46Z
"The price of gold has surged almost 29% this year, solidly beating the 3.8% gain in bitcoin (BTC). Even so, that's failed to deter investors eager to add the largest cryptocurrency to their portfolio… [+146 chars]","The price of gold has surged almost 29% this year, solidly beating the 3.8% gain in bitcoin. Even so, that's failed to deter investors eager to add the largest cryptocurrency to their portfolio.",NEGATIVE,2025-05-07T10:26:45Z
"Bitcoin holders are becoming more comfortable borrowing against their crypto as market confidence grows, according to Seamus Rocca, the CEO of the Gibraltar-based private bank Xapo Bank. 
In an inte… [+3335 chars]","Bitcoin holders are becoming more comfortable borrowing against their crypto as market confidence grows. Seamus Rocca, the CEO of the Gibraltar-based private bank Xapo Bank, spoke to CNN.",NEGATIVE,2025-05-07T10:03:16Z
"<ul><li>Whale addresses now hold 9.44% of XRP supply, up from 8.24% in January.</li><li>FedWatch Tool shows expectations for interest rates to remain at 4.25%-4.5%.</li><li>RSI below 50 signals beari… [+4100 chars]","Whale addresses now hold 9.44% of XRP supply, up from 8.24% in January. FedWatch Tool shows expectations for interest rates to remain at 4.25%-4.5%.",NEGATIVE,2025-05-07T10:03:03Z
"<ul><li> Bitwise CIO cautioned that altcoin could be hit the hardest if key crypto bills arent passed. </li><li>Galaxys Alex Thorn reiterated the same caution, but Mike Novogratz was optimistic the b… [+2089 chars]","Bitwise CIO cautioned that altcoin could be hit the hardest if key crypto bills arent passed. Alex Thorn reiterated the same caution, but Mike Novogratz was optimistic.",NEGATIVE,2025-05-07T10:00:41Z
The Fine Print: The following comments are owned by whoever posted them. We are not responsible for them in any way.,The Fine Print: The following comments are owned by whoever posted them. We are not responsible for them in any way.,NEGATIVE,2025-05-07T09:53:18Z
"Cardano whales scooped up over 410million ADA in April, signaling a strategic buildup at sub$0.70 levels and raising the prospect of a push toward $1.
ADA now trades around $0.68 after a 40% rally f… [+2487 chars]",ADA now trades around $0.68 after a 40% rally. Cardano whales scooped up over 410million ADA in April.,NEGATIVE,2025-05-07T09:49:30Z
"MARA (NASDAQ:MARA – Get Free Report) is expected to announce its Q1 2025 earnings results after the market closes on Thursday, May 8th. Analysts expect MARA to post earnings of ($0.32) per share and … [+3922 chars]","Mara (NASDAQ:MARA – Get Free Report) is expected to announce its Q1 2025 earnings results after the market closes on Thursday, May 8th. Analysts expect MARA to post earnings of ($0.32) per share.",NEGATIVE,2025-05-07T09:40:48Z
"The price of gold has surged almost 29% this year, solidly beating the 3.8% gain in bitcoin (BTC). Even so, that's failed to deter investors eager to add the largest cryptocurrency to their portfolio… [+1027 chars]","The price of gold has surged almost 29% this year, solidly beating the 3.8% gain in bitcoin. Even so, that's failed to deter investors eager to add the largest cryptocurrency to their portfolio.",NEGATIVE,2025-05-07T09:24:14Z
"Robinhood Markets, Bitdeer Technologies Group, Cellebrite DI, HIVE Digital Technologies, Bit Origin, Bitfarms, and AGM Group are the seven Cryptocurrency stocks to watch today, according to MarketBea… [+6943 chars]","Robinhood Markets, Bitdeer Technologies Group, Cellebrite DI, HIVE Digital Technologies, Bit Origin, Bitfarms, and AGM Group are the seven Cryptocurrency stocks to watch today.",POSITIVE,2025-05-07T09:20:57Z
"The promoters of scam currency spent more money than any other group in 2024. They’re now realizing a massive return on investment in Donald Trumps White House.
King of the shill: A mural of Preside… [+30785 chars]",The promoters of scam currency spent more money than any other group in 2024. They’re now realizing a massive return on investment in Donald Trumps White House.,POSITIVE,2025-05-07T09:00:00Z
"NSO Group must pay WhatsApp over $167M in damages for attacks on its users
 | U.S. CISA adds FreeType flaw to its Known Exploited Vulnerabilities catalog
 | Samsung MagicINFO flaw exploited days af… [+162069 chars]",U.S. CISA adds FreeType flaw to its Known Exploited Vulnerabilities catalog. Samsung MagicINFO flaw exploited days af…,NEGATIVE,2025-05-07T08:57:08Z
"UnitedHealth Group, ProShares UltraPro Short QQQ, Robinhood Markets, Berkshire Hathaway, Block, iShares Bitcoin Trust, and Visa are the seven Financial stocks to watch today, according to MarketBeat’… [+8699 chars]","UnitedHealth Group, ProShares UltraPro Short QQQ, Robinhood Markets, Berkshire Hathaway, Block, iShares Bitcoin Trust, and Visa are the seven Financial stocks to watch today.",POSITIVE,2025-05-07T08:49:04Z
"iShares Bitcoin Trust, MARA, Riot Platforms, CleanSpark, and Iris Energy are the five Bitcoin stocks to watch today, according to MarketBeat’s stock screener tool. Bitcoin stocks informally refers to… [+4269 chars]","iShares Bitcoin Trust, MARA, Riot Platforms, CleanSpark, and Iris Energy are the five Bitcoin stocks to watch today. Bitcoin stocks informally refers to…",POSITIVE,2025-05-07T08:49:03Z
"Oracle, Riot Platforms, Applied Digital, Core Scientific, and Globant are the five Blockchain stocks to watch today, according to MarketBeat’s stock screener tool. Blockchain stocks are shares of pub… [+6004 chars]","Oracle, Riot Platforms, Applied Digital, Core Scientific, and Globant are the five Blockchain stocks to watch today. MarketBeat’s stock screener tool.",POSITIVE,2025-05-07T08:49:03Z
"<ul><li>CartelFi’s presale gains traction, raising over $1.5 million as investors eye its potential DeFi dominance.</li><li>Investors are drawn to CartelFi’s deflationary model and high-yield staking… [+3763 chars]",Investors are drawn to CartelFi’s deflationary model and high-yield staking.,POSITIVE,2025-05-07T08:47:44Z
"Bitcoin has been trading within the range of $93,000 (roughly Rs. 78.7 lakh) and $97,000 (roughly Rs. 82.1 lakh) for almost a week now. Ahead of the upcoming FOMC meeting, Bitcoin's price has risen b… [+3301 chars]","Bitcoin has been trading within the range of $93,000 and $97,000 for almost a week now. Ahead of the upcoming FOMC meeting, Bitcoin's price has risen b…",POSITIVE,2025-05-07T08:41:19Z
"Meet Samuel Edyme, Nickname - HIM-buktu. A web3 content writer, journalist, and aspiring trader, Edyme is as versatile as they come. With a knack for words and a nose for trends, he has penned pieces… [+2806 chars]","Samuel Edyme is a web3 content writer, journalist, and aspiring trader. With a knack for words and a nose for trends, he has penned pieces…",POSITIVE,2025-05-07T08:30:26Z
"As Bitcoin (BTC) continues to trade in the mid-$90,000 range, noted crypto analyst Ali Martinez has cautioned that losing a critical support level could send the top cryptocurrency plunging to as low… [+2654 chars]","Bitcoin (BTC) continues to trade in the mid-$90,000 range. Analyst Ali Martinez has cautioned that losing a critical support level could send the top cryptocurrency plunging to as low…",NEGATIVE,2025-05-07T08:30:14Z
The Fine Print: The following comments are owned by whoever posted them. We are not responsible for them in any way.,The Fine Print: The following comments are owned by whoever posted them. We are not responsible for them in any way.,NEGATIVE,2025-05-07T08:12:07Z
"{ window.open(this.href, '_blank'); }, 200); return false;""&gt;Why did OpenAI plan to cut Microsoft revenue share? { window.open(this.href, '_blank'); }, 200); return false;""&gt;How will US-China tra… [+960 chars]","&gt;Why did OpenAI plan to cut Microsoft revenue share? { window.open(this.href, '_blank'); }, 200); return false;""&gt;""How will US-China tra… [+960 chars]",NEGATIVE,2025-05-07T08:02:14Z
"<ul><li>Raydium has shed 27% in the past nine days to retest a local demand zone.</li><li>While a bullish reaction is anticipated, traders should beware of short-term volatility around the $2-$2.1 ar… [+2088 chars]","Raydium has shed 27% in the past nine days to retest a local demand zone. While a bullish reaction is anticipated, traders should beware of short-term volatility.",NEGATIVE,2025-05-07T08:00:14Z
"MARA (NASDAQ:MARA – Get Free Report) had its price target decreased by equities research analysts at Piper Sandler from $30.00 to $23.00 in a note issued to investors on Monday,Benzinga reports. The … [+5267 chars]",Mara (NASDAQ:MARA) had its price target decreased by equities research analysts at Piper Sandler from $30.00 to $23.00 in a note issued to investors on Monday.,NEGATIVE,2025-05-07T07:36:55Z
"<ul><li>BlackRock’s IBIT logged 15 consecutive inflow days, signaling strong institutional Bitcoin demand</li><li>At the time of writing, Bitcoin was still holding above $90k with bullish indicators<… [+2545 chars]","BlackRock’s IBIT logged 15 consecutive inflow days, signaling strong institutional Bitcoin demand. Bitcoin was still holding above $90k with bullish indicators.",NEGATIVE,2025-05-07T07:30:36Z
"U.S. CISA adds FreeType flaw to its Known Exploited Vulnerabilities catalog
 | Samsung MagicINFO flaw exploited days after PoC exploit publication
 | Experts warn of a second wave of attacks target… [+161990 chars]",U.S. CISA adds FreeType flaw to its Known Exploited Vulnerabilities catalog. Samsung MagicINFO flaw exploited days after PoC exploit publication.,NEGATIVE,2025-05-07T07:17:15Z
"Digital assets displayed optimism on Wednesday as Bitcoin soared past the vital $96,500.
The renewed sentiments emerged after reports that the United States will restart trade talks with China this … [+3086 chars]","Digital assets displayed optimism on Wednesday as Bitcoin soared past the vital $96,500. The renewed sentiments emerged after reports that the United States will restart trade talks with China this week.",POSITIVE,2025-05-07T07:11:02Z
"A closely followed crypto strategist believes that one more parabolic rally is in store for Bitcoin (BTC) this cycle.
Pseudonymous analyst Jack tells his 268,600 followers on X that he doesnt expect… [+1331 chars]","Pseudonymous analyst Jack tells his 268,600 followers on X that he doesnt expect…",NEGATIVE,2025-05-07T07:04:41Z
<ul><li>Bittensor has maintained its bullish market structure over the past ten days.</li><li>The range formation’s high at $373 is a key short-term resistance level.</li></ul>Bitcoin [BTC]s recent 4… [+2604 chars],Bitcoin [BTC]s recent 4… [+2604 chars] Bitcoin has maintained its bullish market structure over the past ten days. The range formation’s high is a key short-term resistance level.,NEGATIVE,2025-05-07T07:00:50Z
"On-chain data shows the Bitcoin Hashrate is on the way up again as the Difficulty has gone through a negative adjustment.
Bitcoin Miners Seem To Be Back In Expansion Mode
On Saturday, May 3rd, the … [+3322 chars]",On-chain data shows the Bitcoin Hashrate is on the way up again as the Difficulty has gone through a negative adjustment.,NEGATIVE,2025-05-07T07:00:40Z
"Key points:
<ul><li>Bitcoin and gold trade in lockstep on low timeframes as macro volatility triggers heighten.
</li><li>The Federal Reserve interest rate decision and press conference is just hour… [+3084 chars]",Bitcoin and gold trade in lockstep on low timeframes as macro volatility heighten. The Federal Reserve interest rate decision is just hour and a half away.,NEGATIVE,2025-05-07T06:41:07Z
"MARA (NASDAQ:MARA – Get Free Report) and SBI (OTCMKTS:SBHGF – Get Free Report) are both mid-cap business services companies, but which is the superior investment? We will compare the two businesses b… [+5062 chars]",MARA (NASDAQ:MARA – Get Free Report) and SBI (OTCMKTS:SBHGF – Get free report) are both mid-cap business services companies. We will compare the two businesses b…,POSITIVE,2025-05-07T06:38:48Z
"CleanSpark (NASDAQ:CLSK – Get Free Report) is expected to be posting its Q2 2025 quarterly earnings results before the market opens on Thursday, May 8th. Analysts expect the company to announce earni… [+3942 chars]",CleanSpark (NASDAQ:CLSK – Get Free Report) is expected to be posting its Q2 2025 quarterly earnings results before the market opens on May 8th. Analysts expect the company to announce earni…,NEGATIVE,2025-05-07T06:34:50Z
"<ul><li>XRP outperformed BTC by 10% on the price front in Q1 2025</li><li>Ripple controlled 75% of XRP’s circulating supply of about 55 billion tokens as of March 2025</li></ul>In Q1 2025, XRP mainta… [+1935 chars]",XRP outperformed BTC by 10% on the price front in Q1 2025. Ripple controlled 75% of XRP’s circulating supply of about 55 billion tokens as of March 2025.,NEGATIVE,2025-05-07T06:30:01Z
"Japans Metaplanet has purchased an additional 555 Bitcoin as part of its aggressive accumulation strategy, bringing its total holdings to 5,555 BTC valued at over $536 million at current prices.
On … [+1916 chars]","Japans Metaplanet has purchased an additional 555 Bitcoin as part of its aggressive accumulation strategy. This brings its total holdings to 5,555 BTC valued at over $536 million at current prices.",NEGATIVE,2025-05-07T06:29:58Z
"Disclaimer: The below article is sponsored, and the views in it do not represent those of ZyCrypto. Readers should conduct independent research before taking any actions related to the project mentio… [+4677 chars]","The below article is sponsored, and the views in it do not represent those of ZyCrypto. Readers should conduct independent research before taking any actions related to the project.",NEGATIVE,2025-05-07T06:26:01Z
"It's the Fed day again, and traders are seeking cues on how much volatility this key event might spark. According to Volmex's implied volatility indices, major tokens could see price swings, but noth… [+143 chars]","Traders seeking cues on how much volatility this key event might spark. According to Volmex's implied volatility indices, major tokens could see price swings.",NEGATIVE,2025-05-07T05:27:27Z
"MARA Holdings, Inc. (NASDAQ:MARA – Get Free Report) shares were down 11.2% during mid-day trading on Monday after Piper Sandler lowered their price target on the stock from $30.00 to $23.00. Piper Sa… [+5303 chars]","Mara Holdings, Inc. shares were down 11.2% during mid-day trading on Monday. Piper Sandler lowered their price target on the stock from $30.00 to $23.00.",NEGATIVE,2025-05-07T05:23:00Z
"Key takeaways:
<ul><li>Large Bitcoin holders have accumulated 81,338 BTC over the past six weeks, showing confidence in a future price uptrend.
</li><li>Wallets with less than 0.1 BTC sold around 2… [+2989 chars]","Large Bitcoin holders have accumulated 81,338 BTC over the past six weeks, showing confidence in a future price uptrend. Wallets with less than 0.1 BTC sold around 2…",NEGATIVE,2025-05-07T05:09:28Z
"Aayush Jindal, a luminary in the world of financial markets, whose expertise spans over 15 illustrious years in the realms of Forex and cryptocurrency trading. Renowned for his unparalleled proficien… [+3011 chars]",Aayush Jindal is a luminary in the world of financial markets. His expertise spans over 15 illustrious years in the realms of Forex and cryptocurrency trading.,POSITIVE,2025-05-07T05:08:58Z
"KEY POINTS
<ul><li>Trump said the news will be one of the biggest announcements yet in many years 'about a certain subject'</li><li>Some $XRP users were quick to speculate that his announcement may … [+3878 chars]",Some $XRP users were quick to speculate that his announcement may be about a certain subject. Trump said the news will be one of the biggest announcements yet in many years.,POSITIVE,2025-05-07T04:53:29Z
"It's Fed day again, and traders are seeking cues on how much volatility this key event might spark. According to Volmex's implied volatility indices, major tokens could see price swings, but nothing … [+1543 chars]","Traders seeking cues on how much volatility this key event might spark. According to Volmex's implied volatility indices, major tokens could see price swings.",NEGATIVE,2025-05-07T04:51:23Z
"Investors have been piling into BlackRocks spot Bitcoin exchange-traded fund for over three weeks straight, culminating in the assets run up to $97,000 on May 7.
The BlackRock iShares Bitcoin Trust … [+2722 chars]","Investors have been piling into BlackRocks spot Bitcoin exchange-traded fund for over three weeks straight. Assets run up to $97,000 on May 7.",NEGATIVE,2025-05-07T04:26:14Z
"Aayush Jindal, a luminary in the world of financial markets, whose expertise spans over 15 illustrious years in the realms of Forex and cryptocurrency trading. Renowned for his unparalleled proficien… [+3011 chars]",Aayush Jindal is a luminary in the world of financial markets. His expertise spans over 15 illustrious years in the realms of Forex and cryptocurrency trading.,POSITIVE,2025-05-07T04:08:34Z
"Strict editorial policy that focuses on accuracy, relevance, and impartiality
Created by industry experts and meticulously reviewed
The highest standards in reporting and publishing
Strict editori… [+3225 chars]","Created by industry experts and meticulously reviewed. Strict editorial policy that focuses on accuracy, relevance, and impartiality.",POSITIVE,2025-05-07T04:00:12Z
"Strict editorial policy that focuses on accuracy, relevance, and impartiality
Created by industry experts and meticulously reviewed
The highest standards in reporting and publishing
Strict editori… [+2642 chars]","Created by industry experts and meticulously reviewed. Strict editorial policy that focuses on accuracy, relevance, and impartiality.",POSITIVE,2025-05-07T03:18:12Z
"Key takeaways:
<ul><li>Bitcoin must maintain above $95,000 to have a chance at retesting its $109,000 all-time high; failure to hold could lead to a deeper correction, crypto analysts warn.
</li><l… [+3433 chars]","Bitcoin must maintain above $95,000 to have a chance at retesting its $109,000 all-time high. Failure to hold could lead to a deeper correction, crypto analysts warn.",NEGATIVE,2025-05-07T02:45:37Z
"Strict editorial policy that focuses on accuracy, relevance, and impartiality
Created by industry experts and meticulously reviewed
The highest standards in reporting and publishing
Strict editori… [+4788 chars]","Created by industry experts and meticulously reviewed. Strict editorial policy that focuses on accuracy, relevance, and impartiality.",POSITIVE,2025-05-07T02:30:37Z
"Strict editorial policy that focuses on accuracy, relevance, and impartiality
Created by industry experts and meticulously reviewed
The highest standards in reporting and publishing
Strict editori… [+2692 chars]","Created by industry experts and meticulously reviewed. Strict editorial policy that focuses on accuracy, relevance, and impartiality.",POSITIVE,2025-05-07T02:30:34Z
Leading cryptocurrencies spiked Tuesday on news that Treasury Secretary Scott Bessent will meet Chinese officials for trade talks.CryptocurrencyGains +/-Price (Recorded at 8:45 p.m. ET)Bitcoin (CRYPT… [+136 chars],Leading cryptocurrencies spiked Tuesday on news that Treasury Secretary Scott Bessent will meet Chinese officials for trade talks.,NEGATIVE,2025-05-07T02:18:42Z
"Strict editorial policy that focuses on accuracy, relevance, and impartiality
Created by industry experts and meticulously reviewed
The highest standards in reporting and publishing
Strict editori… [+3451 chars]","Created by industry experts and meticulously reviewed. Strict editorial policy that focuses on accuracy, relevance, and impartiality.",POSITIVE,2025-05-07T01:30:32Z
