timestamp,price,market_cap,volume
2024-04-20 00:00:00,63988.818471785664,1263308149913.607,52227787323.81757
2024-04-21 00:00:00,64894.41869109179,1277940837359.7852,16601830590.687477
2024-04-22 00:00:00,64936.4207567739,1279763566407.3762,19592118541.18973
2024-04-23 00:00:00,66841.66685207361,1317058642854.2856,27748586313.20611
2024-04-24 00:00:00,66406.95244392671,1306843409278.049,23232230785.201836
2024-04-25 00:00:00,64279.51812857524,1265541377860.928,30939903322.025898
2024-04-26 00:00:00,64486.183359158975,1269387456067.624,24705345525.57077
2024-04-27 00:00:00,63802.330049258766,1255539337969.4697,23302057197.884678
2024-04-28 00:00:00,63517.248743409626,1249495302303.4912,19190483386.063873
2024-04-29 00:00:00,63030.433616681854,1240724751365.882,16180294651.046635
2024-04-30 00:00:00,63797.67963589958,1257159131219.0603,27242983698.21234
2024-05-01 00:00:00,60749.47209216387,1197773959985.8767,39533113322.04938
2024-05-02 00:00:00,58297.574075325494,1151677489315.1536,51109380171.692604
2024-05-03 00:00:00,59135.1733607733,1164721402399.166,28255509745.49032
2024-05-04 00:00:00,62839.34073569376,1239817041554.716,33591665812.212433
2024-05-05 00:00:00,63820.451902924986,1257549583083.3145,20510614461.479218
2024-05-06 00:00:00,64010.00865210892,1259667234461.2874,18115695040.201984
2024-05-07 00:00:00,63172.48129551341,1244417948315.7583,17917770174.27797
2024-05-08 00:00:00,62363.057191718624,1229336706399.346,19925137720.849453
2024-05-09 00:00:00,61215.50400879193,1203918522476.5405,20303831135.373127
2024-05-10 00:00:00,63148.599943097026,1240910691253.6274,25837724247.550426
2024-05-11 00:00:00,60888.21674957157,1199393711200.297,23987518755.480534
2024-05-12 00:00:00,60776.972079172134,1197102943502.2341,12120618802.065384
2024-05-13 00:00:00,61507.054004121346,1211277523448.5786,13045696108.912676
2024-05-14 00:00:00,62878.783300729294,1238994152713.125,27740460083.601814
2024-05-15 00:00:00,61569.1130057734,1212998352772.157,21581895152.31416
2024-05-16 00:00:00,66220.51831432826,1307048849176.4167,38101793065.15294
2024-05-17 00:00:00,65260.879803346186,1286278919684.0837,29114585833.349678
2024-05-18 00:00:00,67053.12326509564,1319238394090.13,25397793918.993534
2024-05-19 00:00:00,66912.61861403697,1319928522881.6436,13025487675.845129
2024-05-20 00:00:00,66252.71259591613,1304727108597.6987,9072734600.009218
2024-05-21 00:00:00,71430.29700215145,1406288649446.611,35923476641.4359
2024-05-22 00:00:00,70189.8358177002,1382275470797.567,41105056578.01701
2024-05-23 00:00:00,69181.20085677762,1362228629448.754,31059440495.91766
2024-05-24 00:00:00,67906.46534276106,1336347300306.381,39235702119.25446
2024-05-25 00:00:00,68539.91646552991,1350764328536.3708,28127411967.182774
2024-05-26 00:00:00,69268.44558973772,1363997851294.8164,15929396750.116022
2024-05-27 00:00:00,68508.83110875699,1349351520129.172,11243743771.147913
2024-05-28 00:00:00,69367.23871755725,1366931305389.0393,18983806932.464344
2024-05-29 00:00:00,68316.63588049631,1347542673428.3018,31278122196.184998
2024-05-30 00:00:00,67577.26558995963,1331734029835.3335,24320692137.62038
2024-05-31 00:00:00,68372.49288434093,1346147846430.124,25344376897.716885
2024-06-01 00:00:00,67474.95483698409,1331606411822.8157,19685305476.459476
2024-06-02 00:00:00,67704.32641811523,1333649555935.3525,10724053324.55672
2024-06-03 00:00:00,67740.01690222476,1335930570689.7126,16137350587.750422
2024-06-04 00:00:00,68808.29368590549,1355484820107.0864,29862293749.910686
2024-06-05 00:00:00,70600.01116676089,1390853496950.4385,31561053725.144592
2024-06-06 00:00:00,71184.59943059199,1400297735227.1965,32560403314.989147
2024-06-07 00:00:00,70759.58819301432,1394881646977.521,23612879689.560955
2024-06-08 00:00:00,69325.36238847222,1366366925856.506,18597495569.911568
2024-06-09 00:00:00,69315.1041233966,1366065699664.3162,10688301508.476225
2024-06-10 00:00:00,69654.16073760358,1372556186704.501,10461044041.080194
2024-06-11 00:00:00,69493.17760915738,1369378888543.5317,19335866773.67523
2024-06-12 00:00:00,67329.15232724321,1327665028180.2761,38513044382.60802
2024-06-13 00:00:00,68224.51967501991,1345244310606.6865,36027809551.45211
2024-06-14 00:00:00,66700.31696564378,1317161415434.6978,29654777884.381138
2024-06-15 00:00:00,66011.07873713733,1301949410096.3496,27966992832.749634
2024-06-16 00:00:00,66190.4874891135,1304370314917.9756,13472726244.723091
2024-06-17 00:00:00,66615.53782131766,1313849391756.9756,12650130203.722813
2024-06-18 00:00:00,66460.38897909952,1309329377372.7744,29409728999.276093
2024-06-19 00:00:00,65109.314812190474,1282295865979.065,41386972050.31837
2024-06-20 00:00:00,64907.07460760319,1278699763341.0723,21680698980.889107
2024-06-21 00:00:00,64844.67441797763,1279317116821.3782,26001551474.84426
2024-06-22 00:00:00,64071.624284709695,1263258746635.2896,24694310198.90943
2024-06-23 00:00:00,64239.90348813148,1266336092890.8738,6340606686.24879
2024-06-24 00:00:00,63221.35738437477,1248188877658.2324,10748270931.518738
2024-06-25 00:00:00,60363.23497529626,1188964670369.4045,42036553106.89028
2024-06-26 00:00:00,61770.413870095355,1217935012739.8113,21105562261.648533
2024-06-27 00:00:00,60749.89619402014,1198205485427.564,22908540918.971207
2024-06-28 00:00:00,61562.64532550036,1213931985719.8025,18855138893.067604
2024-06-29 00:00:00,60317.09697945116,1189569860170.9426,24399416695.150173
2024-06-30 00:00:00,60864.44316193428,1199792912680.844,11435110883.886795
2024-07-01 00:00:00,62734.39383945474,1236676710888.4822,17373592048.120487
2024-07-02 00:00:00,62819.82226921849,1238799172479.871,25573074910.689686
2024-07-03 00:00:00,62042.5650371006,1222901857941.0586,18100530101.689426
2024-07-04 00:00:00,60244.68076433092,1186937170314.9272,30348692427.02443
2024-07-05 00:00:00,57189.17412408636,1130121668991.0515,43112005394.93119
2024-07-06 00:00:00,56739.86285107204,1118490666778.4585,60081357583.2773
2024-07-07 00:00:00,58230.4841542266,1147176330416.144,21293913670.919975
2024-07-08 00:00:00,55880.3753776708,1100452083927.7026,20211914621.326435
2024-07-09 00:00:00,56665.140733520275,1117615464651.686,41614266908.30467
2024-07-10 00:00:00,57988.30351208401,1144794688186.9604,28413854577.262756
2024-07-11 00:00:00,57704.202284462874,1139350681822.5857,25987656347.278587
2024-07-12 00:00:00,57388.192479166675,1130276546536.143,29196653598.752666
2024-07-13 00:00:00,57899.28895749592,1141567375406.1943,25504482306.198975
2024-07-14 00:00:00,59152.71913887286,1168371787725.7102,16765547593.243273
2024-07-15 00:00:00,60942.32773996293,1204059167828.704,21295520563.65442
2024-07-16 00:00:00,64835.48973321571,1277806993830.5176,37810068492.862465
2024-07-17 00:00:00,65162.23625234354,1284899538175.1812,40914441633.09575
2024-07-18 00:00:00,64136.31384360687,1266016458007.3477,33459451713.593426
2024-07-19 00:00:00,63959.56900809379,1261456293182.2588,25976148878.632153
2024-07-20 00:00:00,66689.54880734957,1316147398343.7175,36994610752.230415
2024-07-21 00:00:00,67206.06470614894,1325658979467.9998,17353396168.041622
2024-07-22 00:00:00,68088.13996324532,1343346742483.077,27078771827.95196
2024-07-23 00:00:00,67607.71339918874,1333201881091.7786,43157593651.80313
2024-07-24 00:00:00,65942.41746522837,1300963591115.5374,36100536095.18872
2024-07-25 00:00:00,65403.53513022529,1290447066028.3152,28680123269.715443
2024-07-26 00:00:00,65749.96361965332,1297125144853.139,35836896135.542854
2024-07-27 00:00:00,67920.2964857025,1339927966898.6016,30821370069.206276
2024-07-28 00:00:00,68055.40838968738,1342889431798.832,30976752616.761925
2024-07-29 00:00:00,68242.2474440493,1346263382369.5552,17175244020.36542
2024-07-30 00:00:00,66770.32091848266,1317581413497.2551,42529043667.45024
2024-07-31 00:00:00,66219.05102486102,1306758338817.987,28892376510.689587
2024-08-01 00:00:00,64679.778647032515,1275401473742.0508,31403681581.194077
2024-08-02 00:00:00,65357.52960767435,1289157073527.528,38911302447.60912
2024-08-03 00:00:00,61407.29547397454,1211854070245.47,39004321616.3716
2024-08-04 00:00:00,60738.7449250574,1197962170718.7737,32885545023.712658
2024-08-05 00:00:00,58006.206586686734,1147854905921.6433,33664501541.451115
2024-08-06 00:00:00,53956.26184159744,1064889039013.8289,120245972389.37173
2024-08-07 00:00:00,55959.84107399357,1104019419316.6865,52620100833.47091
2024-08-08 00:00:00,55099.95181146735,1088566703585.4303,41605918903.41173
2024-08-09 00:00:00,61859.03159904161,1218342891278.6091,49201548320.290726
2024-08-10 00:00:00,60912.588533350805,1198300504959.2505,33804208928.47938
2024-08-11 00:00:00,60887.70861641504,1201818989571.278,13418919090.197285
2024-08-12 00:00:00,58804.23449992608,1159146815397.6223,21715994493.456894
2024-08-13 00:00:00,59350.07433270696,1171441797233.8909,39403296385.84335
2024-08-14 00:00:00,60601.22317789727,1195798013190.8457,31955576195.246292
2024-08-15 00:00:00,58739.19382231015,1159479277227.7532,28079911397.67297
2024-08-16 00:00:00,57624.11692852191,1137141836825.8655,33490251842.381626
2024-08-17 00:00:00,58881.92579151217,1162716063850.1133,30368238897.207172
2024-08-18 00:00:00,59430.79163445865,1173270497431.1711,12467437134.05582
2024-08-19 00:00:00,58438.293742685404,1156217205294.1643,17656027563.72502
2024-08-20 00:00:00,59574.945812940874,1176063402361.815,24031330179.258953
2024-08-21 00:00:00,59060.12610074137,1166088863323.0896,31470716090.619144
2024-08-22 00:00:00,61144.68762866613,1207099049402.5117,32960965010.60808
2024-08-23 00:00:00,60387.54062321362,1192308382713.8381,28170302505.847404
2024-08-24 00:00:00,64049.68561555576,1261916434075.0183,45038665759.42134
2024-08-25 00:00:00,64157.1606134782,1264961887998.9824,22029153446.354362
2024-08-26 00:00:00,64265.81631272862,1269291077270.1143,17875230147.044323
2024-08-27 00:00:00,62922.58634676265,1242487823611.2612,17894692681.091812
2024-08-28 00:00:00,59526.560879590994,1176762244308.0742,38131727427.91789
2024-08-29 00:00:00,59015.29633887944,1166032395735.947,42018989572.42786
2024-08-30 00:00:00,59351.5794909728,1171762256043.917,32563333956.986053
2024-08-31 00:00:00,59156.246036463555,1168247205700.9673,44038496614.947586
2024-09-01 00:00:00,58960.23658664587,1164278309271.2642,11399086336.303324
2024-09-02 00:00:00,57357.71617282246,1133133027660.6194,25465621877.97047
2024-09-03 00:00:00,59108.73235863689,1168410293915.9832,28012782290.96625
2024-09-04 00:00:00,57504.538586220435,1137361604370.578,26829983370.35861
2024-09-05 00:00:00,57987.84601410068,1144983177152.221,37550380696.7459
2024-09-06 00:00:00,56132.404732088595,1109212553022.4158,30005773445.693718
2024-09-07 00:00:00,53923.35611071905,1065462041080.5197,50260816556.81667
2024-09-08 00:00:00,54150.9383589072,1068954727890.2039,17048448412.007126
2024-09-09 00:00:00,54792.40755768575,1085390277573.522,18644823662.23431
2024-09-10 00:00:00,57049.118751143265,1126840069631.8132,35655419448.07046
2024-09-11 00:00:00,57624.16178336144,1137928777838.5286,29676093302.30697
2024-09-12 00:00:00,57381.764445000474,1134292554478.847,37765652735.2964
2024-09-13 00:00:00,58106.951229815284,1148469900814.253,34177859933.02337
2024-09-14 00:00:00,60620.62747295754,1197832322916.0117,31919740723.76027
2024-09-15 00:00:00,60003.29940083042,1185255944124.8464,15800120841.166773
2024-09-16 00:00:00,59214.80226801806,1169677517083.0613,17289597542.866756
2024-09-17 00:00:00,58211.123231286256,1150499194409.9338,32196570894.402115
2024-09-18 00:00:00,60317.0319794625,1191818552363.6113,34191170117.78261
2024-09-19 00:00:00,61440.41208494509,1211837853548.9263,40445339415.1129
2024-09-20 00:00:00,62966.52931910512,1243871590271.4927,41959080716.28771
2024-09-21 00:00:00,63128.224540748255,1246475981189.1353,35587830476.533394
2024-09-22 00:00:00,63403.402349259355,1254104417392.48,12938083115.659332
2024-09-23 00:00:00,63582.59956924825,1255899286380.1958,20349365412.816723
2024-09-24 00:00:00,63327.02654450202,1251095079247.0432,23998847798.757656
2024-09-25 00:00:00,64334.14274876097,1271183646356.5713,31490984593.70592
2024-09-26 00:00:00,63151.89959401337,1245721254991.302,26087643765.748165
2024-09-27 00:00:00,65130.76884023231,1287151352432.846,37995568903.94455
2024-09-28 00:00:00,65791.00212541742,1299708226182.0723,32664917503.931107
2024-09-29 00:00:00,65934.10709441357,1303217687717.8518,15342911002.84781
2024-09-30 00:00:00,65663.68986662335,1297825615076.3352,12948707838.938381
2024-10-01 00:00:00,63243.27532464382,1249577803402.1707,35124446789.27111
2024-10-02 00:00:00,60872.668543725544,1202927109017.5488,54251488433.95029
2024-10-03 00:00:00,60655.55979196848,1198652098493.4897,41870731291.86736
2024-10-04 00:00:00,60727.86395169296,1200491237695.5154,37711138441.76231
2024-10-05 00:00:00,62103.01047283253,1226663492771.043,30349059838.684578
2024-10-06 00:00:00,62091.932585194016,1226761949791.163,11095453162.990673
2024-10-07 00:00:00,62811.79972811266,1241834324867.657,14592422860.685436
2024-10-08 00:00:00,62287.39010510681,1231091696620.0955,33878876147.30253
2024-10-09 00:00:00,62185.230423727575,1229717180592.4397,28626429276.55382
2024-10-10 00:00:00,60597.15045618275,1197736450280.4102,28530748117.898792
2024-10-11 00:00:00,60195.18073772453,1189691671375.1472,29481971885.649742
2024-10-12 00:00:00,62392.34048293159,1233357176570.333,32008659336.482643
2024-10-13 00:00:00,63207.77062127557,1249002272717.2275,17665963646.417107
2024-10-14 00:00:00,62829.533686088886,1241241970951.0295,16784552979.060463
2024-10-15 00:00:00,66049.99492708022,1306085613997.8015,46553796134.14602
2024-10-16 00:00:00,66962.21994496793,1323774576161.621,51797932876.82809
2024-10-17 00:00:00,67647.54414766871,1337304399194.887,40640495380.19594
2024-10-18 00:00:00,67328.10527002988,1330387728623.8188,34512072357.92087
2024-10-19 00:00:00,68465.61920668735,1353541799303.4875,39984956633.228035
2024-10-20 00:00:00,68388.87128965274,1351942347611.1997,14110889435.452631
2024-10-21 00:00:00,68962.82918045693,1362381684459.9053,17253863432.786995
2024-10-22 00:00:00,67394.85775735618,1332326858574.4448,40485496091.95008
2024-10-23 00:00:00,67351.04793512498,1331426858508.4004,31398389967.38113
2024-10-24 00:00:00,66683.96806542306,1318285437546.2786,32676918488.059
2024-10-25 00:00:00,68214.05205157402,1347888109010.5889,35892606570.03549
2024-10-26 00:00:00,66585.66535501445,1313975091942.221,48426924850.053406
2024-10-27 00:00:00,67018.1650170265,1325192118637.2595,21169467789.89267
2024-10-28 00:00:00,67938.55412885673,1343350549900.1233,16533385730.434193
2024-10-29 00:00:00,69845.304531169,1380874923096.4146,41990540384.96554
2024-10-30 00:00:00,72781.11308158132,1439310420089.3665,65487782004.97014
2024-10-31 00:00:00,72342.62171127986,1431085552900.1965,43498144313.67304
2024-11-01 00:00:00,70264.99735573279,1390195908292.9321,45907074188.570145
2024-11-02 00:00:00,69507.92256395647,1374687306836.925,54863092261.31101
2024-11-03 00:00:00,69299.16036699413,1370516856365.7996,14709379754.965973
2024-11-04 00:00:00,68803.50626277467,1362302032218.0198,37659435506.757034
2024-11-05 00:00:00,67793.29782704762,1340192510479.9568,46183110993.79166
2024-11-06 00:00:00,69335.42553133758,1370963795352.6948,40025021601.49395
2024-11-07 00:00:00,75620.88606963192,1496392703840.9058,128492534668.23851
2024-11-08 00:00:00,75987.24178320667,1502620808927.6982,66590396087.4524
2024-11-09 00:00:00,76550.0213845611,1514048743889.1255,50687468387.720375
2024-11-10 00:00:00,76630.22631415377,1519470275068.1016,31430906055.796104
2024-11-11 00:00:00,80466.71654833542,1590846468754.067,93473126207.67865
2024-11-12 00:00:00,88637.42000322911,1756619702929.0437,133959805308.72511
2024-11-13 00:00:00,88264.59974582895,1741113172482.1243,152356811694.44943
2024-11-14 00:00:00,90488.10007497849,1790737763695.3328,136046309843.60645
2024-11-15 00:00:00,87407.51273710128,1726797438787.217,99649391847.08359
2024-11-16 00:00:00,90947.97509443703,1799276211921.9302,84382485697.84985
2024-11-17 00:00:00,90606.45489380708,1790415769635.4927,49255174407.368774
2024-11-18 00:00:00,89841.47194135105,1776887033229.9082,48556083101.64749
2024-11-19 00:00:00,90534.62459650292,1790917617392.4407,77391724184.19348
2024-11-20 00:00:00,92251.65240738312,1825195454018.501,80493234958.49161
2024-11-21 00:00:00,94217.02229634205,1862618759426.145,80747272080.24826
2024-11-22 00:00:00,98509.11859102432,1948284556982.0486,118163852022.3175
2024-11-23 00:00:00,98927.49494553401,1958091000957.8345,85746174563.98602
2024-11-24 00:00:00,97679.46381643033,1931255637661.502,47414200206.70341
2024-11-25 00:00:00,98015.9355289458,1939446484727.4285,50665680246.86775
2024-11-26 00:00:00,93004.70093103287,1838788677873.8657,89476321216.0935
2024-11-27 00:00:00,91931.83077291827,1819990514406.0881,97389239315.52954
2024-11-28 00:00:00,95981.18057210564,1899088665519.225,81469353259.75
2024-11-29 00:00:00,95661.59595817851,1892297852304.72,49067932024.40325
2024-11-30 00:00:00,97453.2473451042,1926826079390.2441,74670031635.5065
2024-12-01 00:00:00,96513.14234698225,1910022814269.8855,43580019720.720634
2024-12-02 00:00:00,97311.70719084324,1925808416477.5068,49147687432.565895
2024-12-03 00:00:00,95833.1362300365,1896576914275.523,101019861361.49252
2024-12-04 00:00:00,96031.63097759831,1900922167493.3643,87935752287.975
2024-12-05 00:00:00,98881.4694561823,1957276192604.2603,98230784298.0459
2024-12-06 00:00:00,97201.50036407741,1920742551503.6094,190460293531.53802
2024-12-07 00:00:00,99973.85150659826,1978389972043.7947,115812632020.44765
2024-12-08 00:00:00,99781.82999198174,1974739091620.7542,61061136199.7846
2024-12-09 00:00:00,101235.3717025316,2003238967638.8286,62677764785.05408
2024-12-10 00:00:00,97353.94700820887,1926047690157.6282,146846843211.51685
2024-12-11 00:00:00,96649.71446771531,1913115778728.2837,125835977742.51114
2024-12-12 00:00:00,101123.61811033697,2001746436338.842,118484957960.76833
2024-12-13 00:00:00,100000.80836535197,1979166149963.3093,100092043319.81221
2024-12-14 00:00:00,101352.22971292294,2005406021235.8357,78802903278.85962
2024-12-15 00:00:00,101367.01064553364,2007646386698.8667,57321924844.41535
2024-12-16 00:00:00,104721.50151808978,2075487816560.1924,70645074624.52869
2024-12-17 00:00:00,106074.10723541168,2097460193710.789,115184737759.33566
2024-12-18 00:00:00,106034.913402645,2100629850064.9119,93417826250.1972
2024-12-19 00:00:00,100355.5761481501,1985284833093.572,113692025885.44745
2024-12-20 00:00:00,97851.35377075805,1937022229972.2085,100611554887.24123
2024-12-21 00:00:00,97691.43431692653,1932373308116.0107,112340864006.62827
2024-12-22 00:00:00,97202.82496847633,1922768195068.165,53058382639.48845
2024-12-23 00:00:00,95094.27394862173,1884599149192.4587,44619017105.36954
2024-12-24 00:00:00,94644.91085464321,1874912975786.6604,64937790292.61125
2024-12-25 00:00:00,98695.71400782601,1951173788529.116,49169088282.15742
2024-12-26 00:00:00,99344.95417367229,1966481159354.1177,33963749856.44743
2024-12-27 00:00:00,95678.31244565405,1894744251986.1084,45049342388.18843
2024-12-28 00:00:00,94331.94727053077,1867708753554.924,41498540807.666954
2024-12-29 00:00:00,95184.61945288602,1885556552231.4314,22429850903.940086
2024-12-30 00:00:00,93663.44751964067,1854872605738.8086,24065314499.502274
2024-12-31 00:00:00,92627.28213113277,1833188187477.531,57595164139.4709
2025-01-01 00:00:00,93507.85874741491,1851839954625.13,45327464907.74362
2025-01-02 00:00:00,94384.1761153871,1869193319140.2422,23275007789.496334
2025-01-03 00:00:00,96852.14681235075,1917905016063.62,45157338602.617516
2025-01-04 00:00:00,98084.34279280754,1942834829349.9563,35721645948.10051
2025-01-05 00:00:00,98256.73876849933,1946611205641.351,20979035420.980793
2025-01-06 00:00:00,98364.58946599838,1948339898718.8586,20060293834.7155
2025-01-07 00:00:00,102229.39453189743,2024825178619.8228,46111387334.46171
2025-01-08 00:00:00,96952.09886774956,1919133187081.3127,60610257147.15405
2025-01-09 00:00:00,95016.71440989176,1885313354913.7239,65790469838.34392
2025-01-10 00:00:00,92376.27578346101,1832933628117.9436,65850881574.76184
2025-01-11 00:00:00,94736.6267420969,1876836759923.398,63433655716.757095
2025-01-12 00:00:00,94559.55167224213,1874286243377.8525,17836423168.41627
2025-01-13 00:00:00,94454.77089638807,1870314882306.9236,19608932595.53299
2025-01-14 00:00:00,94456.3493746993,1870609367804.8223,76328330233.31137
2025-01-15 00:00:00,96574.07768799194,1912603332624.1123,51241728228.81719
2025-01-16 00:00:00,100313.15239828422,1986831430651.8647,57637319739.543396
2025-01-17 00:00:00,100044.57926776377,1980935754458.284,50150102497.2729
2025-01-18 00:00:00,104160.69358484233,2063854663834.0774,69135117732.00064
2025-01-19 00:00:00,104334.61575724394,2067151195362.0425,49416447749.13053
2025-01-20 00:00:00,101275.33714814208,2014842808849.5005,72970313683.92325
2025-01-21 00:00:00,101764.90860170545,2017837068202.1384,120158523166.88387
2025-01-22 00:00:00,106182.2368201815,2098829000928.49,95344290057.8965
2025-01-23 00:00:00,103673.53509537787,2054288661793.9773,55030669602.56557
2025-01-24 00:00:00,104067.60991206947,2062360759045.0,102455227371.20761
2025-01-25 00:00:00,104835.19253555956,2076156720642.786,51418786362.7815
2025-01-26 00:00:00,104796.04077738234,2077647817531.3406,22740744964.719296
2025-01-27 00:00:00,102552.24874280207,2036324005947.406,20639818380.26942
2025-01-28 00:00:00,101958.46953745594,2019295541213.5288,93191643783.24739
2025-01-29 00:00:00,101313.11264498268,2007072201507.5273,45780526813.56264
2025-01-30 00:00:00,103718.97939813645,2056581551171.7,47425401641.53094
2025-01-31 00:00:00,104781.5135100103,2076760153260.6191,42122570869.034325
2025-02-01 00:00:00,102382.39409722165,2028504133577.489,37187819228.35328
2025-02-02 00:00:00,100674.78762544956,1996423711261.7268,22827776122.48367
2025-02-03 00:00:00,97568.31653024875,1933691439792.2544,59784234332.21204
2025-02-04 00:00:00,101466.8606657039,2011121374511.8835,122163969235.23686
2025-02-05 00:00:00,98118.43921664466,1943535291172.1597,73196693057.98114
2025-02-06 00:00:00,96582.88682919052,1912584628590.309,48848958931.79228
2025-02-07 00:00:00,96635.41875332211,1915093756057.5637,44462180396.172516
2025-02-08 00:00:00,96558.4563096667,1911296376425.356,57077722340.22422
2025-02-09 00:00:00,96558.23762501091,1914211835440.1182,20760850644.84597
2025-02-10 00:00:00,96548.57865379585,1913068773356.083,25457107581.051964
2025-02-11 00:00:00,97399.98161383197,1930742951090.367,37054987393.57789
2025-02-12 00:00:00,95739.97737079239,1898788887978.3252,36454577154.5622
2025-02-13 00:00:00,97836.18856127483,1936842454813.9983,47115618235.19051
2025-02-14 00:00:00,96561.6639990985,1914315097486.3862,29084371910.690556
2025-02-15 00:00:00,97488.48148536457,1931656846871.4856,32289906944.92862
2025-02-16 00:00:00,97569.95169430465,1934308378710.2861,14215311318.346336
2025-02-17 00:00:00,96149.3484548204,1905012222220.3691,13634794998.739267
2025-02-18 00:00:00,95776.15723852723,1898997753781.9536,25324374113.08163
2025-02-19 00:00:00,95495.89153299287,1892702154844.508,38311133144.729355
2025-02-20 00:00:00,96554.87156259285,1914337919659.5537,27703222487.389572
2025-02-21 00:00:00,98384.31738240314,1950376106325.3228,24175261969.81266
2025-02-22 00:00:00,96135.15541305285,1906058197506.3809,42477472950.92155
2025-02-23 00:00:00,96564.15414290235,1915260330870.798,18464415570.762142
2025-02-24 00:00:00,96327.46309127835,1909625674815.4763,16643044374.983364
2025-02-25 00:00:00,91396.76686930266,1814176779160.4363,45539703844.38777
2025-02-26 00:00:00,88755.7693356979,1759750360550.3337,96742453402.56294
2025-02-27 00:00:00,83900.11496524839,1664314955447.7466,69277430795.68657
2025-02-28 00:00:00,84709.14477847965,1679555320077.2097,305190442156.92804
2025-03-01 00:00:00,84441.9012237131,1674754437110.342,80695237175.07367
2025-03-02 00:00:00,86005.25629681018,1705564098300.8237,30634474722.6359
2025-03-03 00:00:00,94261.53286538439,1868321705444.4878,61859112550.80991
2025-03-04 00:00:00,86124.71418722175,1708198960874.3418,68715362745.4567
2025-03-05 00:00:00,87310.80531078295,1731441668069.6523,65863356680.42408
2025-03-06 00:00:00,90604.08098523637,1797706868227.531,51606642859.81411
2025-03-07 00:00:00,90001.40087607042,1782785866811.654,47555759124.64708
2025-03-08 00:00:00,86773.33597555371,1720436931689.2776,63216440874.73251
2025-03-09 00:00:00,86142.9833586432,1708605516770.228,18809360803.37126
2025-03-10 00:00:00,80751.13893300897,1602073794580.0344,32013406240.51754
2025-03-11 00:00:00,78783.94057934263,1563547150147.7332,49983692766.22745
2025-03-12 00:00:00,82799.1080292053,1642997419531.6057,56404462275.083046
2025-03-13 00:00:00,83884.24578828987,1662502658717.542,41782186208.59073
2025-03-14 00:00:00,81098.90052436228,1608477373718.186,32583592654.882656
2025-03-15 00:00:00,83971.70916064628,1665725559905.8198,28571483950.074646
2025-03-16 00:00:00,84391.69087647168,1674173293916.4658,10761796127.312485
2025-03-17 00:00:00,82610.61750343916,1638672153483.722,21638031633.118767
2025-03-18 00:00:00,84075.36559694471,1667799227887.438,19659366246.596867
2025-03-19 00:00:00,82780.03048688271,1642578274105.806,24557570268.85276
2025-03-20 00:00:00,86815.44109470697,1721565138141.278,33871216993.304657
2025-03-21 00:00:00,84270.84358966233,1672550706502.8184,27579127651.06656
2025-03-22 00:00:00,84009.532917822,1666749159154.2927,18091004975.919056
2025-03-23 00:00:00,83793.30854192551,1662574363663.653,7771134681.982918
2025-03-24 00:00:00,85787.70914901773,1702009594329.4495,12617587530.619724
2025-03-25 00:00:00,87327.72969669085,1732715331970.134,27270889835.1835
2025-03-26 00:00:00,87520.58391530563,1735368473904.4885,30351832942.705593
2025-03-27 00:00:00,86960.8555491039,1724854479045.6724,25522877558.700558
2025-03-28 00:00:00,87227.27158032371,1729729987159.4822,24620445368.489468
2025-03-29 00:00:00,84359.46915506005,1673182800974.1038,31674486232.097313
2025-03-30 00:00:00,82679.17255385047,1640665503855.1438,16837439419.924389
2025-03-31 00:00:00,82356.38111183756,1633996304187.2593,13428975108.070734
2025-04-01 00:00:00,82514.09365397849,1635076581047.3545,30326148749.91535
2025-04-02 00:00:00,85237.5876052852,1690602036035.04,29172899851.734768
2025-04-03 00:00:00,82526.4221526433,1637358764747.381,46332905657.77597
2025-04-04 00:00:00,83163.98757387721,1652537223074.958,36594464539.14662
2025-04-05 00:00:00,83852.00765399594,1664234880198.049,35647289400.47406
2025-04-06 00:00:00,83595.88550177493,1656020067997.187,14910400035.531416
2025-04-07 00:00:00,78211.48358199988,1555325260787.2627,36140377231.68329
2025-04-08 00:00:00,79179.29226757778,1581407565278.352,82909748172.59216
2025-04-09 00:00:00,76329.090356324,1515042499757.3254,47812787635.22632
2025-04-10 00:00:00,82622.17029546302,1640567909122.172,87408220482.11568
2025-04-11 00:00:00,79596.35732250768,1580023209138.0547,41213520154.25157
2025-04-12 00:00:00,83439.28818043756,1655868880454.1702,39813566443.76779
2025-04-13 00:00:00,85305.09728392666,1693600655371.0874,22428929482.069122
2025-04-14 00:00:00,83600.82010054543,1658923208081.8682,28731125717.934357
2025-04-15 00:00:00,84523.4524914945,1677843510120.269,33155578229.343513
2025-04-16 00:00:00,83656.49248858042,1660749023283.0562,25084671427.622566
2025-04-17 00:00:00,84105.77942167096,1670497569762.047,26948109141.803364
2025-04-18 00:00:00,84930.90857600998,1686226810049.1836,19323821375.14309
2025-04-19 00:00:00,84433.75017215389,1676373197914.5117,9550691272.782005
2025-04-19 22:06:00,85319.48235140898,1693903054385.2852,12864927568.385527
