type,userid,segmentid,bounceid,realcid,sendid,threadid,seriesid,formid,basetemplateid,basemessageid,addressid,source,name,cdate,mdate,sdate,ldate,send_amt,total_amt,opens,uniqueopens,linkclicks,uniquelinkclicks,subscriberclicks,forwards,uniqueforwards,hardbounces,softbounces,unsubscribes,unsubreasons,updates,socialshares,replies,uniquereplies,status,public,mail_transfer,mail_send,mail_cleanup,mailer_log_file,tracklinks,tracklinksanalytics,trackreads,trackreadsanalytics,analytics_campaign_name,tweet,facebook,survey,embed_images,htmlunsub,textunsub,htmlunsubdata,textunsubdata,recurring,willrecur,split_type,split_content,split_offset,split_offset_type,split_winner_messageid,split_winner_awaiting,responder_offset,responder_type,responder_existing,reminder_field,reminder_format,reminder_type,reminder_offset,reminder_offset_type,reminder_offset_sign,reminder_last_cron_run,activerss_interval,activerss_url,activerss_items,ip4,laststep,managetext,schedule,scheduleddate,waitpreview,deletestamp,replysys,created_timestamp,updated_timestamp,created_by,updated_by,ip,series_send_lock_time,can_skip_approval,use_quartz_scheduler,verified_opens,verified_unique_opens,predictive_send,repair_timestamp,has_outdated_translations,has_translations,additional_data,moderation_status,segmentname,has_predictive_content,message_id,screenshot,campaign_message_id,ed_version,format,links,id,user,automation
,,,,,,,,,,,,,Newsletter,2025-04-18 06:48:29.764683,,,,,,206,136,44,31,,,,,,0,,,,,,,,,,,,,,,,,,,,,,,,,,,,,,,,,,,,,,,,,,,,,,,,,,,,,,,,,,,,,,,,,,,,,,,,,,,,,,,,
,,,,,,,,,,,,,Promo Blast,2025-04-18 06:48:29.764683,,,,,,184,120,71,42,,,,,,0,,,,,,,,,,,,,,,,,,,,,,,,,,,,,,,,,,,,,,,,,,,,,,,,,,,,,,,,,,,,,,,,,,,,,,,,,,,,,,,,
,,,,,,,,,,,,,Weekly Update,2025-04-18 06:48:29.764683,,,,,,195,144,60,44,,,,,,0,,,,,,,,,,,,,,,,,,,,,,,,,,,,,,,,,,,,,,,,,,,,,,,,,,,,,,,,,,,,,,,,,,,,,,,,,,,,,,,,
,,,,,,,,,,,,,Career Hack Alert,2025-04-18 06:48:29.764683,,,,,,170,103,64,51,,,,,,0,,,,,,,,,,,,,,,,,,,,,,,,,,,,,,,,,,,,,,,,,,,,,,,,,,,,,,,,,,,,,,,,,,,,,,,,,,,,,,,,
,,,,,,,,,,,,,UMD RecWell Notice,2025-04-18 06:48:29.764683,,,,,,184,100,38,20,,,,,,0,,,,,,,,,,,,,,,,,,,,,,,,,,,,,,,,,,,,,,,,,,,,,,,,,,,,,,,,,,,,,,,,,,,,,,,,,,,,,,,,
,,,,,,,,,,,,,50% Pro Discount,2025-04-18 06:48:29.764683,,,,,,216,150,50,27,,,,,,0,,,,,,,,,,,,,,,,,,,,,,,,,,,,,,,,,,,,,,,,,,,,,,,,,,,,,,,,,,,,,,,,,,,,,,,,,,,,,,,,
,,,,,,,,,,,,,Free Fries Friday,2025-04-18 06:48:29.764683,,,,,,208,134,64,40,,,,,,0,,,,,,,,,,,,,,,,,,,,,,,,,,,,,,,,,,,,,,,,,,,,,,,,,,,,,,,,,,,,,,,,,,,,,,,,,,,,,,,,
,,,,,,,,,,,,,Job Alerts,2025-04-18 06:48:29.764683,,,,,,179,105,55,42,,,,,,0,,,,,,,,,,,,,,,,,,,,,,,,,,,,,,,,,,,,,,,,,,,,,,,,,,,,,,,,,,,,,,,,,,,,,,,,,,,,,,,,
,,,,,,,,,,,,,AI Tips Newsletter,2025-04-18 06:48:29.764683,,,,,,195,138,47,41,,,,,,0,,,,,,,,,,,,,,,,,,,,,,,,,,,,,,,,,,,,,,,,,,,,,,,,,,,,,,,,,,,,,,,,,,,,,,,,,,,,,,,,
,,,,,,,,,,,,,UMD RecWell Notice,2025-04-19 06:48:29.764683,,,,,,67,39,23,19,,,,,,0,,,,,,,,,,,,,,,,,,,,,,,,,,,,,,,,,,,,,,,,,,,,,,,,,,,,,,,,,,,,,,,,,,,,,,,,,,,,,,,,
,,,,,,,,,,,,,AI Tips Newsletter,2025-04-19 06:48:29.764683,,,,,,92,50,25,17,,,,,,1,,,,,,,,,,,,,,,,,,,,,,,,,,,,,,,,,,,,,,,,,,,,,,,,,,,,,,,,,,,,,,,,,,,,,,,,,,,,,,,,
,,,,,,,,,,,,,Job Alerts,2025-04-19 06:48:29.764683,,,,,,87,66,26,16,,,,,,0,,,,,,,,,,,,,,,,,,,,,,,,,,,,,,,,,,,,,,,,,,,,,,,,,,,,,,,,,,,,,,,,,,,,,,,,,,,,,,,,
,,,,,,,,,,,,,Free Fries Friday,2025-04-19 06:48:29.764683,,,,,,83,50,30,26,,,,,,0,,,,,,,,,,,,,,,,,,,,,,,,,,,,,,,,,,,,,,,,,,,,,,,,,,,,,,,,,,,,,,,,,,,,,,,,,,,,,,,,
,,,,,,,,,,,,,50% Pro Discount,2025-04-19 06:48:29.764683,,,,,,81,59,17,14,,,,,,1,,,,,,,,,,,,,,,,,,,,,,,,,,,,,,,,,,,,,,,,,,,,,,,,,,,,,,,,,,,,,,,,,,,,,,,,,,,,,,,,
,,,,,,,,,,,,,Career Hack Alert,2025-04-19 06:48:29.764683,,,,,,92,53,26,22,,,,,,0,,,,,,,,,,,,,,,,,,,,,,,,,,,,,,,,,,,,,,,,,,,,,,,,,,,,,,,,,,,,,,,,,,,,,,,,,,,,,,,,
,,,,,,,,,,,,,Promo Blast,2025-04-19 06:48:29.764683,,,,,,90,52,33,27,,,,,,0,,,,,,,,,,,,,,,,,,,,,,,,,,,,,,,,,,,,,,,,,,,,,,,,,,,,,,,,,,,,,,,,,,,,,,,,,,,,,,,,
,,,,,,,,,,,,,Newsletter,2025-04-19 06:48:29.764683,,,,,,77,45,28,20,,,,,,0,,,,,,,,,,,,,,,,,,,,,,,,,,,,,,,,,,,,,,,,,,,,,,,,,,,,,,,,,,,,,,,,,,,,,,,,,,,,,,,,
,,,,,,,,,,,,,Weekly Update,2025-04-19 06:48:29.764683,,,,,,65,46,14,11,,,,,,0,,,,,,,,,,,,,,,,,,,,,,,,,,,,,,,,,,,,,,,,,,,,,,,,,,,,,,,,,,,,,,,,,,,,,,,,,,,,,,,,
,,,,,,,,,,,,,Job Alerts,2025-04-20 06:48:29.764683,,,,,,85,46,22,16,,,,,,0,,,,,,,,,,,,,,,,,,,,,,,,,,,,,,,,,,,,,,,,,,,,,,,,,,,,,,,,,,,,,,,,,,,,,,,,,,,,,,,,
,,,,,,,,,,,,,50% Pro Discount,2025-04-20 06:48:29.764683,,,,,,80,52,26,22,,,,,,0,,,,,,,,,,,,,,,,,,,,,,,,,,,,,,,,,,,,,,,,,,,,,,,,,,,,,,,,,,,,,,,,,,,,,,,,,,,,,,,,
,,,,,,,,,,,,,AI Tips Newsletter,2025-04-20 06:48:29.764683,,,,,,74,41,27,22,,,,,,0,,,,,,,,,,,,,,,,,,,,,,,,,,,,,,,,,,,,,,,,,,,,,,,,,,,,,,,,,,,,,,,,,,,,,,,,,,,,,,,,
,,,,,,,,,,,,,Newsletter,2025-04-20 06:48:29.764683,,,,,,86,45,25,20,,,,,,0,,,,,,,,,,,,,,,,,,,,,,,,,,,,,,,,,,,,,,,,,,,,,,,,,,,,,,,,,,,,,,,,,,,,,,,,,,,,,,,,
,,,,,,,,,,,,,Promo Blast,2025-04-20 06:48:29.764683,,,,,,71,41,19,14,,,,,,0,,,,,,,,,,,,,,,,,,,,,,,,,,,,,,,,,,,,,,,,,,,,,,,,,,,,,,,,,,,,,,,,,,,,,,,,,,,,,,,,
,,,,,,,,,,,,,Weekly Update,2025-04-20 06:48:29.764683,,,,,,73,54,17,14,,,,,,0,,,,,,,,,,,,,,,,,,,,,,,,,,,,,,,,,,,,,,,,,,,,,,,,,,,,,,,,,,,,,,,,,,,,,,,,,,,,,,,,
,,,,,,,,,,,,,Career Hack Alert,2025-04-20 06:48:29.764683,,,,,,70,39,14,7,,,,,,0,,,,,,,,,,,,,,,,,,,,,,,,,,,,,,,,,,,,,,,,,,,,,,,,,,,,,,,,,,,,,,,,,,,,,,,,,,,,,,,,
,,,,,,,,,,,,,UMD RecWell Notice,2025-04-20 06:48:29.764683,,,,,,76,39,15,12,,,,,,0,,,,,,,,,,,,,,,,,,,,,,,,,,,,,,,,,,,,,,,,,,,,,,,,,,,,,,,,,,,,,,,,,,,,,,,,,,,,,,,,
,,,,,,,,,,,,,Free Fries Friday,2025-04-20 06:48:29.764683,,,,,,76,50,15,13,,,,,,0,,,,,,,,,,,,,,,,,,,,,,,,,,,,,,,,,,,,,,,,,,,,,,,,,,,,,,,,,,,,,,,,,,,,,,,,,,,,,,,,
,,,,,,,,,,,,,Free Fries Friday,2025-04-21 06:48:29.764683,,,,,,161,87,38,19,,,,,,0,,,,,,,,,,,,,,,,,,,,,,,,,,,,,,,,,,,,,,,,,,,,,,,,,,,,,,,,,,,,,,,,,,,,,,,,,,,,,,,,
,,,,,,,,,,,,,50% Pro Discount,2025-04-21 06:48:29.764683,,,,,,165,117,63,47,,,,,,1,,,,,,,,,,,,,,,,,,,,,,,,,,,,,,,,,,,,,,,,,,,,,,,,,,,,,,,,,,,,,,,,,,,,,,,,,,,,,,,,
,,,,,,,,,,,,,Job Alerts,2025-04-21 06:48:29.764683,,,,,,138,76,46,39,,,,,,0,,,,,,,,,,,,,,,,,,,,,,,,,,,,,,,,,,,,,,,,,,,,,,,,,,,,,,,,,,,,,,,,,,,,,,,,,,,,,,,,
,,,,,,,,,,,,,AI Tips Newsletter,2025-04-21 06:48:29.764683,,,,,,156,86,61,41,,,,,,0,,,,,,,,,,,,,,,,,,,,,,,,,,,,,,,,,,,,,,,,,,,,,,,,,,,,,,,,,,,,,,,,,,,,,,,,,,,,,,,,
,,,,,,,,,,,,,UMD RecWell Notice,2025-04-21 06:48:29.764683,,,,,,149,86,49,38,,,,,,1,,,,,,,,,,,,,,,,,,,,,,,,,,,,,,,,,,,,,,,,,,,,,,,,,,,,,,,,,,,,,,,,,,,,,,,,,,,,,,,,
,,,,,,,,,,,,,Career Hack Alert,2025-04-21 06:48:29.764683,,,,,,168,117,62,52,,,,,,1,,,,,,,,,,,,,,,,,,,,,,,,,,,,,,,,,,,,,,,,,,,,,,,,,,,,,,,,,,,,,,,,,,,,,,,,,,,,,,,,
,,,,,,,,,,,,,Weekly Update,2025-04-21 06:48:29.764683,,,,,,142,80,55,42,,,,,,0,,,,,,,,,,,,,,,,,,,,,,,,,,,,,,,,,,,,,,,,,,,,,,,,,,,,,,,,,,,,,,,,,,,,,,,,,,,,,,,,
,,,,,,,,,,,,,Promo Blast,2025-04-21 06:48:29.764683,,,,,,159,120,62,43,,,,,,1,,,,,,,,,,,,,,,,,,,,,,,,,,,,,,,,,,,,,,,,,,,,,,,,,,,,,,,,,,,,,,,,,,,,,,,,,,,,,,,,
,,,,,,,,,,,,,Newsletter,2025-04-21 06:48:29.764683,,,,,,155,94,56,29,,,,,,0,,,,,,,,,,,,,,,,,,,,,,,,,,,,,,,,,,,,,,,,,,,,,,,,,,,,,,,,,,,,,,,,,,,,,,,,,,,,,,,,
,,,,,,,,,,,,,AI Tips Newsletter,2025-04-22 06:48:29.764683,,,,,,176,94,57,31,,,,,,0,,,,,,,,,,,,,,,,,,,,,,,,,,,,,,,,,,,,,,,,,,,,,,,,,,,,,,,,,,,,,,,,,,,,,,,,,,,,,,,,
,,,,,,,,,,,,,Job Alerts,2025-04-22 06:48:29.764683,,,,,,183,143,52,42,,,,,,0,,,,,,,,,,,,,,,,,,,,,,,,,,,,,,,,,,,,,,,,,,,,,,,,,,,,,,,,,,,,,,,,,,,,,,,,,,,,,,,,
,,,,,,,,,,,,,Free Fries Friday,2025-04-22 06:48:29.764683,,,,,,186,148,65,49,,,,,,0,,,,,,,,,,,,,,,,,,,,,,,,,,,,,,,,,,,,,,,,,,,,,,,,,,,,,,,,,,,,,,,,,,,,,,,,,,,,,,,,
,,,,,,,,,,,,,50% Pro Discount,2025-04-22 06:48:29.764683,,,,,,186,120,66,52,,,,,,0,,,,,,,,,,,,,,,,,,,,,,,,,,,,,,,,,,,,,,,,,,,,,,,,,,,,,,,,,,,,,,,,,,,,,,,,,,,,,,,,
,,,,,,,,,,,,,UMD RecWell Notice,2025-04-22 06:48:29.764683,,,,,,178,108,52,29,,,,,,0,,,,,,,,,,,,,,,,,,,,,,,,,,,,,,,,,,,,,,,,,,,,,,,,,,,,,,,,,,,,,,,,,,,,,,,,,,,,,,,,
,,,,,,,,,,,,,Career Hack Alert,2025-04-22 06:48:29.764683,,,,,,179,99,39,29,,,,,,2,,,,,,,,,,,,,,,,,,,,,,,,,,,,,,,,,,,,,,,,,,,,,,,,,,,,,,,,,,,,,,,,,,,,,,,,,,,,,,,,
,,,,,,,,,,,,,Promo Blast,2025-04-22 06:48:29.764683,,,,,,206,153,43,27,,,,,,0,,,,,,,,,,,,,,,,,,,,,,,,,,,,,,,,,,,,,,,,,,,,,,,,,,,,,,,,,,,,,,,,,,,,,,,,,,,,,,,,
,,,,,,,,,,,,,Newsletter,2025-04-22 06:48:29.764683,,,,,,179,97,47,31,,,,,,1,,,,,,,,,,,,,,,,,,,,,,,,,,,,,,,,,,,,,,,,,,,,,,,,,,,,,,,,,,,,,,,,,,,,,,,,,,,,,,,,
,,,,,,,,,,,,,Weekly Update,2025-04-22 06:48:29.764683,,,,,,196,143,59,30,,,,,,0,,,,,,,,,,,,,,,,,,,,,,,,,,,,,,,,,,,,,,,,,,,,,,,,,,,,,,,,,,,,,,,,,,,,,,,,,,,,,,,,
,,,,,,,,,,,,,UMD RecWell Notice,2025-04-23 06:48:29.764683,,,,,,239,157,67,35,,,,,,0,,,,,,,,,,,,,,,,,,,,,,,,,,,,,,,,,,,,,,,,,,,,,,,,,,,,,,,,,,,,,,,,,,,,,,,,,,,,,,,,
,,,,,,,,,,,,,Free Fries Friday,2025-04-23 06:48:29.764683,,,,,,176,136,52,26,,,,,,2,,,,,,,,,,,,,,,,,,,,,,,,,,,,,,,,,,,,,,,,,,,,,,,,,,,,,,,,,,,,,,,,,,,,,,,,,,,,,,,,
,,,,,,,,,,,,,Job Alerts,2025-04-23 06:48:29.764683,,,,,,193,113,43,37,,,,,,0,,,,,,,,,,,,,,,,,,,,,,,,,,,,,,,,,,,,,,,,,,,,,,,,,,,,,,,,,,,,,,,,,,,,,,,,,,,,,,,,
,,,,,,,,,,,,,AI Tips Newsletter,2025-04-23 06:48:29.764683,,,,,,184,112,60,35,,,,,,0,,,,,,,,,,,,,,,,,,,,,,,,,,,,,,,,,,,,,,,,,,,,,,,,,,,,,,,,,,,,,,,,,,,,,,,,,,,,,,,,
,,,,,,,,,,,,,50% Pro Discount,2025-04-23 06:48:29.764683,,,,,,203,118,57,40,,,,,,0,,,,,,,,,,,,,,,,,,,,,,,,,,,,,,,,,,,,,,,,,,,,,,,,,,,,,,,,,,,,,,,,,,,,,,,,,,,,,,,,
,,,,,,,,,,,,,Career Hack Alert,2025-04-23 06:48:29.764683,,,,,,216,114,49,25,,,,,,0,,,,,,,,,,,,,,,,,,,,,,,,,,,,,,,,,,,,,,,,,,,,,,,,,,,,,,,,,,,,,,,,,,,,,,,,,,,,,,,,
,,,,,,,,,,,,,Promo Blast,2025-04-23 06:48:29.764683,,,,,,204,160,81,40,,,,,,0,,,,,,,,,,,,,,,,,,,,,,,,,,,,,,,,,,,,,,,,,,,,,,,,,,,,,,,,,,,,,,,,,,,,,,,,,,,,,,,,
,,,,,,,,,,,,,Newsletter,2025-04-23 06:48:29.764683,,,,,,196,124,75,58,,,,,,0,,,,,,,,,,,,,,,,,,,,,,,,,,,,,,,,,,,,,,,,,,,,,,,,,,,,,,,,,,,,,,,,,,,,,,,,,,,,,,,,
,,,,,,,,,,,,,Weekly Update,2025-04-23 06:48:29.764683,,,,,,197,100,61,44,,,,,,0,,,,,,,,,,,,,,,,,,,,,,,,,,,,,,,,,,,,,,,,,,,,,,,,,,,,,,,,,,,,,,,,,,,,,,,,,,,,,,,,
,,,,,,,,,,,,,Job Alerts,2025-04-24 06:48:29.764683,,,,,,168,101,54,46,,,,,,0,,,,,,,,,,,,,,,,,,,,,,,,,,,,,,,,,,,,,,,,,,,,,,,,,,,,,,,,,,,,,,,,,,,,,,,,,,,,,,,,
,,,,,,,,,,,,,Newsletter,2025-04-24 06:48:29.764683,,,,,,162,100,32,27,,,,,,0,,,,,,,,,,,,,,,,,,,,,,,,,,,,,,,,,,,,,,,,,,,,,,,,,,,,,,,,,,,,,,,,,,,,,,,,,,,,,,,,
,,,,,,,,,,,,,Promo Blast,2025-04-24 06:48:29.764683,,,,,,163,91,33,18,,,,,,0,,,,,,,,,,,,,,,,,,,,,,,,,,,,,,,,,,,,,,,,,,,,,,,,,,,,,,,,,,,,,,,,,,,,,,,,,,,,,,,,
,,,,,,,,,,,,,Weekly Update,2025-04-24 06:48:29.764683,,,,,,188,116,54,45,,,,,,0,,,,,,,,,,,,,,,,,,,,,,,,,,,,,,,,,,,,,,,,,,,,,,,,,,,,,,,,,,,,,,,,,,,,,,,,,,,,,,,,
,,,,,,,,,,,,,Career Hack Alert,2025-04-24 06:48:29.764683,,,,,,181,143,43,30,,,,,,0,,,,,,,,,,,,,,,,,,,,,,,,,,,,,,,,,,,,,,,,,,,,,,,,,,,,,,,,,,,,,,,,,,,,,,,,,,,,,,,,
,,,,,,,,,,,,,UMD RecWell Notice,2025-04-24 06:48:29.764683,,,,,,175,94,49,43,,,,,,0,,,,,,,,,,,,,,,,,,,,,,,,,,,,,,,,,,,,,,,,,,,,,,,,,,,,,,,,,,,,,,,,,,,,,,,,,,,,,,,,
,,,,,,,,,,,,,50% Pro Discount,2025-04-24 06:48:29.764683,,,,,,200,109,72,48,,,,,,0,,,,,,,,,,,,,,,,,,,,,,,,,,,,,,,,,,,,,,,,,,,,,,,,,,,,,,,,,,,,,,,,,,,,,,,,,,,,,,,,
,,,,,,,,,,,,,Free Fries Friday,2025-04-24 06:48:29.764683,,,,,,177,110,54,27,,,,,,0,,,,,,,,,,,,,,,,,,,,,,,,,,,,,,,,,,,,,,,,,,,,,,,,,,,,,,,,,,,,,,,,,,,,,,,,,,,,,,,,
,,,,,,,,,,,,,AI Tips Newsletter,2025-04-24 06:48:29.764683,,,,,,179,108,64,32,,,,,,1,,,,,,,,,,,,,,,,,,,,,,,,,,,,,,,,,,,,,,,,,,,,,,,,,,,,,,,,,,,,,,,,,,,,,,,,,,,,,,,,
,,,,,,,,,,,,,Career Hack Alert,2025-04-25 06:48:29.764683,,,,,,151,117,46,38,,,,,,0,,,,,,,,,,,,,,,,,,,,,,,,,,,,,,,,,,,,,,,,,,,,,,,,,,,,,,,,,,,,,,,,,,,,,,,,,,,,,,,,
,,,,,,,,,,,,,Weekly Update,2025-04-25 06:48:29.764683,,,,,,125,95,42,36,,,,,,0,,,,,,,,,,,,,,,,,,,,,,,,,,,,,,,,,,,,,,,,,,,,,,,,,,,,,,,,,,,,,,,,,,,,,,,,,,,,,,,,
,,,,,,,,,,,,,Promo Blast,2025-04-25 06:48:29.764683,,,,,,140,103,47,23,,,,,,0,,,,,,,,,,,,,,,,,,,,,,,,,,,,,,,,,,,,,,,,,,,,,,,,,,,,,,,,,,,,,,,,,,,,,,,,,,,,,,,,
,,,,,,,,,,,,,Newsletter,2025-04-25 06:48:29.764683,,,,,,135,73,34,28,,,,,,0,,,,,,,,,,,,,,,,,,,,,,,,,,,,,,,,,,,,,,,,,,,,,,,,,,,,,,,,,,,,,,,,,,,,,,,,,,,,,,,,
,,,,,,,,,,,,,UMD RecWell Notice,2025-04-25 06:48:29.764683,,,,,,160,123,54,31,,,,,,0,,,,,,,,,,,,,,,,,,,,,,,,,,,,,,,,,,,,,,,,,,,,,,,,,,,,,,,,,,,,,,,,,,,,,,,,,,,,,,,,
,,,,,,,,,,,,,Job Alerts,2025-04-25 06:48:29.764683,,,,,,156,102,37,29,,,,,,1,,,,,,,,,,,,,,,,,,,,,,,,,,,,,,,,,,,,,,,,,,,,,,,,,,,,,,,,,,,,,,,,,,,,,,,,,,,,,,,,
,,,,,,,,,,,,,AI Tips Newsletter,2025-04-25 06:48:29.764683,,,,,,172,102,36,23,,,,,,0,,,,,,,,,,,,,,,,,,,,,,,,,,,,,,,,,,,,,,,,,,,,,,,,,,,,,,,,,,,,,,,,,,,,,,,,,,,,,,,,
,,,,,,,,,,,,,Free Fries Friday,2025-04-25 06:48:29.764683,,,,,,143,104,49,25,,,,,,0,,,,,,,,,,,,,,,,,,,,,,,,,,,,,,,,,,,,,,,,,,,,,,,,,,,,,,,,,,,,,,,,,,,,,,,,,,,,,,,,
,,,,,,,,,,,,,50% Pro Discount,2025-04-25 06:48:29.764683,,,,,,155,85,61,38,,,,,,0,,,,,,,,,,,,,,,,,,,,,,,,,,,,,,,,,,,,,,,,,,,,,,,,,,,,,,,,,,,,,,,,,,,,,,,,,,,,,,,,
split,1,0,-1,0,3,0,0,0,100009,0,1,web,Terps Esports Newsletter,2025-04-25 20:16:18.000000,2025-04-25T20:45:15-05:00,2025-04-25T20:45:15-05:00,2025-04-25T20:46:10-05:00,13,13,2,1,0,0,0,0,0,0,0,0,0,0,0,0,0,5,1,1,1,1,0,all,0,1,1,,0,0,,0,0,0,,,day1,0,even,0,2,day,0,0,0,subscribe,0,sdate,yyyy-mm-dd,month_day,0,day,+,,day1,,10,0,message,0,0,,0,,0,2025-04-25 20:16:18,2025-05-07 18:32:53,,,0,,0,0,3,1,0,2025-05-07 18:32:53,,0,"{""summaryEventSent"":true}",,,0,3,//umd213.img-us3.com/_screenshot_/0578982e-f338-4a9b-a5a5-9d82d35dc8ca.jpeg,1,3,mime,"{'user': 'https://umd213.api-us1.com/api/3/campaigns/1/user', 'automation': 'https://umd213.api-us1.com/api/3/campaigns/1/automation', 'campaignMessage': 'https://umd213.api-us1.com/api/3/campaigns/1/campaignMessage', 'campaignMessages': 'https://umd213.api-us1.com/api/3/campaigns/1/campaignMessages', 'links': 'https://umd213.api-us1.com/api/3/campaigns/1/links', 'aggregateRevenues': 'https://umd213.api-us1.com/api/3/campaigns/1/aggregateRevenues', 'segment': 'https://umd213.api-us1.com/api/3/campaigns/1/segment', 'campaignLists': 'https://umd213.api-us1.com/api/3/campaigns/1/campaignLists'}",1,1,
single,1,0,-1,0,1,0,0,0,100006,0,1,web,Terps Newsletter Test,2025-04-25 20:20:21.000000,2025-04-25T20:21:45-05:00,2025-04-25T20:21:45-05:00,2025-04-25T20:21:51-05:00,13,3,20,3,8,8,3,0,0,0,0,0,0,0,0,0,0,5,1,1,0,1,0,all,0,1,1,,0,0,,0,0,0,,,day1,0,even,0,2,day,0,0,0,subscribe,0,sdate,yyyy-mm-dd,month_day,0,day,+,,day1,,10,0,message,0,0,,0,,0,2025-04-25 20:20:21,2025-04-25 20:47:15,,,0,,0,0,28,3,0,2025-04-25 20:47:03,,0,"{""summaryEventSent"":true}",,,0,5,//umd213.img-us3.com/_screenshot_/66b6db6e-19fc-43b3-befd-197f09b7e126.jpeg,3,3,mime,"{'user': 'https://umd213.api-us1.com/api/3/campaigns/5/user', 'automation': 'https://umd213.api-us1.com/api/3/campaigns/5/automation', 'campaignMessage': 'https://umd213.api-us1.com/api/3/campaigns/5/campaignMessage', 'campaignMessages': 'https://umd213.api-us1.com/api/3/campaigns/5/campaignMessages', 'links': 'https://umd213.api-us1.com/api/3/campaigns/5/links', 'aggregateRevenues': 'https://umd213.api-us1.com/api/3/campaigns/5/aggregateRevenues', 'segment': 'https://umd213.api-us1.com/api/3/campaigns/5/segment', 'campaignLists': 'https://umd213.api-us1.com/api/3/campaigns/5/campaignLists'}",5,1,
single,1,0,-1,0,2,0,0,0,0,0,1,ai,Terps - Recwell Icecream Day ,2025-04-25 20:40:07.000000,2025-04-25T20:42:27-05:00,2025-04-25T20:42:27-05:00,2025-04-25T20:42:32-05:00,13,3,2,2,0,0,0,0,0,0,0,0,0,0,0,0,0,5,1,1,0,1,0,all,1,1,1,,0,0,,0,0,0,,,day1,0,even,0,2,day,0,0,0,subscribe,0,sdate,,month_day,0,day,+,,day1,,10,0,,0,0,,0,,0,2025-04-25 20:40:07,2025-04-25 20:47:03,,,0,,0,0,6,2,0,2025-04-25 20:47:03,,0,"{""summaryEventSent"":true}",,,0,7,//umd213.img-us3.com/_screenshot_/7e368148-60d8-4f22-b07c-68ae849e85f5.jpeg,5,3,mime,"{'user': 'https://umd213.api-us1.com/api/3/campaigns/6/user', 'automation': 'https://umd213.api-us1.com/api/3/campaigns/6/automation', 'campaignMessage': 'https://umd213.api-us1.com/api/3/campaigns/6/campaignMessage', 'campaignMessages': 'https://umd213.api-us1.com/api/3/campaigns/6/campaignMessages', 'links': 'https://umd213.api-us1.com/api/3/campaigns/6/links', 'aggregateRevenues': 'https://umd213.api-us1.com/api/3/campaigns/6/aggregateRevenues', 'segment': 'https://umd213.api-us1.com/api/3/campaigns/6/segment', 'campaignLists': 'https://umd213.api-us1.com/api/3/campaigns/6/campaignLists'}",6,1,
,,,,,,,,,,,,,Newsletter,2025-04-26 06:48:29.764683,,,,,,78,50,28,22,,,,,,0,,,,,,,,,,,,,,,,,,,,,,,,,,,,,,,,,,,,,,,,,,,,,,,,,,,,,,,,,,,,,,,,,,,,,,,,,,,,,,,,
,,,,,,,,,,,,,Promo Blast,2025-04-26 06:48:29.764683,,,,,,72,56,17,9,,,,,,0,,,,,,,,,,,,,,,,,,,,,,,,,,,,,,,,,,,,,,,,,,,,,,,,,,,,,,,,,,,,,,,,,,,,,,,,,,,,,,,,
,,,,,,,,,,,,,Weekly Update,2025-04-26 06:48:29.764683,,,,,,78,47,26,16,,,,,,0,,,,,,,,,,,,,,,,,,,,,,,,,,,,,,,,,,,,,,,,,,,,,,,,,,,,,,,,,,,,,,,,,,,,,,,,,,,,,,,,
,,,,,,,,,,,,,Career Hack Alert,2025-04-26 06:48:29.764683,,,,,,61,35,14,9,,,,,,0,,,,,,,,,,,,,,,,,,,,,,,,,,,,,,,,,,,,,,,,,,,,,,,,,,,,,,,,,,,,,,,,,,,,,,,,,,,,,,,,
,,,,,,,,,,,,,UMD RecWell Notice,2025-04-26 06:48:29.764683,,,,,,53,30,12,9,,,,,,0,,,,,,,,,,,,,,,,,,,,,,,,,,,,,,,,,,,,,,,,,,,,,,,,,,,,,,,,,,,,,,,,,,,,,,,,,,,,,,,,
,,,,,,,,,,,,,50% Pro Discount,2025-04-26 06:48:29.764683,,,,,,88,51,28,24,,,,,,0,,,,,,,,,,,,,,,,,,,,,,,,,,,,,,,,,,,,,,,,,,,,,,,,,,,,,,,,,,,,,,,,,,,,,,,,,,,,,,,,
,,,,,,,,,,,,,Free Fries Friday,2025-04-26 06:48:29.764683,,,,,,77,41,19,12,,,,,,0,,,,,,,,,,,,,,,,,,,,,,,,,,,,,,,,,,,,,,,,,,,,,,,,,,,,,,,,,,,,,,,,,,,,,,,,,,,,,,,,
,,,,,,,,,,,,,Job Alerts,2025-04-26 06:48:29.764683,,,,,,55,30,16,11,,,,,,0,,,,,,,,,,,,,,,,,,,,,,,,,,,,,,,,,,,,,,,,,,,,,,,,,,,,,,,,,,,,,,,,,,,,,,,,,,,,,,,,
,,,,,,,,,,,,,AI Tips Newsletter,2025-04-26 06:48:29.764683,,,,,,72,37,22,17,,,,,,0,,,,,,,,,,,,,,,,,,,,,,,,,,,,,,,,,,,,,,,,,,,,,,,,,,,,,,,,,,,,,,,,,,,,,,,,,,,,,,,,
,,,,,,,,,,,,,AI Tips Newsletter,2025-04-27 06:48:29.764683,,,,,,62,36,12,8,,,,,,0,,,,,,,,,,,,,,,,,,,,,,,,,,,,,,,,,,,,,,,,,,,,,,,,,,,,,,,,,,,,,,,,,,,,,,,,,,,,,,,,
,,,,,,,,,,,,,Job Alerts,2025-04-27 06:48:29.764683,,,,,,76,41,27,18,,,,,,0,,,,,,,,,,,,,,,,,,,,,,,,,,,,,,,,,,,,,,,,,,,,,,,,,,,,,,,,,,,,,,,,,,,,,,,,,,,,,,,,
,,,,,,,,,,,,,Free Fries Friday,2025-04-27 06:48:29.764683,,,,,,70,40,16,14,,,,,,1,,,,,,,,,,,,,,,,,,,,,,,,,,,,,,,,,,,,,,,,,,,,,,,,,,,,,,,,,,,,,,,,,,,,,,,,,,,,,,,,
,,,,,,,,,,,,,UMD RecWell Notice,2025-04-27 06:48:29.764683,,,,,,67,48,14,10,,,,,,0,,,,,,,,,,,,,,,,,,,,,,,,,,,,,,,,,,,,,,,,,,,,,,,,,,,,,,,,,,,,,,,,,,,,,,,,,,,,,,,,
,,,,,,,,,,,,,50% Pro Discount,2025-04-27 06:48:29.764683,,,,,,66,42,20,14,,,,,,1,,,,,,,,,,,,,,,,,,,,,,,,,,,,,,,,,,,,,,,,,,,,,,,,,,,,,,,,,,,,,,,,,,,,,,,,,,,,,,,,
,,,,,,,,,,,,,Weekly Update,2025-04-27 06:48:29.764683,,,,,,72,37,18,15,,,,,,0,,,,,,,,,,,,,,,,,,,,,,,,,,,,,,,,,,,,,,,,,,,,,,,,,,,,,,,,,,,,,,,,,,,,,,,,,,,,,,,,
,,,,,,,,,,,,,Promo Blast,2025-04-27 06:48:29.764683,,,,,,76,54,28,19,,,,,,0,,,,,,,,,,,,,,,,,,,,,,,,,,,,,,,,,,,,,,,,,,,,,,,,,,,,,,,,,,,,,,,,,,,,,,,,,,,,,,,,
,,,,,,,,,,,,,Newsletter,2025-04-27 06:48:29.764683,,,,,,63,47,20,12,,,,,,0,,,,,,,,,,,,,,,,,,,,,,,,,,,,,,,,,,,,,,,,,,,,,,,,,,,,,,,,,,,,,,,,,,,,,,,,,,,,,,,,
,,,,,,,,,,,,,Career Hack Alert,2025-04-27 06:48:29.764683,,,,,,64,44,25,14,,,,,,1,,,,,,,,,,,,,,,,,,,,,,,,,,,,,,,,,,,,,,,,,,,,,,,,,,,,,,,,,,,,,,,,,,,,,,,,,,,,,,,,
,,,,,,,,,,,,,UMD RecWell Notice,2025-04-28 06:48:29.764683,,,,,,179,140,39,34,,,,,,0,,,,,,,,,,,,,,,,,,,,,,,,,,,,,,,,,,,,,,,,,,,,,,,,,,,,,,,,,,,,,,,,,,,,,,,,,,,,,,,,
,,,,,,,,,,,,,Newsletter,2025-04-28 06:48:29.764683,,,,,,181,95,61,31,,,,,,1,,,,,,,,,,,,,,,,,,,,,,,,,,,,,,,,,,,,,,,,,,,,,,,,,,,,,,,,,,,,,,,,,,,,,,,,,,,,,,,,
,,,,,,,,,,,,,Promo Blast,2025-04-28 06:48:29.764683,,,,,,212,149,62,35,,,,,,1,,,,,,,,,,,,,,,,,,,,,,,,,,,,,,,,,,,,,,,,,,,,,,,,,,,,,,,,,,,,,,,,,,,,,,,,,,,,,,,,
,,,,,,,,,,,,,Weekly Update,2025-04-28 06:48:29.764683,,,,,,166,102,51,35,,,,,,0,,,,,,,,,,,,,,,,,,,,,,,,,,,,,,,,,,,,,,,,,,,,,,,,,,,,,,,,,,,,,,,,,,,,,,,,,,,,,,,,
,,,,,,,,,,,,,Career Hack Alert,2025-04-28 06:48:29.764683,,,,,,206,163,46,35,,,,,,0,,,,,,,,,,,,,,,,,,,,,,,,,,,,,,,,,,,,,,,,,,,,,,,,,,,,,,,,,,,,,,,,,,,,,,,,,,,,,,,,
,,,,,,,,,,,,,50% Pro Discount,2025-04-28 06:48:29.764683,,,,,,199,139,62,42,,,,,,0,,,,,,,,,,,,,,,,,,,,,,,,,,,,,,,,,,,,,,,,,,,,,,,,,,,,,,,,,,,,,,,,,,,,,,,,,,,,,,,,
,,,,,,,,,,,,,Free Fries Friday,2025-04-28 06:48:29.764683,,,,,,174,89,40,33,,,,,,0,,,,,,,,,,,,,,,,,,,,,,,,,,,,,,,,,,,,,,,,,,,,,,,,,,,,,,,,,,,,,,,,,,,,,,,,,,,,,,,,
,,,,,,,,,,,,,Job Alerts,2025-04-28 06:48:29.764683,,,,,,195,125,39,27,,,,,,0,,,,,,,,,,,,,,,,,,,,,,,,,,,,,,,,,,,,,,,,,,,,,,,,,,,,,,,,,,,,,,,,,,,,,,,,,,,,,,,,
,,,,,,,,,,,,,AI Tips Newsletter,2025-04-28 06:48:29.764683,,,,,,206,115,50,42,,,,,,1,,,,,,,,,,,,,,,,,,,,,,,,,,,,,,,,,,,,,,,,,,,,,,,,,,,,,,,,,,,,,,,,,,,,,,,,,,,,,,,,
,,,,,,,,,,,,,Job Alerts,2025-04-29 06:48:29.764683,,,,,,158,91,38,27,,,,,,0,,,,,,,,,,,,,,,,,,,,,,,,,,,,,,,,,,,,,,,,,,,,,,,,,,,,,,,,,,,,,,,,,,,,,,,,,,,,,,,,
,,,,,,,,,,,,,Free Fries Friday,2025-04-29 06:48:29.764683,,,,,,152,94,30,19,,,,,,0,,,,,,,,,,,,,,,,,,,,,,,,,,,,,,,,,,,,,,,,,,,,,,,,,,,,,,,,,,,,,,,,,,,,,,,,,,,,,,,,
,,,,,,,,,,,,,AI Tips Newsletter,2025-04-29 06:48:29.764683,,,,,,157,104,44,33,,,,,,0,,,,,,,,,,,,,,,,,,,,,,,,,,,,,,,,,,,,,,,,,,,,,,,,,,,,,,,,,,,,,,,,,,,,,,,,,,,,,,,,
,,,,,,,,,,,,,50% Pro Discount,2025-04-29 06:48:29.764683,,,,,,154,112,59,39,,,,,,0,,,,,,,,,,,,,,,,,,,,,,,,,,,,,,,,,,,,,,,,,,,,,,,,,,,,,,,,,,,,,,,,,,,,,,,,,,,,,,,,
,,,,,,,,,,,,,Newsletter,2025-04-29 06:48:29.764683,,,,,,155,79,58,40,,,,,,0,,,,,,,,,,,,,,,,,,,,,,,,,,,,,,,,,,,,,,,,,,,,,,,,,,,,,,,,,,,,,,,,,,,,,,,,,,,,,,,,
,,,,,,,,,,,,,Career Hack Alert,2025-04-29 06:48:29.764683,,,,,,145,112,41,34,,,,,,0,,,,,,,,,,,,,,,,,,,,,,,,,,,,,,,,,,,,,,,,,,,,,,,,,,,,,,,,,,,,,,,,,,,,,,,,,,,,,,,,
,,,,,,,,,,,,,Weekly Update,2025-04-29 06:48:29.764683,,,,,,171,96,53,37,,,,,,0,,,,,,,,,,,,,,,,,,,,,,,,,,,,,,,,,,,,,,,,,,,,,,,,,,,,,,,,,,,,,,,,,,,,,,,,,,,,,,,,
,,,,,,,,,,,,,Promo Blast,2025-04-29 06:48:29.764683,,,,,,145,109,42,34,,,,,,0,,,,,,,,,,,,,,,,,,,,,,,,,,,,,,,,,,,,,,,,,,,,,,,,,,,,,,,,,,,,,,,,,,,,,,,,,,,,,,,,
,,,,,,,,,,,,,UMD RecWell Notice,2025-04-29 06:48:29.764683,,,,,,164,127,33,20,,,,,,0,,,,,,,,,,,,,,,,,,,,,,,,,,,,,,,,,,,,,,,,,,,,,,,,,,,,,,,,,,,,,,,,,,,,,,,,,,,,,,,,
,,,,,,,,,,,,,Job Alerts,2025-04-30 06:48:29.764683,,,,,,186,148,66,57,,,,,,0,,,,,,,,,,,,,,,,,,,,,,,,,,,,,,,,,,,,,,,,,,,,,,,,,,,,,,,,,,,,,,,,,,,,,,,,,,,,,,,,
,,,,,,,,,,,,,Free Fries Friday,2025-04-30 06:48:29.764683,,,,,,172,104,49,32,,,,,,0,,,,,,,,,,,,,,,,,,,,,,,,,,,,,,,,,,,,,,,,,,,,,,,,,,,,,,,,,,,,,,,,,,,,,,,,,,,,,,,,
,,,,,,,,,,,,,50% Pro Discount,2025-04-30 06:48:29.764683,,,,,,198,99,42,32,,,,,,0,,,,,,,,,,,,,,,,,,,,,,,,,,,,,,,,,,,,,,,,,,,,,,,,,,,,,,,,,,,,,,,,,,,,,,,,,,,,,,,,
,,,,,,,,,,,,,UMD RecWell Notice,2025-04-30 06:48:29.764683,,,,,,188,141,74,55,,,,,,0,,,,,,,,,,,,,,,,,,,,,,,,,,,,,,,,,,,,,,,,,,,,,,,,,,,,,,,,,,,,,,,,,,,,,,,,,,,,,,,,
,,,,,,,,,,,,,AI Tips Newsletter,2025-04-30 06:48:29.764683,,,,,,177,132,43,32,,,,,,0,,,,,,,,,,,,,,,,,,,,,,,,,,,,,,,,,,,,,,,,,,,,,,,,,,,,,,,,,,,,,,,,,,,,,,,,,,,,,,,,
,,,,,,,,,,,,,Weekly Update,2025-04-30 06:48:29.764683,,,,,,183,93,39,34,,,,,,0,,,,,,,,,,,,,,,,,,,,,,,,,,,,,,,,,,,,,,,,,,,,,,,,,,,,,,,,,,,,,,,,,,,,,,,,,,,,,,,,
,,,,,,,,,,,,,Promo Blast,2025-04-30 06:48:29.764683,,,,,,171,90,35,18,,,,,,0,,,,,,,,,,,,,,,,,,,,,,,,,,,,,,,,,,,,,,,,,,,,,,,,,,,,,,,,,,,,,,,,,,,,,,,,,,,,,,,,
,,,,,,,,,,,,,Newsletter,2025-04-30 06:48:29.764683,,,,,,188,100,63,41,,,,,,0,,,,,,,,,,,,,,,,,,,,,,,,,,,,,,,,,,,,,,,,,,,,,,,,,,,,,,,,,,,,,,,,,,,,,,,,,,,,,,,,
,,,,,,,,,,,,,Career Hack Alert,2025-04-30 06:48:29.764683,,,,,,175,99,57,28,,,,,,0,,,,,,,,,,,,,,,,,,,,,,,,,,,,,,,,,,,,,,,,,,,,,,,,,,,,,,,,,,,,,,,,,,,,,,,,,,,,,,,,
,,,,,,,,,,,,,AI Tips Newsletter,2025-05-01 06:48:29.764683,,,,,,163,107,42,21,,,,,,1,,,,,,,,,,,,,,,,,,,,,,,,,,,,,,,,,,,,,,,,,,,,,,,,,,,,,,,,,,,,,,,,,,,,,,,,,,,,,,,,
,,,,,,,,,,,,,Job Alerts,2025-05-01 06:48:29.764683,,,,,,178,125,59,48,,,,,,0,,,,,,,,,,,,,,,,,,,,,,,,,,,,,,,,,,,,,,,,,,,,,,,,,,,,,,,,,,,,,,,,,,,,,,,,,,,,,,,,
,,,,,,,,,,,,,Free Fries Friday,2025-05-01 06:48:29.764683,,,,,,152,95,43,32,,,,,,0,,,,,,,,,,,,,,,,,,,,,,,,,,,,,,,,,,,,,,,,,,,,,,,,,,,,,,,,,,,,,,,,,,,,,,,,,,,,,,,,
,,,,,,,,,,,,,50% Pro Discount,2025-05-01 06:48:29.764683,,,,,,159,124,47,37,,,,,,0,,,,,,,,,,,,,,,,,,,,,,,,,,,,,,,,,,,,,,,,,,,,,,,,,,,,,,,,,,,,,,,,,,,,,,,,,,,,,,,,
,,,,,,,,,,,,,UMD RecWell Notice,2025-05-01 06:48:29.764683,,,,,,144,87,48,34,,,,,,0,,,,,,,,,,,,,,,,,,,,,,,,,,,,,,,,,,,,,,,,,,,,,,,,,,,,,,,,,,,,,,,,,,,,,,,,,,,,,,,,
,,,,,,,,,,,,,Weekly Update,2025-05-01 06:48:29.764683,,,,,,158,125,58,46,,,,,,0,,,,,,,,,,,,,,,,,,,,,,,,,,,,,,,,,,,,,,,,,,,,,,,,,,,,,,,,,,,,,,,,,,,,,,,,,,,,,,,,
,,,,,,,,,,,,,Promo Blast,2025-05-01 06:48:29.764683,,,,,,154,100,58,38,,,,,,0,,,,,,,,,,,,,,,,,,,,,,,,,,,,,,,,,,,,,,,,,,,,,,,,,,,,,,,,,,,,,,,,,,,,,,,,,,,,,,,,
,,,,,,,,,,,,,Newsletter,2025-05-01 06:48:29.764683,,,,,,155,118,36,21,,,,,,0,,,,,,,,,,,,,,,,,,,,,,,,,,,,,,,,,,,,,,,,,,,,,,,,,,,,,,,,,,,,,,,,,,,,,,,,,,,,,,,,
,,,,,,,,,,,,,Career Hack Alert,2025-05-01 06:48:29.764683,,,,,,157,111,55,33,,,,,,0,,,,,,,,,,,,,,,,,,,,,,,,,,,,,,,,,,,,,,,,,,,,,,,,,,,,,,,,,,,,,,,,,,,,,,,,,,,,,,,,
,,,,,,,,,,,,,50% Pro Discount,2025-05-02 06:48:29.764683,,,,,,172,95,60,44,,,,,,0,,,,,,,,,,,,,,,,,,,,,,,,,,,,,,,,,,,,,,,,,,,,,,,,,,,,,,,,,,,,,,,,,,,,,,,,,,,,,,,,
,,,,,,,,,,,,,AI Tips Newsletter,2025-05-02 06:48:29.764683,,,,,,181,117,59,50,,,,,,1,,,,,,,,,,,,,,,,,,,,,,,,,,,,,,,,,,,,,,,,,,,,,,,,,,,,,,,,,,,,,,,,,,,,,,,,,,,,,,,,
,,,,,,,,,,,,,Free Fries Friday,2025-05-02 06:48:29.764683,,,,,,181,103,46,24,,,,,,0,,,,,,,,,,,,,,,,,,,,,,,,,,,,,,,,,,,,,,,,,,,,,,,,,,,,,,,,,,,,,,,,,,,,,,,,,,,,,,,,
,,,,,,,,,,,,,UMD RecWell Notice,2025-05-02 06:48:29.764683,,,,,,184,138,66,34,,,,,,0,,,,,,,,,,,,,,,,,,,,,,,,,,,,,,,,,,,,,,,,,,,,,,,,,,,,,,,,,,,,,,,,,,,,,,,,,,,,,,,,
,,,,,,,,,,,,,Job Alerts,2025-05-02 06:48:29.764683,,,,,,204,149,54,39,,,,,,0,,,,,,,,,,,,,,,,,,,,,,,,,,,,,,,,,,,,,,,,,,,,,,,,,,,,,,,,,,,,,,,,,,,,,,,,,,,,,,,,
,,,,,,,,,,,,,Weekly Update,2025-05-02 06:48:29.764683,,,,,,178,94,53,41,,,,,,0,,,,,,,,,,,,,,,,,,,,,,,,,,,,,,,,,,,,,,,,,,,,,,,,,,,,,,,,,,,,,,,,,,,,,,,,,,,,,,,,
,,,,,,,,,,,,,Newsletter,2025-05-02 06:48:29.764683,,,,,,191,140,72,38,,,,,,0,,,,,,,,,,,,,,,,,,,,,,,,,,,,,,,,,,,,,,,,,,,,,,,,,,,,,,,,,,,,,,,,,,,,,,,,,,,,,,,,
,,,,,,,,,,,,,Career Hack Alert,2025-05-02 06:48:29.764683,,,,,,207,144,54,41,,,,,,0,,,,,,,,,,,,,,,,,,,,,,,,,,,,,,,,,,,,,,,,,,,,,,,,,,,,,,,,,,,,,,,,,,,,,,,,,,,,,,,,
,,,,,,,,,,,,,Promo Blast,2025-05-02 06:48:29.764683,,,,,,188,134,74,38,,,,,,0,,,,,,,,,,,,,,,,,,,,,,,,,,,,,,,,,,,,,,,,,,,,,,,,,,,,,,,,,,,,,,,,,,,,,,,,,,,,,,,,
,,,,,,,,,,,,,Newsletter,2025-05-03 06:48:29.764683,,,,,,63,34,24,14,,,,,,0,,,,,,,,,,,,,,,,,,,,,,,,,,,,,,,,,,,,,,,,,,,,,,,,,,,,,,,,,,,,,,,,,,,,,,,,,,,,,,,,
,,,,,,,,,,,,,Promo Blast,2025-05-03 06:48:29.764683,,,,,,58,39,12,7,,,,,,0,,,,,,,,,,,,,,,,,,,,,,,,,,,,,,,,,,,,,,,,,,,,,,,,,,,,,,,,,,,,,,,,,,,,,,,,,,,,,,,,
,,,,,,,,,,,,,Weekly Update,2025-05-03 06:48:29.764683,,,,,,63,48,17,8,,,,,,0,,,,,,,,,,,,,,,,,,,,,,,,,,,,,,,,,,,,,,,,,,,,,,,,,,,,,,,,,,,,,,,,,,,,,,,,,,,,,,,,
,,,,,,,,,,,,,Career Hack Alert,2025-05-03 06:48:29.764683,,,,,,70,53,17,9,,,,,,0,,,,,,,,,,,,,,,,,,,,,,,,,,,,,,,,,,,,,,,,,,,,,,,,,,,,,,,,,,,,,,,,,,,,,,,,,,,,,,,,
,,,,,,,,,,,,,UMD RecWell Notice,2025-05-03 06:48:29.764683,,,,,,58,32,19,11,,,,,,0,,,,,,,,,,,,,,,,,,,,,,,,,,,,,,,,,,,,,,,,,,,,,,,,,,,,,,,,,,,,,,,,,,,,,,,,,,,,,,,,
,,,,,,,,,,,,,50% Pro Discount,2025-05-03 06:48:29.764683,,,,,,64,45,23,13,,,,,,0,,,,,,,,,,,,,,,,,,,,,,,,,,,,,,,,,,,,,,,,,,,,,,,,,,,,,,,,,,,,,,,,,,,,,,,,,,,,,,,,
,,,,,,,,,,,,,Free Fries Friday,2025-05-03 06:48:29.764683,,,,,,57,29,12,7,,,,,,0,,,,,,,,,,,,,,,,,,,,,,,,,,,,,,,,,,,,,,,,,,,,,,,,,,,,,,,,,,,,,,,,,,,,,,,,,,,,,,,,
,,,,,,,,,,,,,Job Alerts,2025-05-03 06:48:29.764683,,,,,,58,44,16,10,,,,,,0,,,,,,,,,,,,,,,,,,,,,,,,,,,,,,,,,,,,,,,,,,,,,,,,,,,,,,,,,,,,,,,,,,,,,,,,,,,,,,,,
,,,,,,,,,,,,,AI Tips Newsletter,2025-05-03 06:48:29.764683,,,,,,70,36,17,11,,,,,,0,,,,,,,,,,,,,,,,,,,,,,,,,,,,,,,,,,,,,,,,,,,,,,,,,,,,,,,,,,,,,,,,,,,,,,,,,,,,,,,,
,,,,,,,,,,,,,AI Tips Newsletter,2025-05-04 06:48:29.764683,,,,,,65,44,18,15,,,,,,0,,,,,,,,,,,,,,,,,,,,,,,,,,,,,,,,,,,,,,,,,,,,,,,,,,,,,,,,,,,,,,,,,,,,,,,,,,,,,,,,
,,,,,,,,,,,,,Job Alerts,2025-05-04 06:48:29.764683,,,,,,66,50,16,8,,,,,,0,,,,,,,,,,,,,,,,,,,,,,,,,,,,,,,,,,,,,,,,,,,,,,,,,,,,,,,,,,,,,,,,,,,,,,,,,,,,,,,,
,,,,,,,,,,,,,Free Fries Friday,2025-05-04 06:48:29.764683,,,,,,64,46,22,17,,,,,,0,,,,,,,,,,,,,,,,,,,,,,,,,,,,,,,,,,,,,,,,,,,,,,,,,,,,,,,,,,,,,,,,,,,,,,,,,,,,,,,,
,,,,,,,,,,,,,50% Pro Discount,2025-05-04 06:48:29.764683,,,,,,68,35,21,12,,,,,,0,,,,,,,,,,,,,,,,,,,,,,,,,,,,,,,,,,,,,,,,,,,,,,,,,,,,,,,,,,,,,,,,,,,,,,,,,,,,,,,,
,,,,,,,,,,,,,UMD RecWell Notice,2025-05-04 06:48:29.764683,,,,,,75,38,18,11,,,,,,0,,,,,,,,,,,,,,,,,,,,,,,,,,,,,,,,,,,,,,,,,,,,,,,,,,,,,,,,,,,,,,,,,,,,,,,,,,,,,,,,
,,,,,,,,,,,,,Weekly Update,2025-05-04 06:48:29.764683,,,,,,64,46,21,13,,,,,,0,,,,,,,,,,,,,,,,,,,,,,,,,,,,,,,,,,,,,,,,,,,,,,,,,,,,,,,,,,,,,,,,,,,,,,,,,,,,,,,,
,,,,,,,,,,,,,Promo Blast,2025-05-04 06:48:29.764683,,,,,,60,43,21,13,,,,,,0,,,,,,,,,,,,,,,,,,,,,,,,,,,,,,,,,,,,,,,,,,,,,,,,,,,,,,,,,,,,,,,,,,,,,,,,,,,,,,,,
,,,,,,,,,,,,,Newsletter,2025-05-04 06:48:29.764683,,,,,,62,35,24,12,,,,,,0,,,,,,,,,,,,,,,,,,,,,,,,,,,,,,,,,,,,,,,,,,,,,,,,,,,,,,,,,,,,,,,,,,,,,,,,,,,,,,,,
,,,,,,,,,,,,,Career Hack Alert,2025-05-04 06:48:29.764683,,,,,,57,36,13,7,,,,,,1,,,,,,,,,,,,,,,,,,,,,,,,,,,,,,,,,,,,,,,,,,,,,,,,,,,,,,,,,,,,,,,,,,,,,,,,,,,,,,,,
,,,,,,,,,,,,,AI Tips Newsletter,2025-05-05 06:48:29.764683,,,,,,119,72,44,36,,,,,,1,,,,,,,,,,,,,,,,,,,,,,,,,,,,,,,,,,,,,,,,,,,,,,,,,,,,,,,,,,,,,,,,,,,,,,,,,,,,,,,,
,,,,,,,,,,,,,Job Alerts,2025-05-05 06:48:29.764683,,,,,,143,93,46,32,,,,,,1,,,,,,,,,,,,,,,,,,,,,,,,,,,,,,,,,,,,,,,,,,,,,,,,,,,,,,,,,,,,,,,,,,,,,,,,,,,,,,,,
,,,,,,,,,,,,,Free Fries Friday,2025-05-05 06:48:29.764683,,,,,,174,88,66,47,,,,,,0,,,,,,,,,,,,,,,,,,,,,,,,,,,,,,,,,,,,,,,,,,,,,,,,,,,,,,,,,,,,,,,,,,,,,,,,,,,,,,,,
,,,,,,,,,,,,,50% Pro Discount,2025-05-05 06:48:29.764683,,,,,,124,96,38,19,,,,,,1,,,,,,,,,,,,,,,,,,,,,,,,,,,,,,,,,,,,,,,,,,,,,,,,,,,,,,,,,,,,,,,,,,,,,,,,,,,,,,,,
,,,,,,,,,,,,,Career Hack Alert,2025-05-05 06:48:29.764683,,,,,,147,112,31,20,,,,,,0,,,,,,,,,,,,,,,,,,,,,,,,,,,,,,,,,,,,,,,,,,,,,,,,,,,,,,,,,,,,,,,,,,,,,,,,,,,,,,,,
,,,,,,,,,,,,,Weekly Update,2025-05-05 06:48:29.764683,,,,,,157,111,53,26,,,,,,0,,,,,,,,,,,,,,,,,,,,,,,,,,,,,,,,,,,,,,,,,,,,,,,,,,,,,,,,,,,,,,,,,,,,,,,,,,,,,,,,
,,,,,,,,,,,,,Promo Blast,2025-05-05 06:48:29.764683,,,,,,141,101,39,23,,,,,,0,,,,,,,,,,,,,,,,,,,,,,,,,,,,,,,,,,,,,,,,,,,,,,,,,,,,,,,,,,,,,,,,,,,,,,,,,,,,,,,,
,,,,,,,,,,,,,Newsletter,2025-05-05 06:48:29.764683,,,,,,156,97,38,19,,,,,,0,,,,,,,,,,,,,,,,,,,,,,,,,,,,,,,,,,,,,,,,,,,,,,,,,,,,,,,,,,,,,,,,,,,,,,,,,,,,,,,,
,,,,,,,,,,,,,UMD RecWell Notice,2025-05-05 06:48:29.764683,,,,,,136,103,53,32,,,,,,0,,,,,,,,,,,,,,,,,,,,,,,,,,,,,,,,,,,,,,,,,,,,,,,,,,,,,,,,,,,,,,,,,,,,,,,,,,,,,,,,
,,,,,,,,,,,,,AI Tips Newsletter,2025-05-06 06:48:29.764683,,,,,,149,99,34,22,,,,,,1,,,,,,,,,,,,,,,,,,,,,,,,,,,,,,,,,,,,,,,,,,,,,,,,,,,,,,,,,,,,,,,,,,,,,,,,,,,,,,,,
,,,,,,,,,,,,,Job Alerts,2025-05-06 06:48:29.764683,,,,,,157,115,34,26,,,,,,0,,,,,,,,,,,,,,,,,,,,,,,,,,,,,,,,,,,,,,,,,,,,,,,,,,,,,,,,,,,,,,,,,,,,,,,,,,,,,,,,
,,,,,,,,,,,,,Free Fries Friday,2025-05-06 06:48:29.764683,,,,,,143,86,36,24,,,,,,0,,,,,,,,,,,,,,,,,,,,,,,,,,,,,,,,,,,,,,,,,,,,,,,,,,,,,,,,,,,,,,,,,,,,,,,,,,,,,,,,
,,,,,,,,,,,,,50% Pro Discount,2025-05-06 06:48:29.764683,,,,,,133,100,30,19,,,,,,0,,,,,,,,,,,,,,,,,,,,,,,,,,,,,,,,,,,,,,,,,,,,,,,,,,,,,,,,,,,,,,,,,,,,,,,,,,,,,,,,
,,,,,,,,,,,,,UMD RecWell Notice,2025-05-06 06:48:29.764683,,,,,,158,93,47,28,,,,,,0,,,,,,,,,,,,,,,,,,,,,,,,,,,,,,,,,,,,,,,,,,,,,,,,,,,,,,,,,,,,,,,,,,,,,,,,,,,,,,,,
,,,,,,,,,,,,,Weekly Update,2025-05-06 06:48:29.764683,,,,,,150,92,47,27,,,,,,0,,,,,,,,,,,,,,,,,,,,,,,,,,,,,,,,,,,,,,,,,,,,,,,,,,,,,,,,,,,,,,,,,,,,,,,,,,,,,,,,
,,,,,,,,,,,,,Newsletter,2025-05-06 06:48:29.764683,,,,,,156,98,54,41,,,,,,0,,,,,,,,,,,,,,,,,,,,,,,,,,,,,,,,,,,,,,,,,,,,,,,,,,,,,,,,,,,,,,,,,,,,,,,,,,,,,,,,
,,,,,,,,,,,,,Career Hack Alert,2025-05-06 06:48:29.764683,,,,,,173,119,69,36,,,,,,0,,,,,,,,,,,,,,,,,,,,,,,,,,,,,,,,,,,,,,,,,,,,,,,,,,,,,,,,,,,,,,,,,,,,,,,,,,,,,,,,
,,,,,,,,,,,,,Promo Blast,2025-05-06 06:48:29.764683,,,,,,156,89,49,25,,,,,,0,,,,,,,,,,,,,,,,,,,,,,,,,,,,,,,,,,,,,,,,,,,,,,,,,,,,,,,,,,,,,,,,,,,,,,,,,,,,,,,,
,,,,,,,,,,,,,Newsletter,2025-05-07 06:48:29.764683,,,,,,215,153,43,27,,,,,,0,,,,,,,,,,,,,,,,,,,,,,,,,,,,,,,,,,,,,,,,,,,,,,,,,,,,,,,,,,,,,,,,,,,,,,,,,,,,,,,,
,,,,,,,,,,,,,Promo Blast,2025-05-07 06:48:29.764683,,,,,,172,91,54,45,,,,,,0,,,,,,,,,,,,,,,,,,,,,,,,,,,,,,,,,,,,,,,,,,,,,,,,,,,,,,,,,,,,,,,,,,,,,,,,,,,,,,,,
,,,,,,,,,,,,,Weekly Update,2025-05-07 06:48:29.764683,,,,,,168,99,51,39,,,,,,0,,,,,,,,,,,,,,,,,,,,,,,,,,,,,,,,,,,,,,,,,,,,,,,,,,,,,,,,,,,,,,,,,,,,,,,,,,,,,,,,
,,,,,,,,,,,,,Career Hack Alert,2025-05-07 06:48:29.764683,,,,,,161,128,48,43,,,,,,0,,,,,,,,,,,,,,,,,,,,,,,,,,,,,,,,,,,,,,,,,,,,,,,,,,,,,,,,,,,,,,,,,,,,,,,,,,,,,,,,
,,,,,,,,,,,,,50% Pro Discount,2025-05-07 06:48:29.764683,,,,,,174,96,37,30,,,,,,0,,,,,,,,,,,,,,,,,,,,,,,,,,,,,,,,,,,,,,,,,,,,,,,,,,,,,,,,,,,,,,,,,,,,,,,,,,,,,,,,
,,,,,,,,,,,,,Free Fries Friday,2025-05-07 06:48:29.764683,,,,,,169,129,66,56,,,,,,0,,,,,,,,,,,,,,,,,,,,,,,,,,,,,,,,,,,,,,,,,,,,,,,,,,,,,,,,,,,,,,,,,,,,,,,,,,,,,,,,
,,,,,,,,,,,,,Job Alerts,2025-05-07 06:48:29.764683,,,,,,148,117,41,27,,,,,,0,,,,,,,,,,,,,,,,,,,,,,,,,,,,,,,,,,,,,,,,,,,,,,,,,,,,,,,,,,,,,,,,,,,,,,,,,,,,,,,,
,,,,,,,,,,,,,AI Tips Newsletter,2025-05-07 06:48:29.764683,,,,,,184,92,39,24,,,,,,0,,,,,,,,,,,,,,,,,,,,,,,,,,,,,,,,,,,,,,,,,,,,,,,,,,,,,,,,,,,,,,,,,,,,,,,,,,,,,,,,
,,,,,,,,,,,,,UMD RecWell Notice,2025-05-07 06:48:29.764683,,,,,,156,104,61,52,,,,,,0,,,,,,,,,,,,,,,,,,,,,,,,,,,,,,,,,,,,,,,,,,,,,,,,,,,,,,,,,,,,,,,,,,,,,,,,,,,,,,,,
,,,,,,,,,,,,,AI Tips Newsletter,2025-05-08 06:48:29.764683,,,,,,167,104,53,42,,,,,,0,,,,,,,,,,,,,,,,,,,,,,,,,,,,,,,,,,,,,,,,,,,,,,,,,,,,,,,,,,,,,,,,,,,,,,,,,,,,,,,,
,,,,,,,,,,,,,50% Pro Discount,2025-05-08 06:48:29.764683,,,,,,185,135,38,25,,,,,,0,,,,,,,,,,,,,,,,,,,,,,,,,,,,,,,,,,,,,,,,,,,,,,,,,,,,,,,,,,,,,,,,,,,,,,,,,,,,,,,,
,,,,,,,,,,,,,Job Alerts,2025-05-08 06:48:29.764683,,,,,,176,110,58,39,,,,,,0,,,,,,,,,,,,,,,,,,,,,,,,,,,,,,,,,,,,,,,,,,,,,,,,,,,,,,,,,,,,,,,,,,,,,,,,,,,,,,,,
,,,,,,,,,,,,,Free Fries Friday,2025-05-08 06:48:29.764683,,,,,,177,138,62,32,,,,,,0,,,,,,,,,,,,,,,,,,,,,,,,,,,,,,,,,,,,,,,,,,,,,,,,,,,,,,,,,,,,,,,,,,,,,,,,,,,,,,,,
,,,,,,,,,,,,,UMD RecWell Notice,2025-05-08 06:48:29.764683,,,,,,166,127,65,39,,,,,,2,,,,,,,,,,,,,,,,,,,,,,,,,,,,,,,,,,,,,,,,,,,,,,,,,,,,,,,,,,,,,,,,,,,,,,,,,,,,,,,,
,,,,,,,,,,,,,Weekly Update,2025-05-08 06:48:29.764683,,,,,,174,93,50,31,,,,,,0,,,,,,,,,,,,,,,,,,,,,,,,,,,,,,,,,,,,,,,,,,,,,,,,,,,,,,,,,,,,,,,,,,,,,,,,,,,,,,,,
,,,,,,,,,,,,,Promo Blast,2025-05-08 06:48:29.764683,,,,,,184,122,39,33,,,,,,0,,,,,,,,,,,,,,,,,,,,,,,,,,,,,,,,,,,,,,,,,,,,,,,,,,,,,,,,,,,,,,,,,,,,,,,,,,,,,,,,
,,,,,,,,,,,,,Newsletter,2025-05-08 06:48:29.764683,,,,,,185,99,37,22,,,,,,0,,,,,,,,,,,,,,,,,,,,,,,,,,,,,,,,,,,,,,,,,,,,,,,,,,,,,,,,,,,,,,,,,,,,,,,,,,,,,,,,
,,,,,,,,,,,,,Career Hack Alert,2025-05-08 06:48:29.764683,,,,,,182,126,54,42,,,,,,0,,,,,,,,,,,,,,,,,,,,,,,,,,,,,,,,,,,,,,,,,,,,,,,,,,,,,,,,,,,,,,,,,,,,,,,,,,,,,,,,
,,,,,,,,,,,,,AI Tips Newsletter,2025-05-09 06:48:29.764683,,,,,,183,132,37,28,,,,,,1,,,,,,,,,,,,,,,,,,,,,,,,,,,,,,,,,,,,,,,,,,,,,,,,,,,,,,,,,,,,,,,,,,,,,,,,,,,,,,,,
,,,,,,,,,,,,,Job Alerts,2025-05-09 06:48:29.764683,,,,,,149,110,40,26,,,,,,0,,,,,,,,,,,,,,,,,,,,,,,,,,,,,,,,,,,,,,,,,,,,,,,,,,,,,,,,,,,,,,,,,,,,,,,,,,,,,,,,
,,,,,,,,,,,,,Free Fries Friday,2025-05-09 06:48:29.764683,,,,,,194,129,51,44,,,,,,0,,,,,,,,,,,,,,,,,,,,,,,,,,,,,,,,,,,,,,,,,,,,,,,,,,,,,,,,,,,,,,,,,,,,,,,,,,,,,,,,
,,,,,,,,,,,,,50% Pro Discount,2025-05-09 06:48:29.764683,,,,,,200,153,64,50,,,,,,0,,,,,,,,,,,,,,,,,,,,,,,,,,,,,,,,,,,,,,,,,,,,,,,,,,,,,,,,,,,,,,,,,,,,,,,,,,,,,,,,
,,,,,,,,,,,,,UMD RecWell Notice,2025-05-09 06:48:29.764683,,,,,,175,116,42,23,,,,,,0,,,,,,,,,,,,,,,,,,,,,,,,,,,,,,,,,,,,,,,,,,,,,,,,,,,,,,,,,,,,,,,,,,,,,,,,,,,,,,,,
,,,,,,,,,,,,,Weekly Update,2025-05-09 06:48:29.764683,,,,,,148,75,42,25,,,,,,0,,,,,,,,,,,,,,,,,,,,,,,,,,,,,,,,,,,,,,,,,,,,,,,,,,,,,,,,,,,,,,,,,,,,,,,,,,,,,,,,
,,,,,,,,,,,,,Promo Blast,2025-05-09 06:48:29.764683,,,,,,173,133,63,37,,,,,,0,,,,,,,,,,,,,,,,,,,,,,,,,,,,,,,,,,,,,,,,,,,,,,,,,,,,,,,,,,,,,,,,,,,,,,,,,,,,,,,,
,,,,,,,,,,,,,Newsletter,2025-05-09 06:48:29.764683,,,,,,179,117,68,38,,,,,,0,,,,,,,,,,,,,,,,,,,,,,,,,,,,,,,,,,,,,,,,,,,,,,,,,,,,,,,,,,,,,,,,,,,,,,,,,,,,,,,,
,,,,,,,,,,,,,Career Hack Alert,2025-05-09 06:48:29.764683,,,,,,168,106,61,31,,,,,,0,,,,,,,,,,,,,,,,,,,,,,,,,,,,,,,,,,,,,,,,,,,,,,,,,,,,,,,,,,,,,,,,,,,,,,,,,,,,,,,,
,,,,,,,,,,,,,AI Tips Newsletter,2025-05-10 06:48:29.764683,,,,,,71,55,16,11,,,,,,0,,,,,,,,,,,,,,,,,,,,,,,,,,,,,,,,,,,,,,,,,,,,,,,,,,,,,,,,,,,,,,,,,,,,,,,,,,,,,,,,
,,,,,,,,,,,,,Job Alerts,2025-05-10 06:48:29.764683,,,,,,86,53,21,17,,,,,,0,,,,,,,,,,,,,,,,,,,,,,,,,,,,,,,,,,,,,,,,,,,,,,,,,,,,,,,,,,,,,,,,,,,,,,,,,,,,,,,,
,,,,,,,,,,,,,Free Fries Friday,2025-05-10 06:48:29.764683,,,,,,70,55,21,11,,,,,,0,,,,,,,,,,,,,,,,,,,,,,,,,,,,,,,,,,,,,,,,,,,,,,,,,,,,,,,,,,,,,,,,,,,,,,,,,,,,,,,,
,,,,,,,,,,,,,50% Pro Discount,2025-05-10 06:48:29.764683,,,,,,69,34,26,16,,,,,,0,,,,,,,,,,,,,,,,,,,,,,,,,,,,,,,,,,,,,,,,,,,,,,,,,,,,,,,,,,,,,,,,,,,,,,,,,,,,,,,,
,,,,,,,,,,,,,Weekly Update,2025-05-10 06:48:29.764683,,,,,,71,48,25,16,,,,,,0,,,,,,,,,,,,,,,,,,,,,,,,,,,,,,,,,,,,,,,,,,,,,,,,,,,,,,,,,,,,,,,,,,,,,,,,,,,,,,,,
,,,,,,,,,,,,,Career Hack Alert,2025-05-10 06:48:29.764683,,,,,,68,53,15,8,,,,,,0,,,,,,,,,,,,,,,,,,,,,,,,,,,,,,,,,,,,,,,,,,,,,,,,,,,,,,,,,,,,,,,,,,,,,,,,,,,,,,,,
,,,,,,,,,,,,,Newsletter,2025-05-10 06:48:29.764683,,,,,,70,46,21,18,,,,,,0,,,,,,,,,,,,,,,,,,,,,,,,,,,,,,,,,,,,,,,,,,,,,,,,,,,,,,,,,,,,,,,,,,,,,,,,,,,,,,,,
,,,,,,,,,,,,,UMD RecWell Notice,2025-05-10 06:48:29.764683,,,,,,70,37,14,11,,,,,,0,,,,,,,,,,,,,,,,,,,,,,,,,,,,,,,,,,,,,,,,,,,,,,,,,,,,,,,,,,,,,,,,,,,,,,,,,,,,,,,,
,,,,,,,,,,,,,Promo Blast,2025-05-10 06:48:29.764683,,,,,,60,33,22,11,,,,,,0,,,,,,,,,,,,,,,,,,,,,,,,,,,,,,,,,,,,,,,,,,,,,,,,,,,,,,,,,,,,,,,,,,,,,,,,,,,,,,,,
,,,,,,,,,,,,,Newsletter,2025-05-11 06:48:29.764683,,,,,,74,44,24,14,,,,,,0,,,,,,,,,,,,,,,,,,,,,,,,,,,,,,,,,,,,,,,,,,,,,,,,,,,,,,,,,,,,,,,,,,,,,,,,,,,,,,,,
,,,,,,,,,,,,,Promo Blast,2025-05-11 06:48:29.764683,,,,,,80,63,23,18,,,,,,0,,,,,,,,,,,,,,,,,,,,,,,,,,,,,,,,,,,,,,,,,,,,,,,,,,,,,,,,,,,,,,,,,,,,,,,,,,,,,,,,
,,,,,,,,,,,,,Weekly Update,2025-05-11 06:48:29.764683,,,,,,67,42,13,7,,,,,,0,,,,,,,,,,,,,,,,,,,,,,,,,,,,,,,,,,,,,,,,,,,,,,,,,,,,,,,,,,,,,,,,,,,,,,,,,,,,,,,,
,,,,,,,,,,,,,Career Hack Alert,2025-05-11 06:48:29.764683,,,,,,69,44,18,11,,,,,,0,,,,,,,,,,,,,,,,,,,,,,,,,,,,,,,,,,,,,,,,,,,,,,,,,,,,,,,,,,,,,,,,,,,,,,,,,,,,,,,,
,,,,,,,,,,,,,50% Pro Discount,2025-05-11 06:48:29.764683,,,,,,87,69,31,23,,,,,,0,,,,,,,,,,,,,,,,,,,,,,,,,,,,,,,,,,,,,,,,,,,,,,,,,,,,,,,,,,,,,,,,,,,,,,,,,,,,,,,,
,,,,,,,,,,,,,Free Fries Friday,2025-05-11 06:48:29.764683,,,,,,72,37,27,13,,,,,,0,,,,,,,,,,,,,,,,,,,,,,,,,,,,,,,,,,,,,,,,,,,,,,,,,,,,,,,,,,,,,,,,,,,,,,,,,,,,,,,,
,,,,,,,,,,,,,Job Alerts,2025-05-11 06:48:29.764683,,,,,,81,60,23,18,,,,,,0,,,,,,,,,,,,,,,,,,,,,,,,,,,,,,,,,,,,,,,,,,,,,,,,,,,,,,,,,,,,,,,,,,,,,,,,,,,,,,,,
,,,,,,,,,,,,,AI Tips Newsletter,2025-05-11 06:48:29.764683,,,,,,68,50,22,17,,,,,,0,,,,,,,,,,,,,,,,,,,,,,,,,,,,,,,,,,,,,,,,,,,,,,,,,,,,,,,,,,,,,,,,,,,,,,,,,,,,,,,,
,,,,,,,,,,,,,UMD RecWell Notice,2025-05-11 06:48:29.764683,,,,,,66,42,14,7,,,,,,0,,,,,,,,,,,,,,,,,,,,,,,,,,,,,,,,,,,,,,,,,,,,,,,,,,,,,,,,,,,,,,,,,,,,,,,,,,,,,,,,
,,,,,,,,,,,,,AI Tips Newsletter,2025-05-12 06:48:29.764683,,,,,,176,92,54,45,,,,,,0,,,,,,,,,,,,,,,,,,,,,,,,,,,,,,,,,,,,,,,,,,,,,,,,,,,,,,,,,,,,,,,,,,,,,,,,,,,,,,,,
,,,,,,,,,,,,,50% Pro Discount,2025-05-12 06:48:29.764683,,,,,,176,121,47,24,,,,,,0,,,,,,,,,,,,,,,,,,,,,,,,,,,,,,,,,,,,,,,,,,,,,,,,,,,,,,,,,,,,,,,,,,,,,,,,,,,,,,,,
,,,,,,,,,,,,,Job Alerts,2025-05-12 06:48:29.764683,,,,,,162,128,52,46,,,,,,1,,,,,,,,,,,,,,,,,,,,,,,,,,,,,,,,,,,,,,,,,,,,,,,,,,,,,,,,,,,,,,,,,,,,,,,,,,,,,,,,
,,,,,,,,,,,,,Free Fries Friday,2025-05-12 06:48:29.764683,,,,,,163,105,63,56,,,,,,0,,,,,,,,,,,,,,,,,,,,,,,,,,,,,,,,,,,,,,,,,,,,,,,,,,,,,,,,,,,,,,,,,,,,,,,,,,,,,,,,
,,,,,,,,,,,,,UMD RecWell Notice,2025-05-12 06:48:29.764683,,,,,,164,113,50,27,,,,,,0,,,,,,,,,,,,,,,,,,,,,,,,,,,,,,,,,,,,,,,,,,,,,,,,,,,,,,,,,,,,,,,,,,,,,,,,,,,,,,,,
,,,,,,,,,,,,,Weekly Update,2025-05-12 06:48:29.764683,,,,,,137,69,49,32,,,,,,0,,,,,,,,,,,,,,,,,,,,,,,,,,,,,,,,,,,,,,,,,,,,,,,,,,,,,,,,,,,,,,,,,,,,,,,,,,,,,,,,
,,,,,,,,,,,,,Promo Blast,2025-05-12 06:48:29.764683,,,,,,150,92,52,40,,,,,,0,,,,,,,,,,,,,,,,,,,,,,,,,,,,,,,,,,,,,,,,,,,,,,,,,,,,,,,,,,,,,,,,,,,,,,,,,,,,,,,,
,,,,,,,,,,,,,Newsletter,2025-05-12 06:48:29.764683,,,,,,194,102,70,61,,,,,,0,,,,,,,,,,,,,,,,,,,,,,,,,,,,,,,,,,,,,,,,,,,,,,,,,,,,,,,,,,,,,,,,,,,,,,,,,,,,,,,,
,,,,,,,,,,,,,Career Hack Alert,2025-05-12 06:48:29.764683,,,,,,163,94,50,38,,,,,,0,,,,,,,,,,,,,,,,,,,,,,,,,,,,,,,,,,,,,,,,,,,,,,,,,,,,,,,,,,,,,,,,,,,,,,,,,,,,,,,,
,,,,,,,,,,,,,AI Tips Newsletter,2025-05-13 06:48:29.764683,,,,,,150,86,31,16,,,,,,0,,,,,,,,,,,,,,,,,,,,,,,,,,,,,,,,,,,,,,,,,,,,,,,,,,,,,,,,,,,,,,,,,,,,,,,,,,,,,,,,
,,,,,,,,,,,,,Job Alerts,2025-05-13 06:48:29.764683,,,,,,145,91,36,32,,,,,,1,,,,,,,,,,,,,,,,,,,,,,,,,,,,,,,,,,,,,,,,,,,,,,,,,,,,,,,,,,,,,,,,,,,,,,,,,,,,,,,,
,,,,,,,,,,,,,Free Fries Friday,2025-05-13 06:48:29.764683,,,,,,152,115,56,41,,,,,,0,,,,,,,,,,,,,,,,,,,,,,,,,,,,,,,,,,,,,,,,,,,,,,,,,,,,,,,,,,,,,,,,,,,,,,,,,,,,,,,,
,,,,,,,,,,,,,50% Pro Discount,2025-05-13 06:48:29.764683,,,,,,168,103,42,35,,,,,,1,,,,,,,,,,,,,,,,,,,,,,,,,,,,,,,,,,,,,,,,,,,,,,,,,,,,,,,,,,,,,,,,,,,,,,,,,,,,,,,,
,,,,,,,,,,,,,UMD RecWell Notice,2025-05-13 06:48:29.764683,,,,,,147,96,47,39,,,,,,0,,,,,,,,,,,,,,,,,,,,,,,,,,,,,,,,,,,,,,,,,,,,,,,,,,,,,,,,,,,,,,,,,,,,,,,,,,,,,,,,
,,,,,,,,,,,,,Weekly Update,2025-05-13 06:48:29.764683,,,,,,137,90,34,30,,,,,,0,,,,,,,,,,,,,,,,,,,,,,,,,,,,,,,,,,,,,,,,,,,,,,,,,,,,,,,,,,,,,,,,,,,,,,,,,,,,,,,,
,,,,,,,,,,,,,Promo Blast,2025-05-13 06:48:29.764683,,,,,,162,87,61,51,,,,,,0,,,,,,,,,,,,,,,,,,,,,,,,,,,,,,,,,,,,,,,,,,,,,,,,,,,,,,,,,,,,,,,,,,,,,,,,,,,,,,,,
,,,,,,,,,,,,,Newsletter,2025-05-13 06:48:29.764683,,,,,,168,106,37,22,,,,,,0,,,,,,,,,,,,,,,,,,,,,,,,,,,,,,,,,,,,,,,,,,,,,,,,,,,,,,,,,,,,,,,,,,,,,,,,,,,,,,,,
,,,,,,,,,,,,,Career Hack Alert,2025-05-13 06:48:29.764683,,,,,,170,119,56,32,,,,,,0,,,,,,,,,,,,,,,,,,,,,,,,,,,,,,,,,,,,,,,,,,,,,,,,,,,,,,,,,,,,,,,,,,,,,,,,,,,,,,,,
,,,,,,,,,,,,,AI Tips Newsletter,2025-05-14 06:48:29.764683,,,,,,174,122,53,34,,,,,,0,,,,,,,,,,,,,,,,,,,,,,,,,,,,,,,,,,,,,,,,,,,,,,,,,,,,,,,,,,,,,,,,,,,,,,,,,,,,,,,,
,,,,,,,,,,,,,Job Alerts,2025-05-14 06:48:29.764683,,,,,,190,127,73,43,,,,,,1,,,,,,,,,,,,,,,,,,,,,,,,,,,,,,,,,,,,,,,,,,,,,,,,,,,,,,,,,,,,,,,,,,,,,,,,,,,,,,,,
,,,,,,,,,,,,,Free Fries Friday,2025-05-14 06:48:29.764683,,,,,,184,140,45,29,,,,,,0,,,,,,,,,,,,,,,,,,,,,,,,,,,,,,,,,,,,,,,,,,,,,,,,,,,,,,,,,,,,,,,,,,,,,,,,,,,,,,,,
,,,,,,,,,,,,,50% Pro Discount,2025-05-14 06:48:29.764683,,,,,,209,157,45,32,,,,,,0,,,,,,,,,,,,,,,,,,,,,,,,,,,,,,,,,,,,,,,,,,,,,,,,,,,,,,,,,,,,,,,,,,,,,,,,,,,,,,,,
,,,,,,,,,,,,,Weekly Update,2025-05-14 06:48:29.764683,,,,,,196,130,51,31,,,,,,1,,,,,,,,,,,,,,,,,,,,,,,,,,,,,,,,,,,,,,,,,,,,,,,,,,,,,,,,,,,,,,,,,,,,,,,,,,,,,,,,
,,,,,,,,,,,,,Career Hack Alert,2025-05-14 06:48:29.764683,,,,,,210,111,74,56,,,,,,1,,,,,,,,,,,,,,,,,,,,,,,,,,,,,,,,,,,,,,,,,,,,,,,,,,,,,,,,,,,,,,,,,,,,,,,,,,,,,,,,
,,,,,,,,,,,,,Promo Blast,2025-05-14 06:48:29.764683,,,,,,175,90,63,50,,,,,,0,,,,,,,,,,,,,,,,,,,,,,,,,,,,,,,,,,,,,,,,,,,,,,,,,,,,,,,,,,,,,,,,,,,,,,,,,,,,,,,,
,,,,,,,,,,,,,Newsletter,2025-05-14 06:48:29.764683,,,,,,191,127,55,36,,,,,,0,,,,,,,,,,,,,,,,,,,,,,,,,,,,,,,,,,,,,,,,,,,,,,,,,,,,,,,,,,,,,,,,,,,,,,,,,,,,,,,,
,,,,,,,,,,,,,UMD RecWell Notice,2025-05-14 06:48:29.764683,,,,,,219,112,45,26,,,,,,0,,,,,,,,,,,,,,,,,,,,,,,,,,,,,,,,,,,,,,,,,,,,,,,,,,,,,,,,,,,,,,,,,,,,,,,,,,,,,,,,
,,,,,,,,,,,,,AI Tips Newsletter,2025-05-15 06:48:29.764683,,,,,,224,142,85,50,,,,,,0,,,,,,,,,,,,,,,,,,,,,,,,,,,,,,,,,,,,,,,,,,,,,,,,,,,,,,,,,,,,,,,,,,,,,,,,,,,,,,,,
,,,,,,,,,,,,,Job Alerts,2025-05-15 06:48:29.764683,,,,,,198,131,65,45,,,,,,0,,,,,,,,,,,,,,,,,,,,,,,,,,,,,,,,,,,,,,,,,,,,,,,,,,,,,,,,,,,,,,,,,,,,,,,,,,,,,,,,
,,,,,,,,,,,,,Free Fries Friday,2025-05-15 06:48:29.764683,,,,,,193,123,45,37,,,,,,0,,,,,,,,,,,,,,,,,,,,,,,,,,,,,,,,,,,,,,,,,,,,,,,,,,,,,,,,,,,,,,,,,,,,,,,,,,,,,,,,
,,,,,,,,,,,,,50% Pro Discount,2025-05-15 06:48:29.764683,,,,,,202,107,77,47,,,,,,0,,,,,,,,,,,,,,,,,,,,,,,,,,,,,,,,,,,,,,,,,,,,,,,,,,,,,,,,,,,,,,,,,,,,,,,,,,,,,,,,
,,,,,,,,,,,,,UMD RecWell Notice,2025-05-15 06:48:29.764683,,,,,,206,147,79,46,,,,,,0,,,,,,,,,,,,,,,,,,,,,,,,,,,,,,,,,,,,,,,,,,,,,,,,,,,,,,,,,,,,,,,,,,,,,,,,,,,,,,,,
,,,,,,,,,,,,,Weekly Update,2025-05-15 06:48:29.764683,,,,,,195,142,46,37,,,,,,0,,,,,,,,,,,,,,,,,,,,,,,,,,,,,,,,,,,,,,,,,,,,,,,,,,,,,,,,,,,,,,,,,,,,,,,,,,,,,,,,
,,,,,,,,,,,,,Promo Blast,2025-05-15 06:48:29.764683,,,,,,183,136,48,27,,,,,,0,,,,,,,,,,,,,,,,,,,,,,,,,,,,,,,,,,,,,,,,,,,,,,,,,,,,,,,,,,,,,,,,,,,,,,,,,,,,,,,,
,,,,,,,,,,,,,Newsletter,2025-05-15 06:48:29.764683,,,,,,174,124,35,21,,,,,,0,,,,,,,,,,,,,,,,,,,,,,,,,,,,,,,,,,,,,,,,,,,,,,,,,,,,,,,,,,,,,,,,,,,,,,,,,,,,,,,,
,,,,,,,,,,,,,Career Hack Alert,2025-05-15 06:48:29.764683,,,,,,176,106,42,34,,,,,,0,,,,,,,,,,,,,,,,,,,,,,,,,,,,,,,,,,,,,,,,,,,,,,,,,,,,,,,,,,,,,,,,,,,,,,,,,,,,,,,,
,,,,,,,,,,,,,AI Tips Newsletter,2025-05-16 06:48:29.764683,,,,,,195,132,72,62,,,,,,0,,,,,,,,,,,,,,,,,,,,,,,,,,,,,,,,,,,,,,,,,,,,,,,,,,,,,,,,,,,,,,,,,,,,,,,,,,,,,,,,
,,,,,,,,,,,,,Job Alerts,2025-05-16 06:48:29.764683,,,,,,194,110,60,33,,,,,,0,,,,,,,,,,,,,,,,,,,,,,,,,,,,,,,,,,,,,,,,,,,,,,,,,,,,,,,,,,,,,,,,,,,,,,,,,,,,,,,,
,,,,,,,,,,,,,Free Fries Friday,2025-05-16 06:48:29.764683,,,,,,157,102,55,48,,,,,,0,,,,,,,,,,,,,,,,,,,,,,,,,,,,,,,,,,,,,,,,,,,,,,,,,,,,,,,,,,,,,,,,,,,,,,,,,,,,,,,,
,,,,,,,,,,,,,50% Pro Discount,2025-05-16 06:48:29.764683,,,,,,196,116,59,37,,,,,,0,,,,,,,,,,,,,,,,,,,,,,,,,,,,,,,,,,,,,,,,,,,,,,,,,,,,,,,,,,,,,,,,,,,,,,,,,,,,,,,,
,,,,,,,,,,,,,Weekly Update,2025-05-16 06:48:29.764683,,,,,,167,109,34,24,,,,,,1,,,,,,,,,,,,,,,,,,,,,,,,,,,,,,,,,,,,,,,,,,,,,,,,,,,,,,,,,,,,,,,,,,,,,,,,,,,,,,,,
,,,,,,,,,,,,,Career Hack Alert,2025-05-16 06:48:29.764683,,,,,,193,149,72,39,,,,,,0,,,,,,,,,,,,,,,,,,,,,,,,,,,,,,,,,,,,,,,,,,,,,,,,,,,,,,,,,,,,,,,,,,,,,,,,,,,,,,,,
,,,,,,,,,,,,,Promo Blast,2025-05-16 06:48:29.764683,,,,,,181,98,41,27,,,,,,0,,,,,,,,,,,,,,,,,,,,,,,,,,,,,,,,,,,,,,,,,,,,,,,,,,,,,,,,,,,,,,,,,,,,,,,,,,,,,,,,
,,,,,,,,,,,,,Newsletter,2025-05-16 06:48:29.764683,,,,,,187,124,37,28,,,,,,0,,,,,,,,,,,,,,,,,,,,,,,,,,,,,,,,,,,,,,,,,,,,,,,,,,,,,,,,,,,,,,,,,,,,,,,,,,,,,,,,
,,,,,,,,,,,,,UMD RecWell Notice,2025-05-16 06:48:29.764683,,,,,,172,103,48,41,,,,,,0,,,,,,,,,,,,,,,,,,,,,,,,,,,,,,,,,,,,,,,,,,,,,,,,,,,,,,,,,,,,,,,,,,,,,,,,,,,,,,,,
,,,,,,,,,,,,,Job Alerts,2025-05-17 06:48:29.764683,,,,,,60,41,20,15,,,,,,0,,,,,,,,,,,,,,,,,,,,,,,,,,,,,,,,,,,,,,,,,,,,,,,,,,,,,,,,,,,,,,,,,,,,,,,,,,,,,,,,
,,,,,,,,,,,,,Newsletter,2025-05-17 06:48:29.764683,,,,,,54,32,12,9,,,,,,0,,,,,,,,,,,,,,,,,,,,,,,,,,,,,,,,,,,,,,,,,,,,,,,,,,,,,,,,,,,,,,,,,,,,,,,,,,,,,,,,
,,,,,,,,,,,,,Promo Blast,2025-05-17 06:48:29.764683,,,,,,78,62,23,14,,,,,,0,,,,,,,,,,,,,,,,,,,,,,,,,,,,,,,,,,,,,,,,,,,,,,,,,,,,,,,,,,,,,,,,,,,,,,,,,,,,,,,,
,,,,,,,,,,,,,Weekly Update,2025-05-17 06:48:29.764683,,,,,,65,47,16,10,,,,,,0,,,,,,,,,,,,,,,,,,,,,,,,,,,,,,,,,,,,,,,,,,,,,,,,,,,,,,,,,,,,,,,,,,,,,,,,,,,,,,,,
,,,,,,,,,,,,,Career Hack Alert,2025-05-17 06:48:29.764683,,,,,,71,43,26,22,,,,,,1,,,,,,,,,,,,,,,,,,,,,,,,,,,,,,,,,,,,,,,,,,,,,,,,,,,,,,,,,,,,,,,,,,,,,,,,,,,,,,,,
,,,,,,,,,,,,,UMD RecWell Notice,2025-05-17 06:48:29.764683,,,,,,63,46,22,16,,,,,,0,,,,,,,,,,,,,,,,,,,,,,,,,,,,,,,,,,,,,,,,,,,,,,,,,,,,,,,,,,,,,,,,,,,,,,,,,,,,,,,,
,,,,,,,,,,,,,50% Pro Discount,2025-05-17 06:48:29.764683,,,,,,58,39,21,12,,,,,,0,,,,,,,,,,,,,,,,,,,,,,,,,,,,,,,,,,,,,,,,,,,,,,,,,,,,,,,,,,,,,,,,,,,,,,,,,,,,,,,,
,,,,,,,,,,,,,Free Fries Friday,2025-05-17 06:48:29.764683,,,,,,65,32,23,17,,,,,,0,,,,,,,,,,,,,,,,,,,,,,,,,,,,,,,,,,,,,,,,,,,,,,,,,,,,,,,,,,,,,,,,,,,,,,,,,,,,,,,,
,,,,,,,,,,,,,AI Tips Newsletter,2025-05-17 06:48:29.764683,,,,,,52,38,18,13,,,,,,0,,,,,,,,,,,,,,,,,,,,,,,,,,,,,,,,,,,,,,,,,,,,,,,,,,,,,,,,,,,,,,,,,,,,,,,,,,,,,,,,
