timestamp,price_usd,market_cap_usd,price_change_pct
2025-04-20 23:12:26,85013,1687882003766.9912,0.0
2025-04-20 23:13:40,84995,1687882003766.9912,-0.021173232329174674
2025-04-20 23:21:06,85145,1689773637446.7646,0.1764809694687841
2025-04-23 18:09:30,93465,1855860116131.2615,0
2025-04-23 18:10:31,93442,1855860116131.2615,-0.00025
2025-04-23 18:11:31,93442,1855860116131.2615,0.0
2025-04-23 18:12:31,93427,1855860116131.2615,-0.00016
2025-04-23 18:13:32,93413,1854788604084.5671,-0.00015
2025-04-23 18:14:32,93413,1854788604084.5671,0.0
2025-04-23 18:15:32,93361,1854788604084.5671,-0.00056
2025-04-23 18:16:33,93365,1854788604084.5671,4e-05
2025-04-23 18:17:33,93365,1854788604084.5671,0.0
2025-04-23 18:18:33,93385,1853964385466.2139,0.00021
2025-04-23 18:19:34,93390,1853964385466.2139,5e-05
2025-04-23 18:20:34,93390,1853964385466.2139,0.0
2025-04-23 18:21:34,93426,1855004156588.0583,0.00039
2025-04-23 18:22:35,93448,1855004156588.0583,0.00024
2025-04-23 18:23:35,93448,1855004156588.0583,0.0
2025-04-23 18:24:35,93448,1855004156588.0583,0.0
2025-04-23 18:25:35,93448,1855004156588.0583,0.0
2025-04-23 18:26:36,93438,1855028794350.558,-0.00011
2025-04-23 18:27:36,93438,1855028794350.558,0.0
2025-04-23 18:28:36,93459,1855028794350.558,0.00022
2025-04-23 18:29:37,93461,1855711950177.5906,2e-05
2025-04-23 18:30:37,93461,1855711950177.5906,0.0
2025-04-23 18:31:37,93451,1855711950177.5906,-0.00011
2025-04-23 18:32:38,93454,1855711950177.5906,3e-05
2025-04-23 18:32:56,93454,1855711950177.5906,0
2025-04-23 18:33:38,93454,1855711950177.5906,0.0
2025-04-23 18:33:57,93466,1855553696722.917,0.00013
2025-04-23 18:34:38,93466,1855553696722.917,0.00013
2025-04-23 18:34:57,93466,1855553696722.917,0.0
2025-04-23 18:35:38,93485,1855553696722.917,0.0002
2025-04-23 18:35:57,93485,1855553696722.917,0.0002
2025-04-23 18:36:39,93534,1855553696722.917,0.00052
2025-04-23 18:36:57,93534,1855553696722.917,0.00052
2025-04-23 18:37:39,93534,1855553696722.917,0.0
2025-04-23 18:37:58,93571,1857375334763.2295,0.0004
2025-04-23 18:38:39,93571,1857375334763.2295,0.0004
2025-04-23 18:38:58,93571,1857375334763.2295,0.0
2025-04-23 18:39:40,93594,1857375334763.2295,0.00025
2025-04-23 18:39:58,93594,1857375334763.2295,0.00025
2025-04-23 18:40:40,93594,1857375334763.2295,0.0
2025-04-23 18:40:58,93603,1858515407735.7805,0.0001
2025-04-23 18:41:40,93603,1858515407735.7805,0.0001
2025-04-23 18:41:59,93625,1858515407735.7805,0.00024
2025-04-23 18:42:40,93625,1858515407735.7805,0.00024
2025-04-23 18:42:59,93625,1858515407735.7805,0.0
2025-04-23 18:43:41,93645,1858515407735.7805,0.00021
2025-04-23 18:43:59,93645,1858515407735.7805,0.00021
2025-04-23 18:44:41,93645,1858515407735.7805,0.0
2025-04-23 18:45:00,93675,1859921539712.2114,0.00032
2025-04-23 18:45:41,93675,1859921539712.2114,0.00032
2025-04-23 18:46:00,93675,1859921539712.2114,0.0
2025-04-23 18:46:42,93704,1859921539712.2114,0.00031
2025-04-23 18:47:00,93704,1859921539712.2114,0.00031
2025-04-23 18:47:42,93704,1859921539712.2114,0.0
2025-04-23 18:48:00,93716,1859921539712.2114,0.00013
2025-04-23 18:48:42,93716,1859921539712.2114,0.00013
2025-04-23 18:49:01,93739,1861106076507.3254,0.00025
2025-04-23 18:49:42,93739,1861106076507.3254,0.00025
2025-04-23 18:50:01,93739,1861106076507.3254,0.0
2025-04-23 18:50:43,93744,1861106076507.3254,5e-05
2025-04-23 18:51:01,93744,1861106076507.3254,5e-05
2025-04-23 18:51:45,93760,1861106076507.3254,0.00017
2025-04-23 18:52:02,93760,1861106076507.3254,0.00017
2025-04-23 18:52:45,93760,1861106076507.3254,0.0
2025-04-23 18:53:02,93762,1861664554872.5588,2e-05
2025-04-23 18:53:45,93762,1861664554872.5588,2e-05
2025-04-23 18:54:02,93762,1861664554872.5588,0.0
2025-04-23 18:54:45,93767,1861664554872.5588,5e-05
2025-04-23 18:55:03,93767,1861664554872.5588,5e-05
2025-04-23 18:55:46,93765,1861664554872.5588,-2e-05
2025-04-23 18:56:03,93765,1861664554872.5588,-2e-05
2025-04-23 18:56:46,93765,1861664554872.5588,0.0
2025-04-23 18:57:03,93762,1861664554872.5588,-3e-05
2025-04-23 18:57:46,93762,1861664554872.5588,-3e-05
2025-04-23 18:58:03,93762,1861664554872.5588,0.0
2025-04-23 18:58:47,93763,1861679804230.1013,1e-05
2025-04-23 18:59:04,93763,1861679804230.1013,1e-05
2025-04-23 18:59:48,93767,1861679804230.1013,4e-05
2025-04-23 19:00:04,93767,1861679804230.1013,4e-05
2025-04-23 19:00:48,93767,1861679804230.1013,0.0
2025-04-23 19:01:04,93774,1861921668241.5095,7e-05
2025-04-23 19:01:48,93774,1861921668241.5095,7e-05
2025-04-23 19:02:04,93774,1861921668241.5095,0.0
2025-04-23 19:02:49,93776,1861921668241.5095,2e-05
2025-04-23 19:03:05,93776,1861921668241.5095,2e-05
2025-04-23 19:03:49,93776,1861921668241.5095,0.0
2025-04-23 19:04:05,93769,1861921668241.5095,-7e-05
2025-04-23 19:04:49,93769,1861921668241.5095,-7e-05
2025-04-23 19:05:05,93769,1861921668241.5095,0.0
2025-04-23 19:05:50,93759,1861669161951.973,-0.00011
2025-04-23 19:06:05,93759,1861669161951.973,-0.00011
2025-04-23 19:06:50,93759,1861669161951.973,0.0
2025-04-23 19:07:06,93761,1861669161951.973,2e-05
2025-04-23 19:07:50,93761,1861669161951.973,2e-05
2025-04-23 19:08:06,93761,1861669161951.973,0.0
2025-04-23 19:08:50,93785,1861966314541.8518,0.00026
2025-04-23 19:09:06,93785,1861966314541.8518,0.00026
2025-04-23 19:09:51,93813,1861966314541.8518,0.0003
2025-04-23 19:10:06,93813,1861966314541.8518,0.0003
2025-04-23 19:10:51,93813,1861966314541.8518,0.0
2025-04-23 19:11:07,93819,1861966314541.8518,6e-05
2025-04-23 19:11:51,93819,1861966314541.8518,6e-05
2025-04-23 19:12:07,93819,1861966314541.8518,0.0
2025-04-23 19:12:52,93821,1861966314541.8518,2e-05
2025-04-23 19:13:07,93821,1861966314541.8518,2e-05
2025-04-23 19:13:52,93821,1861966314541.8518,0.0
2025-04-23 19:14:07,93824,1862761845664.5857,3e-05
2025-04-23 19:14:52,93824,1862761845664.5857,3e-05
2025-04-23 19:15:08,93836,1862761845664.5857,0.00013
2025-04-23 19:15:52,93836,1862761845664.5857,0.00013
2025-04-23 19:16:08,93836,1862761845664.5857,0.0
2025-04-23 19:16:53,93825,1862761845664.5857,-0.00012
2025-04-23 19:17:08,93825,1862761845664.5857,-0.00012
2025-04-23 19:17:53,93825,1862761845664.5857,0.0
2025-04-23 19:18:09,93797,1862918944764.673,-0.0003
2025-04-23 19:18:53,93797,1862918944764.673,-0.0003
2025-04-23 19:19:09,93797,1862918944764.673,0.0
2025-04-23 19:19:54,93781,1862918944764.673,-0.00017
2025-04-23 19:20:09,93781,1862918944764.673,-0.00017
2025-04-23 19:20:54,93781,1862918944764.673,0.0
2025-04-23 19:21:09,93775,1861922625789.8525,-6e-05
2025-04-23 19:21:55,93775,1861922625789.8525,-6e-05
2025-04-23 19:22:10,93763,1861922625789.8525,-0.00013
2025-04-23 19:22:55,93763,1861922625789.8525,-0.00013
2025-04-23 19:23:10,93763,1861922625789.8525,0.0
2025-04-23 19:23:55,93762,1861922625789.8525,-1e-05
2025-04-23 19:24:10,93762,1861922625789.8525,-1e-05
2025-04-23 19:24:55,93762,1861922625789.8525,0.0
2025-04-23 19:25:11,93770,1861922625789.8525,9e-05
2025-04-23 19:25:56,93770,1861922625789.8525,9e-05
2025-04-23 19:26:11,93770,1861922625789.8525,0.0
2025-04-23 19:26:56,93787,1861999004331.314,0.00018
2025-04-23 19:27:11,93787,1861999004331.314,0.00018
2025-04-23 19:27:56,93787,1861999004331.314,0.0
2025-04-23 19:28:12,93777,1861999004331.314,-0.00011
2025-04-23 19:28:57,93777,1861999004331.314,-0.00011
2025-04-23 19:29:12,93777,1861999004331.314,0.0
2025-04-23 19:29:57,93759,1861900973065.7754,-0.00019
2025-04-23 19:30:12,93759,1861900973065.7754,-0.00019
2025-04-23 19:30:57,93759,1861900973065.7754,0.0
2025-04-23 19:31:12,93758,1861900973065.7754,-1e-05
2025-04-23 19:31:57,93758,1861900973065.7754,-1e-05
2025-04-23 19:32:13,93757,1861900973065.7754,-1e-05
2025-04-23 19:32:58,93757,1861900973065.7754,-1e-05
2025-04-23 19:33:13,93757,1861900973065.7754,0.0
2025-04-23 19:33:58,93743,1861390305598.2637,-0.00015
2025-04-23 19:34:13,93743,1861390305598.2637,-0.00015
2025-04-23 19:34:58,93743,1861390305598.2637,0.0
2025-04-23 19:35:14,93740,1861390305598.2637,-3e-05
2025-04-23 19:35:59,93740,1861390305598.2637,-3e-05
2025-04-23 19:36:14,93740,1861390305598.2637,0.0
2025-04-23 19:36:59,93726,1860962079523.7407,-0.00015
2025-04-23 19:37:14,93726,1860962079523.7407,-0.00015
2025-04-23 19:37:59,93726,1860962079523.7407,0.0
2025-04-23 19:38:15,93703,1860962079523.7407,-0.00025
2025-04-23 19:39:00,93703,1860962079523.7407,-0.00025
2025-04-23 19:39:15,93703,1860962079523.7407,0.0
2025-04-23 19:40:00,93697,1860962079523.7407,-6e-05
2025-04-23 19:40:15,93697,1860962079523.7407,-6e-05
2025-04-23 19:41:00,93697,1860962079523.7407,0.0
2025-04-23 19:41:16,93685,1860323919027.559,-0.00013
2025-04-23 19:42:01,93685,1860323919027.559,-0.00013
2025-04-23 19:42:16,93685,1860323919027.559,0.0
2025-04-23 19:43:01,93664,1860323919027.559,-0.00022
2025-04-23 19:43:16,93664,1860323919027.559,-0.00022
2025-04-23 19:44:01,93664,1860323919027.559,0.0
2025-04-23 19:44:17,93651,1860323919027.559,-0.00014
2025-04-23 19:45:02,93651,1860323919027.559,-0.00014
2025-04-23 19:45:17,93651,1860323919027.559,0.0
2025-04-23 19:46:02,93642,1859331746504.4622,-0.0001
2025-04-23 19:46:17,93642,1859331746504.4622,-0.0001
2025-04-23 19:47:02,93642,1859331746504.4622,0.0
2025-04-23 19:47:17,93641,1859331746504.4622,-1e-05
2025-04-23 19:48:03,93641,1859331746504.4622,-1e-05
2025-04-23 19:48:18,93642,1859331746504.4622,1e-05
2025-04-23 19:49:03,93642,1859331746504.4622,1e-05
2025-04-23 19:49:18,93642,1859331746504.4622,0.0
2025-04-23 19:50:03,93621,1859233398364.266,-0.00022
2025-04-23 19:50:18,93621,1859233398364.266,-0.00022
2025-04-23 19:51:03,93621,1859233398364.266,0.0
2025-04-23 19:51:19,93618,1859233398364.266,-3e-05
2025-04-23 19:52:04,93618,1859233398364.266,-3e-05
2025-04-23 19:52:19,93618,1859233398364.266,0.0
2025-04-23 19:53:04,93614,1859233398364.266,-4e-05
2025-04-23 19:53:19,93614,1859233398364.266,-4e-05
2025-04-23 19:54:04,93614,1859233398364.266,0.0
2025-04-23 19:54:20,93606,1858660302322.256,-9e-05
2025-04-23 19:55:05,93606,1858660302322.256,-9e-05
2025-04-23 19:55:20,93606,1858660302322.256,0.0
2025-04-23 19:56:05,93605,1858660302322.256,-1e-05
2025-04-23 19:56:20,93605,1858660302322.256,-1e-05
2025-04-23 19:57:05,93605,1858660302322.256,0.0
2025-04-23 19:57:20,93618,1858643268245.5742,0.00014
2025-04-23 19:58:06,93618,1858643268245.5742,0.00014
2025-04-23 19:58:21,93628,1858643268245.5742,0.00011
2025-04-23 19:59:06,93628,1858643268245.5742,0.00011
2025-04-23 19:59:21,93628,1858643268245.5742,0.0
2025-04-23 20:00:06,93675,1858643268245.5742,0.0005
2025-04-23 20:00:22,93675,1858643268245.5742,0.0005
2025-04-23 20:01:06,93675,1858643268245.5742,0.0
2025-04-23 20:01:22,93691,1860131775120.3352,0.00017
2025-04-23 20:02:07,93691,1860131775120.3352,0.00017
2025-04-23 20:02:24,93696,1860131775120.3352,5e-05
2025-04-23 20:03:07,93696,1860131775120.3352,5e-05
2025-04-23 20:03:24,93710,1860131775120.3352,0.00015
2025-04-23 20:04:07,93710,1860131775120.3352,0.00015
2025-04-23 20:04:24,93710,1860131775120.3352,0.0
2025-04-23 20:05:07,93717,1860131775120.3352,7e-05
2025-04-23 20:05:25,93717,1860131775120.3352,7e-05
2025-04-23 20:06:08,93674,1860131775120.3352,-0.00046
2025-04-23 20:06:25,93674,1860131775120.3352,-0.00046
2025-04-23 20:07:09,93656,1860131775120.3352,-0.00019
2025-04-23 20:07:25,93656,1860131775120.3352,-0.00019
2025-04-23 20:08:09,93656,1860131775120.3352,0.0
2025-04-23 20:08:25,93644,1860131775120.3352,-0.00013
2025-04-23 20:09:09,93644,1860131775120.3352,-0.00013
2025-04-23 20:09:26,93641,1860131775120.3352,-3e-05
2025-04-23 20:10:09,93641,1860131775120.3352,-3e-05
2025-04-23 20:10:26,93641,1860131775120.3352,0.0
2025-04-23 20:11:10,93626,1860131775120.3352,-0.00016
2025-04-23 20:11:26,93626,1860131775120.3352,-0.00016
2025-04-23 20:12:10,93626,1860131775120.3352,0.0
2025-04-23 20:12:26,93597,1860131775120.3352,-0.00031
2025-04-23 20:13:11,93597,1860131775120.3352,-0.00031
2025-04-23 20:13:27,93584,1858147390145.4116,-0.00014
2025-04-23 20:14:11,93584,1858147390145.4116,-0.00014
2025-04-23 20:14:27,93584,1858147390145.4116,0.0
2025-04-23 20:15:12,93551,1858147390145.4116,-0.00035
2025-04-23 20:15:27,93551,1858147390145.4116,-0.00035
2025-04-23 20:16:12,93538,1858147390145.4116,-0.00014
2025-04-23 20:16:28,93538,1858147390145.4116,-0.00014
2025-04-23 20:17:12,93538,1858147390145.4116,0.0
2025-04-23 20:17:28,93524,1858147390145.4116,-0.00015
2025-04-23 20:18:12,93524,1858147390145.4116,-0.00015
2025-04-23 20:18:28,93524,1858147390145.4116,0.0
2025-04-23 20:19:13,93530,1856939713831.6213,6e-05
2025-04-23 20:19:29,93530,1856939713831.6213,6e-05
2025-04-23 20:20:13,93530,1856939713831.6213,0.0
2025-04-23 20:20:29,93541,1856939713831.6213,0.00012
2025-04-23 20:21:13,93541,1856939713831.6213,0.00012
2025-04-23 20:21:29,93541,1856939713831.6213,0.0
2025-04-23 20:22:14,93561,1857410902950.2837,0.00021
2025-04-23 20:22:29,93561,1857410902950.2837,0.00021
2025-04-23 20:23:14,93561,1857410902950.2837,0.0
2025-04-23 20:23:30,93586,1857410902950.2837,0.00027
2025-04-23 20:24:14,93586,1857410902950.2837,0.00027
2025-04-23 20:24:30,93586,1857410902950.2837,0.0
2025-04-23 20:25:14,93568,1857845638911.334,-0.00019
2025-04-23 20:25:30,93568,1857845638911.334,-0.00019
2025-04-23 20:26:15,93509,1857845638911.334,-0.00063
2025-04-23 20:26:30,93509,1857845638911.334,-0.00063
2025-04-23 20:27:15,93509,1857845638911.334,0.0
2025-04-23 20:27:31,93476,1857845638911.334,-0.00035
2025-04-23 20:28:15,93476,1857845638911.334,-0.00035
2025-04-23 20:28:31,93476,1857845638911.334,0.0
2025-04-23 20:29:16,93440,1855378110829.0442,-0.00039
2025-04-23 20:29:31,93440,1855378110829.0442,-0.00039
2025-04-23 20:30:16,93440,1855378110829.0442,0.0
2025-04-23 20:30:32,93419,1855378110829.0442,-0.00022
2025-04-23 20:31:16,93419,1855378110829.0442,-0.00022
2025-04-23 20:31:32,93419,1855378110829.0442,0.0
2025-04-23 20:32:16,93390,1855378110829.0442,-0.00031
2025-04-23 20:32:32,93390,1855378110829.0442,-0.00031
2025-04-23 20:33:17,93392,1854154927332.083,2e-05
2025-04-23 20:33:33,93392,1854154927332.083,2e-05
2025-04-23 20:34:17,93392,1854154927332.083,0.0
2025-04-23 20:34:33,93394,1854154927332.083,2e-05
2025-04-23 20:35:17,93394,1854154927332.083,2e-05
2025-04-23 20:35:33,93394,1854154927332.083,0.0
2025-04-23 20:36:17,93417,1854154927332.083,0.00025
2025-04-23 20:36:34,93417,1854154927332.083,0.00025
2025-04-23 20:37:18,93443,1855257665259.05,0.00028
2025-04-23 20:37:34,93443,1855257665259.05,0.00028
2025-04-23 20:38:18,93443,1855257665259.05,0.0
2025-04-23 20:38:34,93455,1855257665259.05,0.00013
2025-04-23 20:39:18,93455,1855257665259.05,0.00013
2025-04-23 20:39:34,93455,1855257665259.05,0.0
2025-04-23 20:40:18,93481,1855257665259.05,0.00028
2025-04-23 20:40:35,93481,1855257665259.05,0.00028
2025-04-23 20:41:19,93493,1856248180138.6003,0.00013
2025-04-23 20:41:35,93493,1856248180138.6003,0.00013
2025-04-23 20:42:19,93493,1856248180138.6003,0.0
2025-04-23 20:42:35,93501,1856248180138.6003,9e-05
2025-04-23 20:43:19,93501,1856248180138.6003,9e-05
2025-04-23 20:43:36,93562,1856248180138.6003,0.00065
2025-04-23 20:44:19,93562,1856248180138.6003,0.00065
2025-04-23 20:44:36,93562,1856248180138.6003,0.0
2025-04-23 20:45:20,93571,1857857570949.2249,0.0001
2025-04-23 20:45:36,93571,1857857570949.2249,0.0001
2025-04-23 20:46:20,93571,1857857570949.2249,0.0
2025-04-23 20:46:36,93582,1857857570949.2249,0.00012
2025-04-23 20:47:20,93582,1857857570949.2249,0.00012
2025-04-23 20:47:37,93591,1857857570949.2249,0.0001
2025-04-23 20:48:21,93591,1857857570949.2249,0.0001
2025-04-23 20:48:37,93591,1857857570949.2249,0.0
2025-04-23 20:49:21,93620,1857857570949.2249,0.00031
2025-04-23 20:49:37,93620,1857857570949.2249,0.00031
2025-04-23 20:50:21,93620,1857857570949.2249,0.0
2025-04-23 20:50:37,93606,1858837083928.688,-0.00015
2025-04-23 20:51:22,93606,1858837083928.688,-0.00015
2025-04-23 20:51:38,93571,1858837083928.688,-0.00037
2025-04-23 20:52:22,93571,1858837083928.688,-0.00037
2025-04-23 20:52:38,93571,1858837083928.688,0.0
2025-04-23 20:53:22,93534,1857242594878.155,-0.0004
2025-04-23 20:53:38,93534,1857242594878.155,-0.0004
2025-04-23 20:54:22,93534,1857242594878.155,0.0
2025-04-23 20:54:39,93525,1857242594878.155,-0.0001
2025-04-23 20:55:23,93525,1857242594878.155,-0.0001
2025-04-23 20:55:39,93525,1857242594878.155,0.0
2025-04-23 20:56:23,93509,1857242594878.155,-0.00017
2025-04-23 20:56:40,93509,1857242594878.155,-0.00017
2025-04-23 20:57:24,93509,1857242594878.155,0.0
2025-04-23 20:57:40,93498,1856608743127.941,-0.00012
2025-04-23 20:58:24,93498,1856608743127.941,-0.00012
2025-04-23 20:58:40,93498,1856608743127.941,0.0
2025-04-23 20:59:24,93460,1856608743127.941,-0.00041
2025-04-23 20:59:41,93460,1856608743127.941,-0.00041
2025-04-23 21:00:24,93460,1856608743127.941,0.0
2025-04-23 21:00:41,93448,1855549933637.4976,-0.00013
2025-04-23 21:01:25,93448,1855549933637.4976,-0.00013
2025-04-23 21:01:41,93448,1855549933637.4976,0.0
2025-04-23 21:02:25,93433,1855549933637.4976,-0.00016
2025-04-23 21:02:41,93433,1855549933637.4976,-0.00016
2025-04-23 21:03:25,93433,1855549933637.4976,0.0
2025-04-23 21:03:42,93425,1855549933637.4976,-9e-05
2025-04-23 21:04:25,93425,1855549933637.4976,-9e-05
2025-04-23 21:04:42,93425,1855549933637.4976,0.0
2025-04-23 21:05:26,93393,1855549933637.4976,-0.00034
2025-04-23 21:05:42,93393,1855549933637.4976,-0.00034
2025-04-23 21:06:26,93393,1855549933637.4976,0.0
2025-04-23 21:06:43,93401,1854348635227.467,9e-05
2025-04-23 21:07:26,93401,1854348635227.467,9e-05
2025-04-23 21:07:43,93401,1854348635227.467,0.0
2025-04-23 21:08:26,93427,1854348635227.467,0.00028
2025-04-23 21:08:43,93427,1854348635227.467,0.00028
2025-04-23 21:09:27,93437,1854348635227.467,0.00011
2025-04-23 21:09:43,93437,1854348635227.467,0.00011
2025-04-23 21:10:27,93437,1854348635227.467,0.0
2025-04-23 21:10:44,93465,1855212739964.2676,0.0003
2025-04-23 21:11:28,93465,1855212739964.2676,0.0003
2025-04-23 21:11:44,93465,1855212739964.2676,0.0
2025-04-23 21:12:28,93467,1855212739964.2676,2e-05
2025-04-23 21:12:44,93467,1855212739964.2676,2e-05
2025-04-23 21:13:28,93467,1855212739964.2676,0.0
2025-04-23 21:13:45,93466,1855782116935.2983,-1e-05
2025-04-23 21:14:29,93466,1855782116935.2983,-1e-05
2025-04-23 21:14:45,93466,1855782116935.2983,0.0
2025-04-23 21:15:29,93393,1855782116935.2983,-0.00078
2025-04-23 21:15:46,93393,1855782116935.2983,-0.00078
2025-04-23 21:16:29,93393,1855782116935.2983,0.0
2025-04-23 21:16:46,93372,1855782116935.2983,-0.00022
2025-04-23 21:17:29,93372,1855782116935.2983,-0.00022
2025-04-23 21:17:46,93372,1855782116935.2983,0.0
2025-04-23 21:18:30,93343,1853631926436.6948,-0.00031
2025-04-23 21:18:47,93343,1853631926436.6948,-0.00031
2025-04-23 21:19:30,93343,1853631926436.6948,0.0
2025-04-23 21:19:47,93235,1853631926436.6948,-0.00116
2025-04-23 21:20:30,93235,1853631926436.6948,-0.00116
2025-04-23 21:20:47,93235,1853631926436.6948,0.0
2025-04-23 21:21:31,93238,1851357695039.313,3e-05
2025-04-23 21:21:47,93238,1851357695039.313,3e-05
2025-04-23 21:22:31,93238,1851357695039.313,0.0
2025-04-23 21:22:48,93226,1851357695039.313,-0.00013
2025-04-23 21:23:31,93226,1851357695039.313,-0.00013
2025-04-23 21:23:49,93210,1851357695039.313,-0.00017
2025-04-23 21:24:32,93210,1851357695039.313,-0.00017
2025-04-23 21:24:49,93210,1851357695039.313,0.0
2025-04-23 21:25:32,93197,1851357695039.313,-0.00014
2025-04-23 21:25:50,93197,1851357695039.313,-0.00014
2025-04-23 21:26:32,93197,1851357695039.313,0.0
2025-04-23 21:26:50,93190,1850462141335.6218,-8e-05
2025-04-23 21:27:33,93190,1850462141335.6218,-8e-05
2025-04-23 21:27:50,93190,1850462141335.6218,0.0
2025-04-23 21:28:33,93203,1850462141335.6218,0.00014
2025-04-23 21:28:50,93203,1850462141335.6218,0.00014
2025-04-23 21:29:33,93203,1850462141335.6218,0.0
2025-04-23 21:29:51,93222,1850568927139.3962,0.0002
2025-04-23 21:30:33,93222,1850568927139.3962,0.0002
2025-04-23 21:30:51,93222,1850568927139.3962,0.0
2025-04-23 21:31:34,93247,1850568927139.3962,0.00027
2025-04-23 21:31:51,93247,1850568927139.3962,0.00027
2025-04-23 21:32:34,93247,1850568927139.3962,0.0
2025-04-23 21:32:52,93264,1851777519933.3384,0.00018
2025-04-23 21:33:34,93264,1851777519933.3384,0.00018
2025-04-23 21:33:52,93264,1851777519933.3384,0.0
2025-04-23 21:34:35,93292,1851777519933.3384,0.0003
2025-04-23 21:34:52,93292,1851777519933.3384,0.0003
2025-04-23 21:35:35,93292,1851777519933.3384,0.0
2025-04-23 21:35:53,93294,1851777519933.3384,2e-05
2025-04-23 21:36:35,93294,1851777519933.3384,2e-05
2025-04-23 21:36:53,93294,1851777519933.3384,0.0
2025-04-23 21:37:35,93305,1852424775396.8372,0.00012
2025-04-23 21:37:53,93305,1852424775396.8372,0.00012
2025-04-23 21:38:36,93307,1852424775396.8372,2e-05
2025-04-23 21:38:53,93307,1852424775396.8372,2e-05
2025-04-23 21:39:36,93307,1852424775396.8372,0.0
2025-04-23 21:39:54,93330,1852424775396.8372,0.00025
2025-04-23 21:40:36,93330,1852424775396.8372,0.00025
2025-04-23 21:40:54,93330,1852424775396.8372,0.0
2025-04-23 21:41:36,93354,1853001451847.252,0.00026
2025-04-23 21:41:54,93354,1853001451847.252,0.00026
2025-04-23 21:42:37,93353,1853001451847.252,-1e-05
2025-04-23 21:42:55,93353,1853001451847.252,-1e-05
2025-04-23 21:43:37,93353,1853001451847.252,0.0
2025-04-23 21:43:55,93365,1853001451847.252,0.00013
2025-04-23 21:44:37,93365,1853001451847.252,0.00013
2025-04-23 21:44:55,93365,1853001451847.252,0.0
2025-04-23 21:45:38,93416,1854578925114.8306,0.00055
2025-04-23 21:45:56,93416,1854578925114.8306,0.00055
2025-04-23 21:46:38,93416,1854578925114.8306,0.0
2025-04-23 21:46:56,93424,1854578925114.8306,9e-05
2025-04-23 21:47:38,93424,1854578925114.8306,9e-05
2025-04-23 21:47:56,93424,1854578925114.8306,0.0
2025-04-23 21:48:38,93414,1854578925114.8306,-0.00011
2025-04-23 21:48:56,93414,1854578925114.8306,-0.00011
2025-04-23 21:49:39,93420,1854527435223.402,6e-05
2025-04-23 21:49:57,93420,1854527435223.402,6e-05
2025-04-23 21:50:39,93420,1854527435223.402,0.0
2025-04-23 21:50:57,93454,1854527435223.402,0.00036
2025-04-23 21:51:39,93454,1854527435223.402,0.00036
2025-04-23 21:51:57,93454,1854527435223.402,0.0
2025-04-23 21:52:40,93458,1854527435223.402,4e-05
2025-04-23 21:52:58,93458,1854527435223.402,4e-05
2025-04-23 21:53:40,93458,1854527435223.402,0.0
2025-04-23 21:53:58,93462,1855647621304.174,4e-05
2025-04-23 21:54:40,93462,1855647621304.174,4e-05
2025-04-23 21:54:58,93470,1855647621304.174,9e-05
2025-04-23 21:55:41,93470,1855647621304.174,9e-05
2025-04-23 21:55:58,93470,1855647621304.174,0.0
2025-04-23 21:56:41,93495,1855647621304.174,0.00027
2025-04-23 21:56:59,93495,1855647621304.174,0.00027
2025-04-23 21:57:41,93495,1855647621304.174,0.0
2025-04-23 21:57:59,93520,1856367929839.5432,0.00027
2025-04-23 21:58:42,93520,1856367929839.5432,0.00027
2025-04-23 21:58:59,93520,1856367929839.5432,0.0
2025-04-23 21:59:42,93519,1856367929839.5432,-1e-05
2025-04-23 22:00:00,93519,1856367929839.5432,-1e-05
2025-04-23 22:00:42,93519,1856367929839.5432,0.0
2025-04-23 22:01:00,93542,1857313198799.906,0.00025
2025-04-23 22:01:42,93542,1857313198799.906,0.00025
2025-04-23 22:02:00,93542,1857313198799.906,0.0
2025-04-23 22:02:43,93561,1857313198799.906,0.0002
2025-04-23 22:03:00,93561,1857313198799.906,0.0002
2025-04-23 22:03:43,93561,1857313198799.906,0.0
2025-04-23 22:04:01,93520,1857313198799.906,-0.00044
2025-04-23 22:04:43,93520,1857313198799.906,-0.00044
2025-04-23 22:05:01,93520,1857313198799.906,0.0
2025-04-23 22:05:44,93495,1856387330257.8762,-0.00027
2025-04-23 22:06:01,93495,1856387330257.8762,-0.00027
2025-04-23 22:06:44,93495,1856387330257.8762,0.0
2025-04-23 22:07:02,93495,1856387330257.8762,0.0
2025-04-23 22:07:44,93495,1856387330257.8762,0.0
2025-04-23 22:08:02,93495,1856387330257.8762,0.0
2025-04-23 22:08:45,93461,1855691554788.2693,-0.00036
2025-04-23 22:09:02,93461,1855691554788.2693,-0.00036
2025-04-23 22:09:45,93461,1855691554788.2693,0.0
2025-04-23 22:10:03,93453,1855691554788.2693,-9e-05
2025-04-23 22:10:45,93453,1855691554788.2693,-9e-05
2025-04-23 22:11:03,93453,1855691554788.2693,0.0
2025-04-23 22:11:46,93462,1855691554788.2693,0.0001
2025-04-23 22:12:03,93462,1855691554788.2693,0.0001
2025-04-23 22:12:46,93462,1855691554788.2693,0.0
2025-04-23 22:13:04,93470,1855882607862.3154,9e-05
2025-04-23 22:13:46,93470,1855882607862.3154,9e-05
2025-04-23 22:14:04,93470,1855882607862.3154,0.0
2025-04-23 22:14:46,93493,1855882607862.3154,0.00025
2025-04-23 22:15:04,93493,1855882607862.3154,0.00025
2025-04-23 22:15:47,93510,1855882607862.3154,0.00018
2025-04-23 22:16:05,93510,1855882607862.3154,0.00018
2025-04-23 22:16:47,93510,1855882607862.3154,0.0
2025-04-23 22:17:05,93539,1855882607862.3154,0.00031
2025-04-23 22:17:47,93539,1855882607862.3154,0.00031
2025-04-23 22:18:05,93539,1855882607862.3154,0.0
2025-04-23 22:18:47,93616,1857394305126.7544,0.00082
2025-04-23 22:19:05,93616,1857394305126.7544,0.00082
2025-04-23 22:19:48,93605,1857394305126.7544,-0.00012
2025-04-23 22:20:06,93605,1857394305126.7544,-0.00012
2025-04-23 22:20:48,93605,1857394305126.7544,0.0
2025-04-23 22:21:06,93561,1857675386387.8428,-0.00047
2025-04-23 22:21:48,93561,1857675386387.8428,-0.00047
2025-04-23 22:22:06,93561,1857675386387.8428,0.0
2025-04-23 22:22:49,93564,1857675386387.8428,3e-05
2025-04-23 22:23:07,93564,1857675386387.8428,3e-05
2025-04-23 22:23:49,93564,1857675386387.8428,0.0
2025-04-23 22:24:07,93532,1857675386387.8428,-0.00034
2025-04-23 22:24:49,93532,1857675386387.8428,-0.00034
2025-04-23 22:25:07,93532,1857675386387.8428,0.0
2025-04-23 22:25:50,93488,1856541770113.3337,-0.00047
2025-04-23 22:26:07,93488,1856541770113.3337,-0.00047
2025-04-23 22:26:50,93488,1856541770113.3337,0.0
2025-04-23 22:27:08,93463,1856541770113.3337,-0.00027
2025-04-23 22:27:50,93463,1856541770113.3337,-0.00027
2025-04-23 22:28:08,93463,1856541770113.3337,0.0
2025-04-23 22:28:51,93489,1856260227641.4548,0.00028
2025-04-23 22:29:08,93489,1856260227641.4548,0.00028
2025-04-23 22:29:51,93489,1856260227641.4548,0.0
2025-04-23 22:30:09,93495,1856260227641.4548,6e-05
2025-04-23 22:30:51,93495,1856260227641.4548,6e-05
2025-04-23 22:31:09,93495,1856260227641.4548,0.0
2025-04-23 22:31:51,93499,1856260227641.4548,4e-05
2025-04-23 22:32:09,93499,1856260227641.4548,4e-05
2025-04-23 22:32:52,93515,1856260227641.4548,0.00017
2025-04-23 22:33:11,93515,1856260227641.4548,0.00017
2025-04-23 22:33:52,93515,1856260227641.4548,0.0
2025-04-23 22:34:11,93515,1856769729693.2546,0.0
2025-04-23 22:34:52,93515,1856769729693.2546,0.0
2025-04-23 22:35:11,93515,1856769729693.2546,0.0
2025-04-23 22:35:53,93514,1856769729693.2546,-1e-05
2025-04-23 22:36:12,93514,1856769729693.2546,-1e-05
2025-04-23 22:36:53,93514,1856769729693.2546,0.0
2025-04-23 22:37:12,93504,1856549463433.2996,-0.00011
2025-04-23 22:37:53,93504,1856549463433.2996,-0.00011
2025-04-23 22:38:12,93504,1856549463433.2996,0.0
2025-04-23 22:38:54,93466,1856549463433.2996,-0.00041
2025-04-23 22:39:13,93466,1856549463433.2996,-0.00041
2025-04-23 22:39:54,93466,1856549463433.2996,0.0
2025-04-23 22:40:13,93469,1855805641860.0908,3e-05
2025-04-23 22:40:54,93469,1855805641860.0908,3e-05
2025-04-23 22:41:13,93469,1855805641860.0908,0.0
2025-04-23 22:41:54,93462,1855805641860.0908,-7e-05
2025-04-23 22:42:14,93462,1855805641860.0908,-7e-05
2025-04-23 22:42:55,93439,1855805641860.0908,-0.00025
2025-04-23 22:43:14,93439,1855805641860.0908,-0.00025
2025-04-23 22:43:55,93439,1855805641860.0908,0.0
2025-04-23 22:44:14,93433,1855138844869.418,-6e-05
2025-04-23 22:44:55,93433,1855138844869.418,-6e-05
2025-04-23 22:45:15,93385,1855138844869.418,-0.00051
2025-04-23 22:45:56,93385,1855138844869.418,-0.00051
2025-04-23 22:46:15,93385,1855138844869.418,0.0
2025-04-23 22:46:56,93358,1855138844869.418,-0.00029
2025-04-23 22:47:15,93358,1855138844869.418,-0.00029
2025-04-23 22:47:56,93358,1855138844869.418,0.0
2025-04-23 22:48:15,93357,1853638985356.5222,-1e-05
2025-04-23 22:48:56,93357,1853638985356.5222,-1e-05
2025-04-23 22:49:16,93359,1853638985356.5222,2e-05
2025-04-23 22:49:57,93359,1853638985356.5222,2e-05
2025-04-23 22:50:16,93359,1853638985356.5222,0.0
2025-04-23 22:50:57,93281,1853175397574.3767,-0.00084
2025-04-23 22:51:16,93281,1853175397574.3767,-0.00084
2025-04-23 22:51:58,93267,1853175397574.3767,-0.00015
2025-04-23 22:52:17,93267,1853175397574.3767,-0.00015
2025-04-23 22:52:58,93267,1853175397574.3767,0.0
2025-04-23 22:53:17,93243,1851466084394.3098,-0.00026
2025-04-23 22:53:58,93243,1851466084394.3098,-0.00026
2025-04-23 22:54:17,93243,1851466084394.3098,0.0
2025-04-23 22:54:58,93239,1851466084394.3098,-4e-05
2025-04-23 22:55:17,93239,1851466084394.3098,-4e-05
2025-04-23 22:55:59,93230,1851466084394.3098,-0.0001
2025-04-23 22:56:18,93230,1851466084394.3098,-0.0001
2025-04-23 22:56:59,93230,1851466084394.3098,0.0
2025-04-23 22:57:18,93228,1851108767288.495,-2e-05
2025-04-23 22:57:59,93228,1851108767288.495,-2e-05
2025-04-23 22:58:18,93228,1851108767288.495,0.0
2025-04-23 22:58:59,93185,1851108767288.495,-0.00046
2025-04-23 22:59:19,93185,1851108767288.495,-0.00046
2025-04-23 23:00:00,93176,1850217369170.2444,-0.0001
2025-04-23 23:00:19,93176,1850217369170.2444,-0.0001
2025-04-23 23:01:00,93176,1850217369170.2444,0.0
2025-04-23 23:01:19,93173,1850217369170.2444,-3e-05
2025-04-23 23:02:00,93173,1850217369170.2444,-3e-05
2025-04-23 23:02:20,93173,1850217369170.2444,0.0
2025-04-23 23:03:01,93193,1850217369170.2444,0.00021
2025-04-23 23:03:20,93193,1850217369170.2444,0.00021
2025-04-23 23:04:01,93193,1850217369170.2444,0.0
2025-04-23 23:04:20,93198,1850377776661.0752,5e-05
2025-04-23 23:05:01,93198,1850377776661.0752,5e-05
2025-04-23 23:05:21,93178,1850377776661.0752,-0.00021
2025-04-23 23:06:02,93178,1850377776661.0752,-0.00021
2025-04-23 23:06:21,93178,1850377776661.0752,0.0
2025-04-23 23:07:02,93178,1850050714547.6091,0.0
2025-04-23 23:07:22,93178,1850050714547.6091,0.0
2025-04-23 23:08:02,93178,1850050714547.6091,0.0
2025-04-23 23:08:22,93177,1850050714547.6091,-1e-05
2025-04-23 23:09:02,93177,1850050714547.6091,-1e-05
2025-04-23 23:09:22,93177,1850050714547.6091,0.0
2025-04-23 23:10:03,93240,1850050714547.6091,0.00068
2025-04-23 23:10:22,93240,1850050714547.6091,0.00068
2025-04-23 23:11:03,93240,1850050714547.6091,0.0
2025-04-23 23:11:23,93259,1851312777856.3499,0.0002
2025-04-23 23:12:03,93259,1851312777856.3499,0.0002
2025-04-23 23:12:23,93259,1851312777856.3499,0.0
2025-04-23 23:13:04,93243,1851312777856.3499,-0.00017
2025-04-23 23:13:23,93243,1851312777856.3499,-0.00017
2025-04-23 23:14:04,93243,1851312777856.3499,0.0
2025-04-23 23:14:24,93243,1851374854609.625,0.0
2025-04-23 23:15:04,93243,1851374854609.625,0.0
2025-04-23 23:15:24,93243,1851374854609.625,0.0
2025-04-23 23:16:05,93237,1851374854609.625,-6e-05
2025-04-23 23:16:24,93237,1851374854609.625,-6e-05
2025-04-23 23:17:25,93216,1850988447639.4722,-0.00023
2025-04-23 23:18:25,93216,1850988447639.4722,0.0
2025-04-23 23:19:26,93210,1850988447639.4722,-6e-05
2025-04-23 23:20:26,93210,1850988447639.4722,0.0
2025-04-23 23:21:26,93202,1850988447639.4722,-9e-05
2025-04-23 23:22:26,93202,1850988447639.4722,0.0
2025-04-23 23:23:27,93237,1850564766014.784,0.00038
2025-04-23 23:24:27,93237,1850564766014.784,0.0
2025-04-23 23:25:28,93238,1850564766014.784,1e-05
